source_category_id,target_category_id,relation,evidence
category:52b69d58ca7f96f8,category:464699df8a939649,RELATED_LINK,data\raw\zara\discovery\1066.json
category:52b69d58ca7f96f8,category:0a70d2e37392985f,RELATED_LINK,data\raw\zara\discovery\1066.json
category:52b69d58ca7f96f8,category:e51c9cb6e9106f5d,RELATED_LINK,data\raw\zara\discovery\1066.json
category:52b69d58ca7f96f8,category:2296093622c90fd2,RELATED_LINK,data\raw\zara\discovery\1066.json
category:52b69d58ca7f96f8,category:91c60a1489d05f0a,RELATED_LINK,data\raw\zara\discovery\1066.json
category:52b69d58ca7f96f8,category:222e1aa5c830d324,RELATED_LINK,data\raw\zara\discovery\1066.json
category:52b69d58ca7f96f8,category:d46328f1a84f9f10,RELATED_LINK,data\raw\zara\discovery\1066.json
category:52b69d58ca7f96f8,category:2ef8a2ef6481daa9,RELATED_LINK,data\raw\zara\discovery\1066.json
category:52b69d58ca7f96f8,category:f9f047510caa478d,RELATED_LINK,data\raw\zara\discovery\1066.json
category:52b69d58ca7f96f8,category:0e2a2b2a987a96bd,RELATED_LINK,data\raw\zara\discovery\1066.json
category:52b69d58ca7f96f8,category:64745c5b2e6e09de,RELATED_LINK,data\raw\zara\discovery\1066.json
category:52b69d58ca7f96f8,category:cc79f9caaccdccb9,RELATED_LINK,data\raw\zara\discovery\1066.json
category:52b69d58ca7f96f8,category:68a78d69fc6bab3a,RELATED_LINK,data\raw\zara\discovery\1066.json
category:52b69d58ca7f96f8,category:7563a9dd369e86fb,RELATED_LINK,data\raw\zara\discovery\1066.json
category:52b69d58ca7f96f8,category:4c4e00e79769d251,RELATED_LINK,data\raw\zara\discovery\1066.json
category:52b69d58ca7f96f8,category:5c28c37318e0ff3f,RELATED_LINK,data\raw\zara\discovery\1066.json
category:52b69d58ca7f96f8,category:65558b559bf9adca,RELATED_LINK,data\raw\zara\discovery\1066.json
category:52b69d58ca7f96f8,category:fa185dbac1392639,RELATED_LINK,data\raw\zara\discovery\1066.json
category:52b69d58ca7f96f8,category:e9ed71d4d4a95cb5,RELATED_LINK,data\raw\zara\discovery\1066.json
category:52b69d58ca7f96f8,category:4e9a71c976e64e37,RELATED_LINK,data\raw\zara\discovery\1066.json
category:52b69d58ca7f96f8,category:a215e0866fd34050,RELATED_LINK,data\raw\zara\discovery\1066.json
category:52b69d58ca7f96f8,category:6387f930e468d9cb,RELATED_LINK,data\raw\zara\discovery\1066.json
category:52b69d58ca7f96f8,category:a6e302e156ac1097,RELATED_LINK,data\raw\zara\discovery\1066.json
category:52b69d58ca7f96f8,category:64d01931fe0abb82,RELATED_LINK,data\raw\zara\discovery\1066.json
category:52b69d58ca7f96f8,category:7391a3e0b5b42dfa,RELATED_LINK,data\raw\zara\discovery\1066.json
category:52b69d58ca7f96f8,category:8fc10bc70c613e8e,RELATED_LINK,data\raw\zara\discovery\1066.json
category:52b69d58ca7f96f8,category:7cd2565cc7e05d9b,RELATED_LINK,data\raw\zara\discovery\1066.json
category:52b69d58ca7f96f8,category:818fcbcbe8d65de0,RELATED_LINK,data\raw\zara\discovery\1066.json
category:52b69d58ca7f96f8,category:53b84339665a9b39,RELATED_LINK,data\raw\zara\discovery\1066.json
category:52b69d58ca7f96f8,category:9c7eb7535df83c28,RELATED_LINK,data\raw\zara\discovery\1066.json
category:52b69d58ca7f96f8,category:7850948038e4d38f,RELATED_LINK,data\raw\zara\discovery\1066.json
category:52b69d58ca7f96f8,category:2438deeeeb6becbe,RELATED_LINK,data\raw\zara\discovery\1066.json
category:52b69d58ca7f96f8,category:34ff1322c9dfb87c,RELATED_LINK,data\raw\zara\discovery\1066.json
category:52b69d58ca7f96f8,category:1577d9ca51248540,RELATED_LINK,data\raw\zara\discovery\1066.json
category:52b69d58ca7f96f8,category:e49914715b6054c8,RELATED_LINK,data\raw\zara\discovery\1066.json
category:52b69d58ca7f96f8,category:a11f999715622dcd,RELATED_LINK,data\raw\zara\discovery\1066.json
category:52b69d58ca7f96f8,category:e0c0f65966a3cfb7,RELATED_LINK,data\raw\zara\discovery\1066.json
category:52b69d58ca7f96f8,category:f82cad1a60228624,RELATED_LINK,data\raw\zara\discovery\1066.json
category:52b69d58ca7f96f8,category:7ffc0c8eb7d65aa1,RELATED_LINK,data\raw\zara\discovery\1066.json
category:52b69d58ca7f96f8,category:91eed39f94687279,RELATED_LINK,data\raw\zara\discovery\1066.json
category:52b69d58ca7f96f8,category:44724d4907719577,RELATED_LINK,data\raw\zara\discovery\1066.json
category:52b69d58ca7f96f8,category:2634ed82f09a34bf,RELATED_LINK,data\raw\zara\discovery\1066.json
category:52b69d58ca7f96f8,category:1a1578172e811de5,RELATED_LINK,data\raw\zara\discovery\1066.json
category:52b69d58ca7f96f8,category:e710587cc6cda81d,RELATED_LINK,data\raw\zara\discovery\1066.json
category:52b69d58ca7f96f8,category:7b58f84a597af287,RELATED_LINK,data\raw\zara\discovery\1066.json
category:52b69d58ca7f96f8,category:e01cac5391962885,RELATED_LINK,data\raw\zara\discovery\1066.json
category:52b69d58ca7f96f8,category:e1b51bf9917737ad,RELATED_LINK,data\raw\zara\discovery\1066.json
category:52b69d58ca7f96f8,category:226aa6d3141056db,RELATED_LINK,data\raw\zara\discovery\1066.json
category:52b69d58ca7f96f8,category:c1a5a483a4ee270a,RELATED_LINK,data\raw\zara\discovery\1066.json
category:52b69d58ca7f96f8,category:4cf87df61285f561,RELATED_LINK,data\raw\zara\discovery\1066.json
category:52b69d58ca7f96f8,category:b8df1c8b29bf16e0,RELATED_LINK,data\raw\zara\discovery\1066.json
category:52b69d58ca7f96f8,category:809b3ec7006ada2a,RELATED_LINK,data\raw\zara\discovery\1066.json
category:52b69d58ca7f96f8,category:99b907c82d0f8281,RELATED_LINK,data\raw\zara\discovery\1066.json
category:52b69d58ca7f96f8,category:f4705897ce29dd97,RELATED_LINK,data\raw\zara\discovery\1066.json
category:52b69d58ca7f96f8,category:6acb4cecab5bd40b,RELATED_LINK,data\raw\zara\discovery\1066.json
category:52b69d58ca7f96f8,category:a2d4d5e4ce72ebdf,RELATED_LINK,data\raw\zara\discovery\1066.json
category:52b69d58ca7f96f8,category:1c8b54f824e6b590,RELATED_LINK,data\raw\zara\discovery\1066.json
category:52b69d58ca7f96f8,category:0f885743c37f71b5,RELATED_LINK,data\raw\zara\discovery\1066.json
category:52b69d58ca7f96f8,category:e6c8a801356aa473,RELATED_LINK,data\raw\zara\discovery\1066.json
category:52b69d58ca7f96f8,category:e4761a6b53252c81,RELATED_LINK,data\raw\zara\discovery\1066.json
category:52b69d58ca7f96f8,category:3a6384189dddd9af,RELATED_LINK,data\raw\zara\discovery\1066.json
category:52b69d58ca7f96f8,category:3dc38717debb58d8,RELATED_LINK,data\raw\zara\discovery\1066.json
category:52b69d58ca7f96f8,category:1c40e266ce64744c,RELATED_LINK,data\raw\zara\discovery\1066.json
category:52b69d58ca7f96f8,category:4854c1f606e69762,RELATED_LINK,data\raw\zara\discovery\1066.json
category:52b69d58ca7f96f8,category:73f12401e4ca5fa4,RELATED_LINK,data\raw\zara\discovery\1066.json
category:52b69d58ca7f96f8,category:6ce35cae5beebbbb,RELATED_LINK,data\raw\zara\discovery\1066.json
category:52b69d58ca7f96f8,category:fed448c9654829cf,RELATED_LINK,data\raw\zara\discovery\1066.json
category:52b69d58ca7f96f8,category:af98b2942298a109,RELATED_LINK,data\raw\zara\discovery\1066.json
category:52b69d58ca7f96f8,category:a7edc4b57835246b,RELATED_LINK,data\raw\zara\discovery\1066.json
category:52b69d58ca7f96f8,category:89ede178a7c82816,RELATED_LINK,data\raw\zara\discovery\1066.json
category:52b69d58ca7f96f8,category:c2f9492ee0186589,RELATED_LINK,data\raw\zara\discovery\1066.json
category:52b69d58ca7f96f8,category:cced915010a7c2b5,RELATED_LINK,data\raw\zara\discovery\1066.json
category:52b69d58ca7f96f8,category:46c737fef66a26fc,RELATED_LINK,data\raw\zara\discovery\1066.json
category:52b69d58ca7f96f8,category:9b781a9a1bfcd5e0,RELATED_LINK,data\raw\zara\discovery\1066.json
category:52b69d58ca7f96f8,category:84dd8a7f9eae0a19,RELATED_LINK,data\raw\zara\discovery\1066.json
category:52b69d58ca7f96f8,category:b939226442dfa216,RELATED_LINK,data\raw\zara\discovery\1066.json
category:52b69d58ca7f96f8,category:0a7bb9e167179e59,RELATED_LINK,data\raw\zara\discovery\1066.json
category:52b69d58ca7f96f8,category:6ca85004c25663fc,RELATED_LINK,data\raw\zara\discovery\1066.json
category:52b69d58ca7f96f8,category:d3c6a487cf06468b,RELATED_LINK,data\raw\zara\discovery\1066.json
category:52b69d58ca7f96f8,category:7ff1bec2925c9c86,RELATED_LINK,data\raw\zara\discovery\1066.json
category:52b69d58ca7f96f8,category:74dbb5d2b9a3544e,RELATED_LINK,data\raw\zara\discovery\1066.json
category:52b69d58ca7f96f8,category:63816d823735488d,RELATED_LINK,data\raw\zara\discovery\1066.json
category:52b69d58ca7f96f8,category:b6a0cf00a2333fc5,RELATED_LINK,data\raw\zara\discovery\1066.json
category:52b69d58ca7f96f8,category:29e5fac1bfecf16a,RELATED_LINK,data\raw\zara\discovery\1066.json
category:52b69d58ca7f96f8,category:b07ba6b7e622920d,RELATED_LINK,data\raw\zara\discovery\1066.json
category:52b69d58ca7f96f8,category:2f5119b0ce450bdb,RELATED_LINK,data\raw\zara\discovery\1066.json
category:52b69d58ca7f96f8,category:c8cf2588f7312c69,RELATED_LINK,data\raw\zara\discovery\1066.json
category:52b69d58ca7f96f8,category:8fc01a4b9b27d2da,RELATED_LINK,data\raw\zara\discovery\1066.json
category:52b69d58ca7f96f8,category:308511bb0633822d,RELATED_LINK,data\raw\zara\discovery\1066.json
category:52b69d58ca7f96f8,category:4120cf0af0efb754,RELATED_LINK,data\raw\zara\discovery\1066.json
category:52b69d58ca7f96f8,category:45a4ea43f3604106,RELATED_LINK,data\raw\zara\discovery\1066.json
category:52b69d58ca7f96f8,category:2f99de5eeaa08caf,RELATED_LINK,data\raw\zara\discovery\1066.json
category:52b69d58ca7f96f8,category:6b4593e2c2147cd7,RELATED_LINK,data\raw\zara\discovery\1066.json
category:52b69d58ca7f96f8,category:7e3cf0d3e06fd36f,RELATED_LINK,data\raw\zara\discovery\1066.json
category:52b69d58ca7f96f8,category:dca06048f5e4d521,RELATED_LINK,data\raw\zara\discovery\1066.json
category:52b69d58ca7f96f8,category:3479ad16a858e1b0,RELATED_LINK,data\raw\zara\discovery\1066.json
category:52b69d58ca7f96f8,category:29026c362e120d32,RELATED_LINK,data\raw\zara\discovery\1066.json
category:52b69d58ca7f96f8,category:bf3c889910ed8146,RELATED_LINK,data\raw\zara\discovery\1066.json
category:52b69d58ca7f96f8,category:c494b55445cabd02,RELATED_LINK,data\raw\zara\discovery\1066.json
category:52b69d58ca7f96f8,category:0c976819321c5c82,RELATED_LINK,data\raw\zara\discovery\1066.json
category:52b69d58ca7f96f8,category:0f23bb8500b43b3d,RELATED_LINK,data\raw\zara\discovery\1066.json
category:52b69d58ca7f96f8,category:85c872696efa21be,RELATED_LINK,data\raw\zara\discovery\1066.json
category:52b69d58ca7f96f8,category:ce7d31441e6f9e47,RELATED_LINK,data\raw\zara\discovery\1066.json
category:52b69d58ca7f96f8,category:c331eb2cdb42904f,RELATED_LINK,data\raw\zara\discovery\1066.json
category:52b69d58ca7f96f8,category:72ff55c2686e33c7,RELATED_LINK,data\raw\zara\discovery\1066.json
category:52b69d58ca7f96f8,category:86c2173798278a21,RELATED_LINK,data\raw\zara\discovery\1066.json
category:52b69d58ca7f96f8,category:d7d569464aa0e57e,RELATED_LINK,data\raw\zara\discovery\1066.json
category:52b69d58ca7f96f8,category:6a5c8cdb02998906,RELATED_LINK,data\raw\zara\discovery\1066.json
category:52b69d58ca7f96f8,category:802633b0ce862039,RELATED_LINK,data\raw\zara\discovery\1066.json
category:52b69d58ca7f96f8,category:7d0144646bee1f6d,RELATED_LINK,data\raw\zara\discovery\1066.json
category:52b69d58ca7f96f8,category:296af2e068220c22,RELATED_LINK,data\raw\zara\discovery\1066.json
category:52b69d58ca7f96f8,category:51df456251c4986a,RELATED_LINK,data\raw\zara\discovery\1066.json
category:52b69d58ca7f96f8,category:a52d2bbd64d8cba2,RELATED_LINK,data\raw\zara\discovery\1066.json
category:52b69d58ca7f96f8,category:8af8fa7edb568f6a,RELATED_LINK,data\raw\zara\discovery\1066.json
category:52b69d58ca7f96f8,category:a0d9fc95aa507977,RELATED_LINK,data\raw\zara\discovery\1066.json
category:52b69d58ca7f96f8,category:17ff82b2b8c2a189,RELATED_LINK,data\raw\zara\discovery\1066.json
category:52b69d58ca7f96f8,category:05d5443c091a1822,RELATED_LINK,data\raw\zara\discovery\1066.json
category:52b69d58ca7f96f8,category:1be0d2d3116b5929,RELATED_LINK,data\raw\zara\discovery\1066.json
category:52b69d58ca7f96f8,category:2c19efd85b0bf4d3,RELATED_LINK,data\raw\zara\discovery\1066.json
category:52b69d58ca7f96f8,category:c83be7fdd0bccc9c,RELATED_LINK,data\raw\zara\discovery\1066.json
category:52b69d58ca7f96f8,category:5a427b6511646d4a,RELATED_LINK,data\raw\zara\discovery\1066.json
category:52b69d58ca7f96f8,category:2e465e9d9ec1c14e,RELATED_LINK,data\raw\zara\discovery\1066.json
category:52b69d58ca7f96f8,category:ce73194e6766579e,RELATED_LINK,data\raw\zara\discovery\1066.json
category:52b69d58ca7f96f8,category:a843e7d16659b36f,RELATED_LINK,data\raw\zara\discovery\1066.json
category:52b69d58ca7f96f8,category:bec2846b32bd8487,RELATED_LINK,data\raw\zara\discovery\1066.json
category:52b69d58ca7f96f8,category:9732bfdef43bea16,RELATED_LINK,data\raw\zara\discovery\1066.json
category:52b69d58ca7f96f8,category:3b758fa957e3e91f,RELATED_LINK,data\raw\zara\discovery\1066.json
category:52b69d58ca7f96f8,category:e02a9f9a66c6eade,RELATED_LINK,data\raw\zara\discovery\1066.json
category:52b69d58ca7f96f8,category:4ebd25ce6a78b8e3,RELATED_LINK,data\raw\zara\discovery\1066.json
category:52b69d58ca7f96f8,category:2f4cf2139637e8db,RELATED_LINK,data\raw\zara\discovery\1066.json
category:52b69d58ca7f96f8,category:b36dbaff7ed69aca,RELATED_LINK,data\raw\zara\discovery\1066.json
category:52b69d58ca7f96f8,category:81699ec04f53458b,RELATED_LINK,data\raw\zara\discovery\1066.json
category:52b69d58ca7f96f8,category:dcb8957038241b81,RELATED_LINK,data\raw\zara\discovery\1066.json
category:52b69d58ca7f96f8,category:4b3c553ddabd298a,RELATED_LINK,data\raw\zara\discovery\1066.json
category:52b69d58ca7f96f8,category:70302df9bb9abf2e,RELATED_LINK,data\raw\zara\discovery\1066.json
category:52b69d58ca7f96f8,category:c5b061b3c0120724,RELATED_LINK,data\raw\zara\discovery\1066.json
category:52b69d58ca7f96f8,category:22267222c9bae0dd,RELATED_LINK,data\raw\zara\discovery\1066.json
category:52b69d58ca7f96f8,category:c84949c7164be3ee,RELATED_LINK,data\raw\zara\discovery\1066.json
category:52b69d58ca7f96f8,category:6caf9d515db5a43f,RELATED_LINK,data\raw\zara\discovery\1066.json
category:52b69d58ca7f96f8,category:2f1300e24e2800c9,RELATED_LINK,data\raw\zara\discovery\1066.json
category:52b69d58ca7f96f8,category:947a7ae92da2416b,RELATED_LINK,data\raw\zara\discovery\1066.json
category:52b69d58ca7f96f8,category:c51885ff2147079a,RELATED_LINK,data\raw\zara\discovery\1066.json
category:52b69d58ca7f96f8,category:2eba643c2ce3634e,RELATED_LINK,data\raw\zara\discovery\1066.json
category:52b69d58ca7f96f8,category:1b94e03d927218b6,RELATED_LINK,data\raw\zara\discovery\1066.json
category:52b69d58ca7f96f8,category:61016650da4225c3,RELATED_LINK,data\raw\zara\discovery\1066.json
category:52b69d58ca7f96f8,category:874fe60bb778f455,RELATED_LINK,data\raw\zara\discovery\1066.json
category:52b69d58ca7f96f8,category:cc67222106799ade,RELATED_LINK,data\raw\zara\discovery\1066.json
category:52b69d58ca7f96f8,category:09223c427e44d765,RELATED_LINK,data\raw\zara\discovery\1066.json
category:52b69d58ca7f96f8,category:95a117eb2f61b23e,RELATED_LINK,data\raw\zara\discovery\1066.json
category:52b69d58ca7f96f8,category:39a92565b5feebb4,RELATED_LINK,data\raw\zara\discovery\1066.json
category:52b69d58ca7f96f8,category:80bdd96f168045fb,RELATED_LINK,data\raw\zara\discovery\1066.json
category:52b69d58ca7f96f8,category:8ea5401b2cc312c4,RELATED_LINK,data\raw\zara\discovery\1066.json
category:52b69d58ca7f96f8,category:63bd10984674603f,RELATED_LINK,data\raw\zara\discovery\1066.json
category:52b69d58ca7f96f8,category:b1f38b661b3e4b71,RELATED_LINK,data\raw\zara\discovery\1066.json
category:52b69d58ca7f96f8,category:37f1448bea452a16,RELATED_LINK,data\raw\zara\discovery\1066.json
category:52b69d58ca7f96f8,category:907ab0e77bf7e7bd,RELATED_LINK,data\raw\zara\discovery\1066.json
category:52b69d58ca7f96f8,category:c1093ae381054338,RELATED_LINK,data\raw\zara\discovery\1066.json
category:52b69d58ca7f96f8,category:1aa0290ed2bc3f7f,RELATED_LINK,data\raw\zara\discovery\1066.json
category:52b69d58ca7f96f8,category:2f944dcf76e6553a,RELATED_LINK,data\raw\zara\discovery\1066.json
category:52b69d58ca7f96f8,category:6c51008f1f3d1e12,RELATED_LINK,data\raw\zara\discovery\1066.json
category:52b69d58ca7f96f8,category:f505f7125c0f6f67,RELATED_LINK,data\raw\zara\discovery\1066.json
category:52b69d58ca7f96f8,category:3c31f1710ab955bd,RELATED_LINK,data\raw\zara\discovery\1066.json
category:52b69d58ca7f96f8,category:d0037aeb52bcf32f,RELATED_LINK,data\raw\zara\discovery\1066.json
category:52b69d58ca7f96f8,category:acbf30a13a48182a,RELATED_LINK,data\raw\zara\discovery\1066.json
category:52b69d58ca7f96f8,category:bcc8bdd16b6180ce,RELATED_LINK,data\raw\zara\discovery\1066.json
category:52b69d58ca7f96f8,category:5271c49a33ca9e9e,RELATED_LINK,data\raw\zara\discovery\1066.json
category:52b69d58ca7f96f8,category:3a22b9d9a9440208,RELATED_LINK,data\raw\zara\discovery\1066.json
category:52b69d58ca7f96f8,category:3ffeca1be818ee93,RELATED_LINK,data\raw\zara\discovery\1066.json
category:52b69d58ca7f96f8,category:3b77f8ccc46eb67d,RELATED_LINK,data\raw\zara\discovery\1066.json
category:52b69d58ca7f96f8,category:3011d77f6c2da53f,RELATED_LINK,data\raw\zara\discovery\1066.json
category:52b69d58ca7f96f8,category:a65fabbe347fa306,RELATED_LINK,data\raw\zara\discovery\1066.json
category:52b69d58ca7f96f8,category:7ccb18bb176e1851,RELATED_LINK,data\raw\zara\discovery\1066.json
category:52b69d58ca7f96f8,category:39b177b05e7e9d63,RELATED_LINK,data\raw\zara\discovery\1066.json
category:52b69d58ca7f96f8,category:9b475912d5dc89be,RELATED_LINK,data\raw\zara\discovery\1066.json
category:52b69d58ca7f96f8,category:8c0ca0a887c7c5e8,RELATED_LINK,data\raw\zara\discovery\1066.json
category:52b69d58ca7f96f8,category:28025d61221db0a6,RELATED_LINK,data\raw\zara\discovery\1066.json
category:52b69d58ca7f96f8,category:06e88d268d2d1391,RELATED_LINK,data\raw\zara\discovery\1066.json
category:52b69d58ca7f96f8,category:1506f60df667dbb2,RELATED_LINK,data\raw\zara\discovery\1066.json
category:52b69d58ca7f96f8,category:344f1c87c35f2e65,RELATED_LINK,data\raw\zara\discovery\1066.json
category:52b69d58ca7f96f8,category:d689bd3a6817f3c0,RELATED_LINK,data\raw\zara\discovery\1066.json
category:52b69d58ca7f96f8,category:28ed6ea20598397d,RELATED_LINK,data\raw\zara\discovery\1066.json
category:a90746e9b12ca312,category:d466f95da1e8eced,RELATED_LINK,data\raw\zara\discovery\1651.json
category:a90746e9b12ca312,category:a5b3626926846f0b,RELATED_LINK,data\raw\zara\discovery\1651.json
category:a90746e9b12ca312,category:61bfa8198472b8bf,RELATED_LINK,data\raw\zara\discovery\1651.json
category:a90746e9b12ca312,category:97787d9f86820684,RELATED_LINK,data\raw\zara\discovery\1651.json
category:a90746e9b12ca312,category:28187e18bcbcb457,RELATED_LINK,data\raw\zara\discovery\1651.json
category:a90746e9b12ca312,category:5069281f29a1ff75,RELATED_LINK,data\raw\zara\discovery\1651.json
category:a90746e9b12ca312,category:7d11bbc8108fb596,RELATED_LINK,data\raw\zara\discovery\1651.json
category:a90746e9b12ca312,category:37dc724bd80c1c40,RELATED_LINK,data\raw\zara\discovery\1651.json
category:a90746e9b12ca312,category:7646b21c5fe650c0,RELATED_LINK,data\raw\zara\discovery\1651.json
category:a90746e9b12ca312,category:24daa9d3ba40a780,RELATED_LINK,data\raw\zara\discovery\1651.json
category:a90746e9b12ca312,category:4432feb00c7edf95,RELATED_LINK,data\raw\zara\discovery\1651.json
category:a90746e9b12ca312,category:28572a343e2c429d,RELATED_LINK,data\raw\zara\discovery\1651.json
category:a90746e9b12ca312,category:fed151a9d65b8ad3,RELATED_LINK,data\raw\zara\discovery\1651.json
category:a90746e9b12ca312,category:8b8145fc7f2ad196,RELATED_LINK,data\raw\zara\discovery\1651.json
category:a90746e9b12ca312,category:8c927193a3b40740,RELATED_LINK,data\raw\zara\discovery\1651.json
category:a90746e9b12ca312,category:4fabffd358edf819,RELATED_LINK,data\raw\zara\discovery\1651.json
category:a90746e9b12ca312,category:7ff51dc7957a0a2c,RELATED_LINK,data\raw\zara\discovery\1651.json
category:a90746e9b12ca312,category:734578e41a3f8fea,RELATED_LINK,data\raw\zara\discovery\1651.json
category:a90746e9b12ca312,category:0c73b89bcddff9ce,RELATED_LINK,data\raw\zara\discovery\1651.json
category:a90746e9b12ca312,category:7e50906a999ec3af,RELATED_LINK,data\raw\zara\discovery\1651.json
category:a90746e9b12ca312,category:d0f80555e2c06f52,RELATED_LINK,data\raw\zara\discovery\1651.json
category:a90746e9b12ca312,category:1fd02aa46dd180cf,RELATED_LINK,data\raw\zara\discovery\1651.json
category:a90746e9b12ca312,category:37a4fc360fc57a38,RELATED_LINK,data\raw\zara\discovery\1651.json
category:a90746e9b12ca312,category:54cdda3c354f0d77,RELATED_LINK,data\raw\zara\discovery\1651.json
category:a90746e9b12ca312,category:d3dcf6c68807049d,RELATED_LINK,data\raw\zara\discovery\1651.json
category:a90746e9b12ca312,category:93bb337d27e06b4d,RELATED_LINK,data\raw\zara\discovery\1651.json
category:a90746e9b12ca312,category:5c7dd0615b3b0aa8,RELATED_LINK,data\raw\zara\discovery\1651.json
category:a90746e9b12ca312,category:eb5bae8f1b82f340,RELATED_LINK,data\raw\zara\discovery\1651.json
category:a90746e9b12ca312,category:2b6d0cbeb1053c3c,RELATED_LINK,data\raw\zara\discovery\1651.json
category:a90746e9b12ca312,category:b4a263e99cecb697,RELATED_LINK,data\raw\zara\discovery\1651.json
category:a90746e9b12ca312,category:c02c58555d24d51a,RELATED_LINK,data\raw\zara\discovery\1651.json
category:a90746e9b12ca312,category:51722dd38abdd1cb,RELATED_LINK,data\raw\zara\discovery\1651.json
category:a90746e9b12ca312,category:b8f2003d5b630a6d,RELATED_LINK,data\raw\zara\discovery\1651.json
category:a90746e9b12ca312,category:31967ffd8526d619,RELATED_LINK,data\raw\zara\discovery\1651.json
category:a90746e9b12ca312,category:ef79297b7a465839,RELATED_LINK,data\raw\zara\discovery\1651.json
category:a90746e9b12ca312,category:de8b8e048badf9de,RELATED_LINK,data\raw\zara\discovery\1651.json
category:a90746e9b12ca312,category:92d87157bfe4c137,RELATED_LINK,data\raw\zara\discovery\1651.json
category:a90746e9b12ca312,category:d9d8e46557c98bec,RELATED_LINK,data\raw\zara\discovery\1651.json
category:a90746e9b12ca312,category:5d492e64a36987f3,RELATED_LINK,data\raw\zara\discovery\1651.json
category:a90746e9b12ca312,category:e571a2bc5f5180d9,RELATED_LINK,data\raw\zara\discovery\1651.json
category:a90746e9b12ca312,category:5f56f3c1ba2c98ca,RELATED_LINK,data\raw\zara\discovery\1651.json
category:5fef2668deb47355,category:25c9417fba67de39,RELATED_LINK,data\raw\zara\discovery\1657.json
category:5fef2668deb47355,category:fddee08b1d9b3ebb,RELATED_LINK,data\raw\zara\discovery\1657.json
category:5fef2668deb47355,category:d280084976e53695,RELATED_LINK,data\raw\zara\discovery\1657.json
category:5fef2668deb47355,category:467fd38657bfd668,RELATED_LINK,data\raw\zara\discovery\1657.json
category:5fef2668deb47355,category:7f82aadbde310d6e,RELATED_LINK,data\raw\zara\discovery\1657.json
category:5fef2668deb47355,category:c09015cfe6a984fd,RELATED_LINK,data\raw\zara\discovery\1657.json
category:5fef2668deb47355,category:7646b21c5fe650c0,RELATED_LINK,data\raw\zara\discovery\1657.json
category:5fef2668deb47355,category:2c4a5863c813b5ee,RELATED_LINK,data\raw\zara\discovery\1657.json
category:5fef2668deb47355,category:e5bea6e3867aa001,RELATED_LINK,data\raw\zara\discovery\1657.json
category:5fef2668deb47355,category:9b53282c363d9d71,RELATED_LINK,data\raw\zara\discovery\1657.json
category:5fef2668deb47355,category:5a9cf10d56051d37,RELATED_LINK,data\raw\zara\discovery\1657.json
category:5fef2668deb47355,category:7e78d3be6d7c9174,RELATED_LINK,data\raw\zara\discovery\1657.json
category:5fef2668deb47355,category:5f59c07a6fd1725b,RELATED_LINK,data\raw\zara\discovery\1657.json
category:5fef2668deb47355,category:c596c1e2efebefde,RELATED_LINK,data\raw\zara\discovery\1657.json
category:5fef2668deb47355,category:2e610c19e30d8431,RELATED_LINK,data\raw\zara\discovery\1657.json
category:5fef2668deb47355,category:12f261f83e72a881,RELATED_LINK,data\raw\zara\discovery\1657.json
category:5fef2668deb47355,category:c5ab2427ffab4133,RELATED_LINK,data\raw\zara\discovery\1657.json
category:5fef2668deb47355,category:25247cba85667883,RELATED_LINK,data\raw\zara\discovery\1657.json
category:5fef2668deb47355,category:90cc12c57e779476,RELATED_LINK,data\raw\zara\discovery\1657.json
category:5fef2668deb47355,category:4618ddd0488f15c7,RELATED_LINK,data\raw\zara\discovery\1657.json
category:5fef2668deb47355,category:67ae6741c8034dac,RELATED_LINK,data\raw\zara\discovery\1657.json
category:5fef2668deb47355,category:e16bc65c15899d9d,RELATED_LINK,data\raw\zara\discovery\1657.json
category:5fef2668deb47355,category:e1c79596ba9ed8b8,RELATED_LINK,data\raw\zara\discovery\1657.json
category:5fef2668deb47355,category:c02c58555d24d51a,RELATED_LINK,data\raw\zara\discovery\1657.json
category:5fef2668deb47355,category:a5b3626926846f0b,RELATED_LINK,data\raw\zara\discovery\1657.json
category:5fef2668deb47355,category:97787d9f86820684,RELATED_LINK,data\raw\zara\discovery\1657.json
category:5fef2668deb47355,category:28187e18bcbcb457,RELATED_LINK,data\raw\zara\discovery\1657.json
category:5fef2668deb47355,category:a90746e9b12ca312,RELATED_LINK,data\raw\zara\discovery\1657.json
category:5fef2668deb47355,category:5069281f29a1ff75,RELATED_LINK,data\raw\zara\discovery\1657.json
category:5fef2668deb47355,category:7d11bbc8108fb596,RELATED_LINK,data\raw\zara\discovery\1657.json
category:5fef2668deb47355,category:51722dd38abdd1cb,RELATED_LINK,data\raw\zara\discovery\1657.json
category:5fef2668deb47355,category:b8f2003d5b630a6d,RELATED_LINK,data\raw\zara\discovery\1657.json
category:5fef2668deb47355,category:31967ffd8526d619,RELATED_LINK,data\raw\zara\discovery\1657.json
category:5fef2668deb47355,category:ef79297b7a465839,RELATED_LINK,data\raw\zara\discovery\1657.json
category:5fef2668deb47355,category:de8b8e048badf9de,RELATED_LINK,data\raw\zara\discovery\1657.json
category:5fef2668deb47355,category:92d87157bfe4c137,RELATED_LINK,data\raw\zara\discovery\1657.json
category:5fef2668deb47355,category:d9d8e46557c98bec,RELATED_LINK,data\raw\zara\discovery\1657.json
category:5fef2668deb47355,category:5d492e64a36987f3,RELATED_LINK,data\raw\zara\discovery\1657.json
category:5fef2668deb47355,category:e571a2bc5f5180d9,RELATED_LINK,data\raw\zara\discovery\1657.json
category:7e78d3be6d7c9174,category:25c9417fba67de39,RELATED_LINK,data\raw\zara\discovery\1753.json
category:7e78d3be6d7c9174,category:fddee08b1d9b3ebb,RELATED_LINK,data\raw\zara\discovery\1753.json
category:7e78d3be6d7c9174,category:d280084976e53695,RELATED_LINK,data\raw\zara\discovery\1753.json
category:7e78d3be6d7c9174,category:467fd38657bfd668,RELATED_LINK,data\raw\zara\discovery\1753.json
category:7e78d3be6d7c9174,category:7f82aadbde310d6e,RELATED_LINK,data\raw\zara\discovery\1753.json
category:7e78d3be6d7c9174,category:c09015cfe6a984fd,RELATED_LINK,data\raw\zara\discovery\1753.json
category:7e78d3be6d7c9174,category:7646b21c5fe650c0,RELATED_LINK,data\raw\zara\discovery\1753.json
category:7e78d3be6d7c9174,category:9b53282c363d9d71,RELATED_LINK,data\raw\zara\discovery\1753.json
category:7e78d3be6d7c9174,category:5a9cf10d56051d37,RELATED_LINK,data\raw\zara\discovery\1753.json
category:7e78d3be6d7c9174,category:e5bea6e3867aa001,RELATED_LINK,data\raw\zara\discovery\1753.json
category:7e78d3be6d7c9174,category:5f59c07a6fd1725b,RELATED_LINK,data\raw\zara\discovery\1753.json
category:7e78d3be6d7c9174,category:c596c1e2efebefde,RELATED_LINK,data\raw\zara\discovery\1753.json
category:7e78d3be6d7c9174,category:2e610c19e30d8431,RELATED_LINK,data\raw\zara\discovery\1753.json
category:7e78d3be6d7c9174,category:12f261f83e72a881,RELATED_LINK,data\raw\zara\discovery\1753.json
category:7e78d3be6d7c9174,category:c5ab2427ffab4133,RELATED_LINK,data\raw\zara\discovery\1753.json
category:7e78d3be6d7c9174,category:25247cba85667883,RELATED_LINK,data\raw\zara\discovery\1753.json
category:7e78d3be6d7c9174,category:5fef2668deb47355,RELATED_LINK,data\raw\zara\discovery\1753.json
category:7e78d3be6d7c9174,category:90cc12c57e779476,RELATED_LINK,data\raw\zara\discovery\1753.json
category:7e78d3be6d7c9174,category:4618ddd0488f15c7,RELATED_LINK,data\raw\zara\discovery\1753.json
category:7e78d3be6d7c9174,category:2c4a5863c813b5ee,RELATED_LINK,data\raw\zara\discovery\1753.json
category:7e78d3be6d7c9174,category:67ae6741c8034dac,RELATED_LINK,data\raw\zara\discovery\1753.json
category:7e78d3be6d7c9174,category:e16bc65c15899d9d,RELATED_LINK,data\raw\zara\discovery\1753.json
category:7e78d3be6d7c9174,category:e1c79596ba9ed8b8,RELATED_LINK,data\raw\zara\discovery\1753.json
category:7e78d3be6d7c9174,category:c02c58555d24d51a,RELATED_LINK,data\raw\zara\discovery\1753.json
category:7e78d3be6d7c9174,category:a5b3626926846f0b,RELATED_LINK,data\raw\zara\discovery\1753.json
category:7e78d3be6d7c9174,category:97787d9f86820684,RELATED_LINK,data\raw\zara\discovery\1753.json
category:7e78d3be6d7c9174,category:28187e18bcbcb457,RELATED_LINK,data\raw\zara\discovery\1753.json
category:7e78d3be6d7c9174,category:a90746e9b12ca312,RELATED_LINK,data\raw\zara\discovery\1753.json
category:7e78d3be6d7c9174,category:5069281f29a1ff75,RELATED_LINK,data\raw\zara\discovery\1753.json
category:7e78d3be6d7c9174,category:7d11bbc8108fb596,RELATED_LINK,data\raw\zara\discovery\1753.json
category:7e78d3be6d7c9174,category:51722dd38abdd1cb,RELATED_LINK,data\raw\zara\discovery\1753.json
category:7e78d3be6d7c9174,category:b8f2003d5b630a6d,RELATED_LINK,data\raw\zara\discovery\1753.json
category:7e78d3be6d7c9174,category:31967ffd8526d619,RELATED_LINK,data\raw\zara\discovery\1753.json
category:7e78d3be6d7c9174,category:ef79297b7a465839,RELATED_LINK,data\raw\zara\discovery\1753.json
category:7e78d3be6d7c9174,category:de8b8e048badf9de,RELATED_LINK,data\raw\zara\discovery\1753.json
category:7e78d3be6d7c9174,category:92d87157bfe4c137,RELATED_LINK,data\raw\zara\discovery\1753.json
category:7e78d3be6d7c9174,category:d9d8e46557c98bec,RELATED_LINK,data\raw\zara\discovery\1753.json
category:7e78d3be6d7c9174,category:5d492e64a36987f3,RELATED_LINK,data\raw\zara\discovery\1753.json
category:7e78d3be6d7c9174,category:e571a2bc5f5180d9,RELATED_LINK,data\raw\zara\discovery\1753.json
category:7e78d3be6d7c9174,category:3d9f64d13a5e5b9c,RELATED_LINK,data\raw\zara\discovery\1753.json
category:e5bea6e3867aa001,category:25c9417fba67de39,RELATED_LINK,data\raw\zara\discovery\1784.json
category:e5bea6e3867aa001,category:fddee08b1d9b3ebb,RELATED_LINK,data\raw\zara\discovery\1784.json
category:e5bea6e3867aa001,category:d280084976e53695,RELATED_LINK,data\raw\zara\discovery\1784.json
category:e5bea6e3867aa001,category:467fd38657bfd668,RELATED_LINK,data\raw\zara\discovery\1784.json
category:e5bea6e3867aa001,category:7f82aadbde310d6e,RELATED_LINK,data\raw\zara\discovery\1784.json
category:e5bea6e3867aa001,category:c09015cfe6a984fd,RELATED_LINK,data\raw\zara\discovery\1784.json
category:e5bea6e3867aa001,category:7646b21c5fe650c0,RELATED_LINK,data\raw\zara\discovery\1784.json
category:e5bea6e3867aa001,category:9b53282c363d9d71,RELATED_LINK,data\raw\zara\discovery\1784.json
category:e5bea6e3867aa001,category:5a9cf10d56051d37,RELATED_LINK,data\raw\zara\discovery\1784.json
category:e5bea6e3867aa001,category:7e78d3be6d7c9174,RELATED_LINK,data\raw\zara\discovery\1784.json
category:e5bea6e3867aa001,category:5f59c07a6fd1725b,RELATED_LINK,data\raw\zara\discovery\1784.json
category:e5bea6e3867aa001,category:c596c1e2efebefde,RELATED_LINK,data\raw\zara\discovery\1784.json
category:e5bea6e3867aa001,category:2e610c19e30d8431,RELATED_LINK,data\raw\zara\discovery\1784.json
category:e5bea6e3867aa001,category:12f261f83e72a881,RELATED_LINK,data\raw\zara\discovery\1784.json
category:e5bea6e3867aa001,category:c5ab2427ffab4133,RELATED_LINK,data\raw\zara\discovery\1784.json
category:e5bea6e3867aa001,category:25247cba85667883,RELATED_LINK,data\raw\zara\discovery\1784.json
category:e5bea6e3867aa001,category:5fef2668deb47355,RELATED_LINK,data\raw\zara\discovery\1784.json
category:e5bea6e3867aa001,category:90cc12c57e779476,RELATED_LINK,data\raw\zara\discovery\1784.json
category:e5bea6e3867aa001,category:4618ddd0488f15c7,RELATED_LINK,data\raw\zara\discovery\1784.json
category:e5bea6e3867aa001,category:2c4a5863c813b5ee,RELATED_LINK,data\raw\zara\discovery\1784.json
category:e5bea6e3867aa001,category:67ae6741c8034dac,RELATED_LINK,data\raw\zara\discovery\1784.json
category:e5bea6e3867aa001,category:e16bc65c15899d9d,RELATED_LINK,data\raw\zara\discovery\1784.json
category:e5bea6e3867aa001,category:e1c79596ba9ed8b8,RELATED_LINK,data\raw\zara\discovery\1784.json
category:e5bea6e3867aa001,category:c02c58555d24d51a,RELATED_LINK,data\raw\zara\discovery\1784.json
category:e5bea6e3867aa001,category:a5b3626926846f0b,RELATED_LINK,data\raw\zara\discovery\1784.json
category:e5bea6e3867aa001,category:97787d9f86820684,RELATED_LINK,data\raw\zara\discovery\1784.json
category:e5bea6e3867aa001,category:28187e18bcbcb457,RELATED_LINK,data\raw\zara\discovery\1784.json
category:e5bea6e3867aa001,category:a90746e9b12ca312,RELATED_LINK,data\raw\zara\discovery\1784.json
category:e5bea6e3867aa001,category:5069281f29a1ff75,RELATED_LINK,data\raw\zara\discovery\1784.json
category:e5bea6e3867aa001,category:7d11bbc8108fb596,RELATED_LINK,data\raw\zara\discovery\1784.json
category:e5bea6e3867aa001,category:51722dd38abdd1cb,RELATED_LINK,data\raw\zara\discovery\1784.json
category:e5bea6e3867aa001,category:b8f2003d5b630a6d,RELATED_LINK,data\raw\zara\discovery\1784.json
category:e5bea6e3867aa001,category:31967ffd8526d619,RELATED_LINK,data\raw\zara\discovery\1784.json
category:e5bea6e3867aa001,category:ef79297b7a465839,RELATED_LINK,data\raw\zara\discovery\1784.json
category:e5bea6e3867aa001,category:de8b8e048badf9de,RELATED_LINK,data\raw\zara\discovery\1784.json
category:e5bea6e3867aa001,category:92d87157bfe4c137,RELATED_LINK,data\raw\zara\discovery\1784.json
category:e5bea6e3867aa001,category:d9d8e46557c98bec,RELATED_LINK,data\raw\zara\discovery\1784.json
category:e5bea6e3867aa001,category:5d492e64a36987f3,RELATED_LINK,data\raw\zara\discovery\1784.json
category:e5bea6e3867aa001,category:e571a2bc5f5180d9,RELATED_LINK,data\raw\zara\discovery\1784.json
category:e5bea6e3867aa001,category:2283ed614bb5fe78,RELATED_LINK,data\raw\zara\discovery\1784.json
category:c5ab2427ffab4133,category:25c9417fba67de39,RELATED_LINK,data\raw\zara\discovery\2515.json
category:c5ab2427ffab4133,category:fddee08b1d9b3ebb,RELATED_LINK,data\raw\zara\discovery\2515.json
category:c5ab2427ffab4133,category:d280084976e53695,RELATED_LINK,data\raw\zara\discovery\2515.json
category:c5ab2427ffab4133,category:467fd38657bfd668,RELATED_LINK,data\raw\zara\discovery\2515.json
category:c5ab2427ffab4133,category:7f82aadbde310d6e,RELATED_LINK,data\raw\zara\discovery\2515.json
category:c5ab2427ffab4133,category:c09015cfe6a984fd,RELATED_LINK,data\raw\zara\discovery\2515.json
category:c5ab2427ffab4133,category:7646b21c5fe650c0,RELATED_LINK,data\raw\zara\discovery\2515.json
category:c5ab2427ffab4133,category:9b53282c363d9d71,RELATED_LINK,data\raw\zara\discovery\2515.json
category:c5ab2427ffab4133,category:5a9cf10d56051d37,RELATED_LINK,data\raw\zara\discovery\2515.json
category:c5ab2427ffab4133,category:e5bea6e3867aa001,RELATED_LINK,data\raw\zara\discovery\2515.json
category:c5ab2427ffab4133,category:7e78d3be6d7c9174,RELATED_LINK,data\raw\zara\discovery\2515.json
category:c5ab2427ffab4133,category:5f59c07a6fd1725b,RELATED_LINK,data\raw\zara\discovery\2515.json
category:c5ab2427ffab4133,category:c596c1e2efebefde,RELATED_LINK,data\raw\zara\discovery\2515.json
category:c5ab2427ffab4133,category:2e610c19e30d8431,RELATED_LINK,data\raw\zara\discovery\2515.json
category:c5ab2427ffab4133,category:12f261f83e72a881,RELATED_LINK,data\raw\zara\discovery\2515.json
category:c5ab2427ffab4133,category:25247cba85667883,RELATED_LINK,data\raw\zara\discovery\2515.json
category:c5ab2427ffab4133,category:5fef2668deb47355,RELATED_LINK,data\raw\zara\discovery\2515.json
category:c5ab2427ffab4133,category:90cc12c57e779476,RELATED_LINK,data\raw\zara\discovery\2515.json
category:c5ab2427ffab4133,category:4618ddd0488f15c7,RELATED_LINK,data\raw\zara\discovery\2515.json
category:c5ab2427ffab4133,category:2c4a5863c813b5ee,RELATED_LINK,data\raw\zara\discovery\2515.json
category:c5ab2427ffab4133,category:67ae6741c8034dac,RELATED_LINK,data\raw\zara\discovery\2515.json
category:c5ab2427ffab4133,category:e16bc65c15899d9d,RELATED_LINK,data\raw\zara\discovery\2515.json
category:c5ab2427ffab4133,category:e1c79596ba9ed8b8,RELATED_LINK,data\raw\zara\discovery\2515.json
category:c5ab2427ffab4133,category:c02c58555d24d51a,RELATED_LINK,data\raw\zara\discovery\2515.json
category:c5ab2427ffab4133,category:a5b3626926846f0b,RELATED_LINK,data\raw\zara\discovery\2515.json
category:c5ab2427ffab4133,category:97787d9f86820684,RELATED_LINK,data\raw\zara\discovery\2515.json
category:c5ab2427ffab4133,category:28187e18bcbcb457,RELATED_LINK,data\raw\zara\discovery\2515.json
category:c5ab2427ffab4133,category:a90746e9b12ca312,RELATED_LINK,data\raw\zara\discovery\2515.json
category:c5ab2427ffab4133,category:5069281f29a1ff75,RELATED_LINK,data\raw\zara\discovery\2515.json
category:c5ab2427ffab4133,category:7d11bbc8108fb596,RELATED_LINK,data\raw\zara\discovery\2515.json
category:c5ab2427ffab4133,category:51722dd38abdd1cb,RELATED_LINK,data\raw\zara\discovery\2515.json
category:c5ab2427ffab4133,category:b8f2003d5b630a6d,RELATED_LINK,data\raw\zara\discovery\2515.json
category:c5ab2427ffab4133,category:31967ffd8526d619,RELATED_LINK,data\raw\zara\discovery\2515.json
category:c5ab2427ffab4133,category:ef79297b7a465839,RELATED_LINK,data\raw\zara\discovery\2515.json
category:c5ab2427ffab4133,category:de8b8e048badf9de,RELATED_LINK,data\raw\zara\discovery\2515.json
category:c5ab2427ffab4133,category:92d87157bfe4c137,RELATED_LINK,data\raw\zara\discovery\2515.json
category:c5ab2427ffab4133,category:d9d8e46557c98bec,RELATED_LINK,data\raw\zara\discovery\2515.json
category:c5ab2427ffab4133,category:5d492e64a36987f3,RELATED_LINK,data\raw\zara\discovery\2515.json
category:c5ab2427ffab4133,category:e571a2bc5f5180d9,RELATED_LINK,data\raw\zara\discovery\2515.json
category:c5ab2427ffab4133,category:42dead6ace626e8c,RELATED_LINK,data\raw\zara\discovery\2515.json
category:25247cba85667883,category:25c9417fba67de39,RELATED_LINK,data\raw\zara\discovery\2516.json
category:25247cba85667883,category:fddee08b1d9b3ebb,RELATED_LINK,data\raw\zara\discovery\2516.json
category:25247cba85667883,category:d280084976e53695,RELATED_LINK,data\raw\zara\discovery\2516.json
category:25247cba85667883,category:467fd38657bfd668,RELATED_LINK,data\raw\zara\discovery\2516.json
category:25247cba85667883,category:7f82aadbde310d6e,RELATED_LINK,data\raw\zara\discovery\2516.json
category:25247cba85667883,category:c09015cfe6a984fd,RELATED_LINK,data\raw\zara\discovery\2516.json
category:25247cba85667883,category:7646b21c5fe650c0,RELATED_LINK,data\raw\zara\discovery\2516.json
category:25247cba85667883,category:e5bea6e3867aa001,RELATED_LINK,data\raw\zara\discovery\2516.json
category:25247cba85667883,category:2c4a5863c813b5ee,RELATED_LINK,data\raw\zara\discovery\2516.json
category:25247cba85667883,category:9b53282c363d9d71,RELATED_LINK,data\raw\zara\discovery\2516.json
category:25247cba85667883,category:5a9cf10d56051d37,RELATED_LINK,data\raw\zara\discovery\2516.json
category:25247cba85667883,category:7e78d3be6d7c9174,RELATED_LINK,data\raw\zara\discovery\2516.json
category:25247cba85667883,category:5f59c07a6fd1725b,RELATED_LINK,data\raw\zara\discovery\2516.json
category:25247cba85667883,category:c596c1e2efebefde,RELATED_LINK,data\raw\zara\discovery\2516.json
category:25247cba85667883,category:2e610c19e30d8431,RELATED_LINK,data\raw\zara\discovery\2516.json
category:25247cba85667883,category:12f261f83e72a881,RELATED_LINK,data\raw\zara\discovery\2516.json
category:25247cba85667883,category:c5ab2427ffab4133,RELATED_LINK,data\raw\zara\discovery\2516.json
category:25247cba85667883,category:5fef2668deb47355,RELATED_LINK,data\raw\zara\discovery\2516.json
category:25247cba85667883,category:90cc12c57e779476,RELATED_LINK,data\raw\zara\discovery\2516.json
category:25247cba85667883,category:4618ddd0488f15c7,RELATED_LINK,data\raw\zara\discovery\2516.json
category:25247cba85667883,category:67ae6741c8034dac,RELATED_LINK,data\raw\zara\discovery\2516.json
category:25247cba85667883,category:e16bc65c15899d9d,RELATED_LINK,data\raw\zara\discovery\2516.json
category:25247cba85667883,category:e1c79596ba9ed8b8,RELATED_LINK,data\raw\zara\discovery\2516.json
category:25247cba85667883,category:c02c58555d24d51a,RELATED_LINK,data\raw\zara\discovery\2516.json
category:25247cba85667883,category:a5b3626926846f0b,RELATED_LINK,data\raw\zara\discovery\2516.json
category:25247cba85667883,category:97787d9f86820684,RELATED_LINK,data\raw\zara\discovery\2516.json
category:25247cba85667883,category:28187e18bcbcb457,RELATED_LINK,data\raw\zara\discovery\2516.json
category:25247cba85667883,category:a90746e9b12ca312,RELATED_LINK,data\raw\zara\discovery\2516.json
category:25247cba85667883,category:5069281f29a1ff75,RELATED_LINK,data\raw\zara\discovery\2516.json
category:25247cba85667883,category:7d11bbc8108fb596,RELATED_LINK,data\raw\zara\discovery\2516.json
category:25247cba85667883,category:51722dd38abdd1cb,RELATED_LINK,data\raw\zara\discovery\2516.json
category:25247cba85667883,category:b8f2003d5b630a6d,RELATED_LINK,data\raw\zara\discovery\2516.json
category:25247cba85667883,category:31967ffd8526d619,RELATED_LINK,data\raw\zara\discovery\2516.json
category:25247cba85667883,category:ef79297b7a465839,RELATED_LINK,data\raw\zara\discovery\2516.json
category:25247cba85667883,category:de8b8e048badf9de,RELATED_LINK,data\raw\zara\discovery\2516.json
category:25247cba85667883,category:92d87157bfe4c137,RELATED_LINK,data\raw\zara\discovery\2516.json
category:25247cba85667883,category:d9d8e46557c98bec,RELATED_LINK,data\raw\zara\discovery\2516.json
category:25247cba85667883,category:5d492e64a36987f3,RELATED_LINK,data\raw\zara\discovery\2516.json
category:25247cba85667883,category:e571a2bc5f5180d9,RELATED_LINK,data\raw\zara\discovery\2516.json
category:25247cba85667883,category:62c9ea812ac9a762,RELATED_LINK,data\raw\zara\discovery\2516.json
category:2e610c19e30d8431,category:25c9417fba67de39,RELATED_LINK,data\raw\zara\discovery\2517.json
category:2e610c19e30d8431,category:fddee08b1d9b3ebb,RELATED_LINK,data\raw\zara\discovery\2517.json
category:2e610c19e30d8431,category:d280084976e53695,RELATED_LINK,data\raw\zara\discovery\2517.json
category:2e610c19e30d8431,category:467fd38657bfd668,RELATED_LINK,data\raw\zara\discovery\2517.json
category:2e610c19e30d8431,category:7f82aadbde310d6e,RELATED_LINK,data\raw\zara\discovery\2517.json
category:2e610c19e30d8431,category:c09015cfe6a984fd,RELATED_LINK,data\raw\zara\discovery\2517.json
category:2e610c19e30d8431,category:7646b21c5fe650c0,RELATED_LINK,data\raw\zara\discovery\2517.json
category:2e610c19e30d8431,category:c5ab2427ffab4133,RELATED_LINK,data\raw\zara\discovery\2517.json
category:2e610c19e30d8431,category:e5bea6e3867aa001,RELATED_LINK,data\raw\zara\discovery\2517.json
category:2e610c19e30d8431,category:90cc12c57e779476,RELATED_LINK,data\raw\zara\discovery\2517.json
category:2e610c19e30d8431,category:9b53282c363d9d71,RELATED_LINK,data\raw\zara\discovery\2517.json
category:2e610c19e30d8431,category:5a9cf10d56051d37,RELATED_LINK,data\raw\zara\discovery\2517.json
category:2e610c19e30d8431,category:7e78d3be6d7c9174,RELATED_LINK,data\raw\zara\discovery\2517.json
category:2e610c19e30d8431,category:5f59c07a6fd1725b,RELATED_LINK,data\raw\zara\discovery\2517.json
category:2e610c19e30d8431,category:c596c1e2efebefde,RELATED_LINK,data\raw\zara\discovery\2517.json
category:2e610c19e30d8431,category:12f261f83e72a881,RELATED_LINK,data\raw\zara\discovery\2517.json
category:2e610c19e30d8431,category:25247cba85667883,RELATED_LINK,data\raw\zara\discovery\2517.json
category:2e610c19e30d8431,category:5fef2668deb47355,RELATED_LINK,data\raw\zara\discovery\2517.json
category:2e610c19e30d8431,category:4618ddd0488f15c7,RELATED_LINK,data\raw\zara\discovery\2517.json
category:2e610c19e30d8431,category:2c4a5863c813b5ee,RELATED_LINK,data\raw\zara\discovery\2517.json
category:2e610c19e30d8431,category:67ae6741c8034dac,RELATED_LINK,data\raw\zara\discovery\2517.json
category:2e610c19e30d8431,category:e16bc65c15899d9d,RELATED_LINK,data\raw\zara\discovery\2517.json
category:2e610c19e30d8431,category:e1c79596ba9ed8b8,RELATED_LINK,data\raw\zara\discovery\2517.json
category:2e610c19e30d8431,category:c02c58555d24d51a,RELATED_LINK,data\raw\zara\discovery\2517.json
category:2e610c19e30d8431,category:a5b3626926846f0b,RELATED_LINK,data\raw\zara\discovery\2517.json
category:2e610c19e30d8431,category:97787d9f86820684,RELATED_LINK,data\raw\zara\discovery\2517.json
category:2e610c19e30d8431,category:28187e18bcbcb457,RELATED_LINK,data\raw\zara\discovery\2517.json
category:2e610c19e30d8431,category:a90746e9b12ca312,RELATED_LINK,data\raw\zara\discovery\2517.json
category:2e610c19e30d8431,category:5069281f29a1ff75,RELATED_LINK,data\raw\zara\discovery\2517.json
category:2e610c19e30d8431,category:7d11bbc8108fb596,RELATED_LINK,data\raw\zara\discovery\2517.json
category:2e610c19e30d8431,category:51722dd38abdd1cb,RELATED_LINK,data\raw\zara\discovery\2517.json
category:2e610c19e30d8431,category:b8f2003d5b630a6d,RELATED_LINK,data\raw\zara\discovery\2517.json
category:2e610c19e30d8431,category:31967ffd8526d619,RELATED_LINK,data\raw\zara\discovery\2517.json
category:2e610c19e30d8431,category:ef79297b7a465839,RELATED_LINK,data\raw\zara\discovery\2517.json
category:2e610c19e30d8431,category:de8b8e048badf9de,RELATED_LINK,data\raw\zara\discovery\2517.json
category:2e610c19e30d8431,category:92d87157bfe4c137,RELATED_LINK,data\raw\zara\discovery\2517.json
category:2e610c19e30d8431,category:d9d8e46557c98bec,RELATED_LINK,data\raw\zara\discovery\2517.json
category:2e610c19e30d8431,category:5d492e64a36987f3,RELATED_LINK,data\raw\zara\discovery\2517.json
category:2e610c19e30d8431,category:e571a2bc5f5180d9,RELATED_LINK,data\raw\zara\discovery\2517.json
category:7646b21c5fe650c0,category:25c9417fba67de39,RELATED_LINK,data\raw\zara\discovery\3174.json
category:7646b21c5fe650c0,category:fddee08b1d9b3ebb,RELATED_LINK,data\raw\zara\discovery\3174.json
category:7646b21c5fe650c0,category:d280084976e53695,RELATED_LINK,data\raw\zara\discovery\3174.json
category:7646b21c5fe650c0,category:467fd38657bfd668,RELATED_LINK,data\raw\zara\discovery\3174.json
category:7646b21c5fe650c0,category:7f82aadbde310d6e,RELATED_LINK,data\raw\zara\discovery\3174.json
category:7646b21c5fe650c0,category:c09015cfe6a984fd,RELATED_LINK,data\raw\zara\discovery\3174.json
category:7646b21c5fe650c0,category:9b53282c363d9d71,RELATED_LINK,data\raw\zara\discovery\3174.json
category:7646b21c5fe650c0,category:5a9cf10d56051d37,RELATED_LINK,data\raw\zara\discovery\3174.json
category:7646b21c5fe650c0,category:e5bea6e3867aa001,RELATED_LINK,data\raw\zara\discovery\3174.json
category:7646b21c5fe650c0,category:7e78d3be6d7c9174,RELATED_LINK,data\raw\zara\discovery\3174.json
category:7646b21c5fe650c0,category:5f59c07a6fd1725b,RELATED_LINK,data\raw\zara\discovery\3174.json
category:7646b21c5fe650c0,category:c596c1e2efebefde,RELATED_LINK,data\raw\zara\discovery\3174.json
category:7646b21c5fe650c0,category:2e610c19e30d8431,RELATED_LINK,data\raw\zara\discovery\3174.json
category:7646b21c5fe650c0,category:12f261f83e72a881,RELATED_LINK,data\raw\zara\discovery\3174.json
category:7646b21c5fe650c0,category:c5ab2427ffab4133,RELATED_LINK,data\raw\zara\discovery\3174.json
category:7646b21c5fe650c0,category:25247cba85667883,RELATED_LINK,data\raw\zara\discovery\3174.json
category:7646b21c5fe650c0,category:5fef2668deb47355,RELATED_LINK,data\raw\zara\discovery\3174.json
category:7646b21c5fe650c0,category:90cc12c57e779476,RELATED_LINK,data\raw\zara\discovery\3174.json
category:7646b21c5fe650c0,category:4618ddd0488f15c7,RELATED_LINK,data\raw\zara\discovery\3174.json
category:7646b21c5fe650c0,category:2c4a5863c813b5ee,RELATED_LINK,data\raw\zara\discovery\3174.json
category:7646b21c5fe650c0,category:67ae6741c8034dac,RELATED_LINK,data\raw\zara\discovery\3174.json
category:7646b21c5fe650c0,category:e16bc65c15899d9d,RELATED_LINK,data\raw\zara\discovery\3174.json
category:7646b21c5fe650c0,category:e1c79596ba9ed8b8,RELATED_LINK,data\raw\zara\discovery\3174.json
category:7646b21c5fe650c0,category:c02c58555d24d51a,RELATED_LINK,data\raw\zara\discovery\3174.json
category:7646b21c5fe650c0,category:a5b3626926846f0b,RELATED_LINK,data\raw\zara\discovery\3174.json
category:7646b21c5fe650c0,category:97787d9f86820684,RELATED_LINK,data\raw\zara\discovery\3174.json
category:7646b21c5fe650c0,category:28187e18bcbcb457,RELATED_LINK,data\raw\zara\discovery\3174.json
category:7646b21c5fe650c0,category:a90746e9b12ca312,RELATED_LINK,data\raw\zara\discovery\3174.json
category:7646b21c5fe650c0,category:5069281f29a1ff75,RELATED_LINK,data\raw\zara\discovery\3174.json
category:7646b21c5fe650c0,category:7d11bbc8108fb596,RELATED_LINK,data\raw\zara\discovery\3174.json
category:7646b21c5fe650c0,category:51722dd38abdd1cb,RELATED_LINK,data\raw\zara\discovery\3174.json
category:7646b21c5fe650c0,category:b8f2003d5b630a6d,RELATED_LINK,data\raw\zara\discovery\3174.json
category:7646b21c5fe650c0,category:31967ffd8526d619,RELATED_LINK,data\raw\zara\discovery\3174.json
category:7646b21c5fe650c0,category:ef79297b7a465839,RELATED_LINK,data\raw\zara\discovery\3174.json
category:7646b21c5fe650c0,category:de8b8e048badf9de,RELATED_LINK,data\raw\zara\discovery\3174.json
category:7646b21c5fe650c0,category:92d87157bfe4c137,RELATED_LINK,data\raw\zara\discovery\3174.json
category:7646b21c5fe650c0,category:d9d8e46557c98bec,RELATED_LINK,data\raw\zara\discovery\3174.json
category:7646b21c5fe650c0,category:5d492e64a36987f3,RELATED_LINK,data\raw\zara\discovery\3174.json
category:7646b21c5fe650c0,category:e571a2bc5f5180d9,RELATED_LINK,data\raw\zara\discovery\3174.json
category:7646b21c5fe650c0,category:d4efe5de60650ba8,RELATED_LINK,data\raw\zara\discovery\3174.json
category:4618ddd0488f15c7,category:25c9417fba67de39,RELATED_LINK,data\raw\zara\discovery\4055.json
category:4618ddd0488f15c7,category:fddee08b1d9b3ebb,RELATED_LINK,data\raw\zara\discovery\4055.json
category:4618ddd0488f15c7,category:d280084976e53695,RELATED_LINK,data\raw\zara\discovery\4055.json
category:4618ddd0488f15c7,category:467fd38657bfd668,RELATED_LINK,data\raw\zara\discovery\4055.json
category:4618ddd0488f15c7,category:7f82aadbde310d6e,RELATED_LINK,data\raw\zara\discovery\4055.json
category:4618ddd0488f15c7,category:c09015cfe6a984fd,RELATED_LINK,data\raw\zara\discovery\4055.json
category:4618ddd0488f15c7,category:7646b21c5fe650c0,RELATED_LINK,data\raw\zara\discovery\4055.json
category:4618ddd0488f15c7,category:9b53282c363d9d71,RELATED_LINK,data\raw\zara\discovery\4055.json
category:4618ddd0488f15c7,category:5a9cf10d56051d37,RELATED_LINK,data\raw\zara\discovery\4055.json
category:4618ddd0488f15c7,category:e5bea6e3867aa001,RELATED_LINK,data\raw\zara\discovery\4055.json
category:4618ddd0488f15c7,category:7e78d3be6d7c9174,RELATED_LINK,data\raw\zara\discovery\4055.json
category:4618ddd0488f15c7,category:5f59c07a6fd1725b,RELATED_LINK,data\raw\zara\discovery\4055.json
category:4618ddd0488f15c7,category:c596c1e2efebefde,RELATED_LINK,data\raw\zara\discovery\4055.json
category:4618ddd0488f15c7,category:2e610c19e30d8431,RELATED_LINK,data\raw\zara\discovery\4055.json
category:4618ddd0488f15c7,category:12f261f83e72a881,RELATED_LINK,data\raw\zara\discovery\4055.json
category:4618ddd0488f15c7,category:c5ab2427ffab4133,RELATED_LINK,data\raw\zara\discovery\4055.json
category:4618ddd0488f15c7,category:25247cba85667883,RELATED_LINK,data\raw\zara\discovery\4055.json
category:4618ddd0488f15c7,category:5fef2668deb47355,RELATED_LINK,data\raw\zara\discovery\4055.json
category:4618ddd0488f15c7,category:90cc12c57e779476,RELATED_LINK,data\raw\zara\discovery\4055.json
category:4618ddd0488f15c7,category:2c4a5863c813b5ee,RELATED_LINK,data\raw\zara\discovery\4055.json
category:4618ddd0488f15c7,category:67ae6741c8034dac,RELATED_LINK,data\raw\zara\discovery\4055.json
category:4618ddd0488f15c7,category:e16bc65c15899d9d,RELATED_LINK,data\raw\zara\discovery\4055.json
category:4618ddd0488f15c7,category:e1c79596ba9ed8b8,RELATED_LINK,data\raw\zara\discovery\4055.json
category:4618ddd0488f15c7,category:c02c58555d24d51a,RELATED_LINK,data\raw\zara\discovery\4055.json
category:4618ddd0488f15c7,category:a5b3626926846f0b,RELATED_LINK,data\raw\zara\discovery\4055.json
category:4618ddd0488f15c7,category:97787d9f86820684,RELATED_LINK,data\raw\zara\discovery\4055.json
category:4618ddd0488f15c7,category:28187e18bcbcb457,RELATED_LINK,data\raw\zara\discovery\4055.json
category:4618ddd0488f15c7,category:a90746e9b12ca312,RELATED_LINK,data\raw\zara\discovery\4055.json
category:4618ddd0488f15c7,category:5069281f29a1ff75,RELATED_LINK,data\raw\zara\discovery\4055.json
category:4618ddd0488f15c7,category:7d11bbc8108fb596,RELATED_LINK,data\raw\zara\discovery\4055.json
category:4618ddd0488f15c7,category:51722dd38abdd1cb,RELATED_LINK,data\raw\zara\discovery\4055.json
category:4618ddd0488f15c7,category:b8f2003d5b630a6d,RELATED_LINK,data\raw\zara\discovery\4055.json
category:4618ddd0488f15c7,category:31967ffd8526d619,RELATED_LINK,data\raw\zara\discovery\4055.json
category:4618ddd0488f15c7,category:ef79297b7a465839,RELATED_LINK,data\raw\zara\discovery\4055.json
category:4618ddd0488f15c7,category:de8b8e048badf9de,RELATED_LINK,data\raw\zara\discovery\4055.json
category:4618ddd0488f15c7,category:92d87157bfe4c137,RELATED_LINK,data\raw\zara\discovery\4055.json
category:4618ddd0488f15c7,category:d9d8e46557c98bec,RELATED_LINK,data\raw\zara\discovery\4055.json
category:4618ddd0488f15c7,category:5d492e64a36987f3,RELATED_LINK,data\raw\zara\discovery\4055.json
category:4618ddd0488f15c7,category:e571a2bc5f5180d9,RELATED_LINK,data\raw\zara\discovery\4055.json
category:67ae6741c8034dac,category:25c9417fba67de39,RELATED_LINK,data\raw\zara\discovery\4172.json
category:67ae6741c8034dac,category:fddee08b1d9b3ebb,RELATED_LINK,data\raw\zara\discovery\4172.json
category:67ae6741c8034dac,category:d280084976e53695,RELATED_LINK,data\raw\zara\discovery\4172.json
category:67ae6741c8034dac,category:467fd38657bfd668,RELATED_LINK,data\raw\zara\discovery\4172.json
category:67ae6741c8034dac,category:7f82aadbde310d6e,RELATED_LINK,data\raw\zara\discovery\4172.json
category:67ae6741c8034dac,category:c09015cfe6a984fd,RELATED_LINK,data\raw\zara\discovery\4172.json
category:67ae6741c8034dac,category:7646b21c5fe650c0,RELATED_LINK,data\raw\zara\discovery\4172.json
category:67ae6741c8034dac,category:9b53282c363d9d71,RELATED_LINK,data\raw\zara\discovery\4172.json
category:67ae6741c8034dac,category:5a9cf10d56051d37,RELATED_LINK,data\raw\zara\discovery\4172.json
category:67ae6741c8034dac,category:e5bea6e3867aa001,RELATED_LINK,data\raw\zara\discovery\4172.json
category:67ae6741c8034dac,category:7e78d3be6d7c9174,RELATED_LINK,data\raw\zara\discovery\4172.json
category:67ae6741c8034dac,category:5f59c07a6fd1725b,RELATED_LINK,data\raw\zara\discovery\4172.json
category:67ae6741c8034dac,category:c596c1e2efebefde,RELATED_LINK,data\raw\zara\discovery\4172.json
category:67ae6741c8034dac,category:2e610c19e30d8431,RELATED_LINK,data\raw\zara\discovery\4172.json
category:67ae6741c8034dac,category:12f261f83e72a881,RELATED_LINK,data\raw\zara\discovery\4172.json
category:67ae6741c8034dac,category:c5ab2427ffab4133,RELATED_LINK,data\raw\zara\discovery\4172.json
category:67ae6741c8034dac,category:25247cba85667883,RELATED_LINK,data\raw\zara\discovery\4172.json
category:67ae6741c8034dac,category:5fef2668deb47355,RELATED_LINK,data\raw\zara\discovery\4172.json
category:67ae6741c8034dac,category:90cc12c57e779476,RELATED_LINK,data\raw\zara\discovery\4172.json
category:67ae6741c8034dac,category:4618ddd0488f15c7,RELATED_LINK,data\raw\zara\discovery\4172.json
category:67ae6741c8034dac,category:2c4a5863c813b5ee,RELATED_LINK,data\raw\zara\discovery\4172.json
category:67ae6741c8034dac,category:e16bc65c15899d9d,RELATED_LINK,data\raw\zara\discovery\4172.json
category:67ae6741c8034dac,category:e1c79596ba9ed8b8,RELATED_LINK,data\raw\zara\discovery\4172.json
category:67ae6741c8034dac,category:c02c58555d24d51a,RELATED_LINK,data\raw\zara\discovery\4172.json
category:67ae6741c8034dac,category:a5b3626926846f0b,RELATED_LINK,data\raw\zara\discovery\4172.json
category:67ae6741c8034dac,category:97787d9f86820684,RELATED_LINK,data\raw\zara\discovery\4172.json
category:67ae6741c8034dac,category:28187e18bcbcb457,RELATED_LINK,data\raw\zara\discovery\4172.json
category:67ae6741c8034dac,category:a90746e9b12ca312,RELATED_LINK,data\raw\zara\discovery\4172.json
category:67ae6741c8034dac,category:5069281f29a1ff75,RELATED_LINK,data\raw\zara\discovery\4172.json
category:67ae6741c8034dac,category:7d11bbc8108fb596,RELATED_LINK,data\raw\zara\discovery\4172.json
category:67ae6741c8034dac,category:51722dd38abdd1cb,RELATED_LINK,data\raw\zara\discovery\4172.json
category:67ae6741c8034dac,category:b8f2003d5b630a6d,RELATED_LINK,data\raw\zara\discovery\4172.json
category:67ae6741c8034dac,category:31967ffd8526d619,RELATED_LINK,data\raw\zara\discovery\4172.json
category:67ae6741c8034dac,category:ef79297b7a465839,RELATED_LINK,data\raw\zara\discovery\4172.json
category:67ae6741c8034dac,category:de8b8e048badf9de,RELATED_LINK,data\raw\zara\discovery\4172.json
category:67ae6741c8034dac,category:92d87157bfe4c137,RELATED_LINK,data\raw\zara\discovery\4172.json
category:67ae6741c8034dac,category:d9d8e46557c98bec,RELATED_LINK,data\raw\zara\discovery\4172.json
category:67ae6741c8034dac,category:5d492e64a36987f3,RELATED_LINK,data\raw\zara\discovery\4172.json
category:67ae6741c8034dac,category:e571a2bc5f5180d9,RELATED_LINK,data\raw\zara\discovery\4172.json
category:67ae6741c8034dac,category:495c7ed667b04858,RELATED_LINK,data\raw\zara\discovery\4172.json
category:7d11bbc8108fb596,category:d466f95da1e8eced,RELATED_LINK,data\raw\zara\discovery\4547.json
category:7d11bbc8108fb596,category:a5b3626926846f0b,RELATED_LINK,data\raw\zara\discovery\4547.json
category:7d11bbc8108fb596,category:61bfa8198472b8bf,RELATED_LINK,data\raw\zara\discovery\4547.json
category:7d11bbc8108fb596,category:97787d9f86820684,RELATED_LINK,data\raw\zara\discovery\4547.json
category:7d11bbc8108fb596,category:28187e18bcbcb457,RELATED_LINK,data\raw\zara\discovery\4547.json
category:7d11bbc8108fb596,category:a90746e9b12ca312,RELATED_LINK,data\raw\zara\discovery\4547.json
category:7d11bbc8108fb596,category:5069281f29a1ff75,RELATED_LINK,data\raw\zara\discovery\4547.json
category:7d11bbc8108fb596,category:37dc724bd80c1c40,RELATED_LINK,data\raw\zara\discovery\4547.json
category:7d11bbc8108fb596,category:7646b21c5fe650c0,RELATED_LINK,data\raw\zara\discovery\4547.json
category:e16bc65c15899d9d,category:25c9417fba67de39,RELATED_LINK,data\raw\zara\discovery\4571.json
category:e16bc65c15899d9d,category:fddee08b1d9b3ebb,RELATED_LINK,data\raw\zara\discovery\4571.json
category:e16bc65c15899d9d,category:d280084976e53695,RELATED_LINK,data\raw\zara\discovery\4571.json
category:e16bc65c15899d9d,category:467fd38657bfd668,RELATED_LINK,data\raw\zara\discovery\4571.json
category:e16bc65c15899d9d,category:7f82aadbde310d6e,RELATED_LINK,data\raw\zara\discovery\4571.json
category:e16bc65c15899d9d,category:c09015cfe6a984fd,RELATED_LINK,data\raw\zara\discovery\4571.json
category:e16bc65c15899d9d,category:7646b21c5fe650c0,RELATED_LINK,data\raw\zara\discovery\4571.json
category:e16bc65c15899d9d,category:9b53282c363d9d71,RELATED_LINK,data\raw\zara\discovery\4571.json
category:e16bc65c15899d9d,category:5a9cf10d56051d37,RELATED_LINK,data\raw\zara\discovery\4571.json
category:e16bc65c15899d9d,category:e5bea6e3867aa001,RELATED_LINK,data\raw\zara\discovery\4571.json
category:e16bc65c15899d9d,category:7e78d3be6d7c9174,RELATED_LINK,data\raw\zara\discovery\4571.json
category:e16bc65c15899d9d,category:5f59c07a6fd1725b,RELATED_LINK,data\raw\zara\discovery\4571.json
category:e16bc65c15899d9d,category:c596c1e2efebefde,RELATED_LINK,data\raw\zara\discovery\4571.json
category:e16bc65c15899d9d,category:2e610c19e30d8431,RELATED_LINK,data\raw\zara\discovery\4571.json
category:e16bc65c15899d9d,category:12f261f83e72a881,RELATED_LINK,data\raw\zara\discovery\4571.json
category:e16bc65c15899d9d,category:c5ab2427ffab4133,RELATED_LINK,data\raw\zara\discovery\4571.json
category:e16bc65c15899d9d,category:25247cba85667883,RELATED_LINK,data\raw\zara\discovery\4571.json
category:e16bc65c15899d9d,category:5fef2668deb47355,RELATED_LINK,data\raw\zara\discovery\4571.json
category:e16bc65c15899d9d,category:90cc12c57e779476,RELATED_LINK,data\raw\zara\discovery\4571.json
category:e16bc65c15899d9d,category:4618ddd0488f15c7,RELATED_LINK,data\raw\zara\discovery\4571.json
category:e16bc65c15899d9d,category:2c4a5863c813b5ee,RELATED_LINK,data\raw\zara\discovery\4571.json
category:e16bc65c15899d9d,category:67ae6741c8034dac,RELATED_LINK,data\raw\zara\discovery\4571.json
category:e16bc65c15899d9d,category:e1c79596ba9ed8b8,RELATED_LINK,data\raw\zara\discovery\4571.json
category:e16bc65c15899d9d,category:c02c58555d24d51a,RELATED_LINK,data\raw\zara\discovery\4571.json
category:e16bc65c15899d9d,category:a5b3626926846f0b,RELATED_LINK,data\raw\zara\discovery\4571.json
category:e16bc65c15899d9d,category:97787d9f86820684,RELATED_LINK,data\raw\zara\discovery\4571.json
category:e16bc65c15899d9d,category:28187e18bcbcb457,RELATED_LINK,data\raw\zara\discovery\4571.json
category:e16bc65c15899d9d,category:a90746e9b12ca312,RELATED_LINK,data\raw\zara\discovery\4571.json
category:e16bc65c15899d9d,category:5069281f29a1ff75,RELATED_LINK,data\raw\zara\discovery\4571.json
category:e16bc65c15899d9d,category:7d11bbc8108fb596,RELATED_LINK,data\raw\zara\discovery\4571.json
category:e16bc65c15899d9d,category:51722dd38abdd1cb,RELATED_LINK,data\raw\zara\discovery\4571.json
category:e16bc65c15899d9d,category:b8f2003d5b630a6d,RELATED_LINK,data\raw\zara\discovery\4571.json
category:e16bc65c15899d9d,category:31967ffd8526d619,RELATED_LINK,data\raw\zara\discovery\4571.json
category:e16bc65c15899d9d,category:ef79297b7a465839,RELATED_LINK,data\raw\zara\discovery\4571.json
category:e16bc65c15899d9d,category:de8b8e048badf9de,RELATED_LINK,data\raw\zara\discovery\4571.json
category:e16bc65c15899d9d,category:92d87157bfe4c137,RELATED_LINK,data\raw\zara\discovery\4571.json
category:e16bc65c15899d9d,category:d9d8e46557c98bec,RELATED_LINK,data\raw\zara\discovery\4571.json
category:e16bc65c15899d9d,category:5d492e64a36987f3,RELATED_LINK,data\raw\zara\discovery\4571.json
category:e16bc65c15899d9d,category:e571a2bc5f5180d9,RELATED_LINK,data\raw\zara\discovery\4571.json
category:e1c79596ba9ed8b8,category:25c9417fba67de39,RELATED_LINK,data\raw\zara\discovery\5523.json
category:e1c79596ba9ed8b8,category:fddee08b1d9b3ebb,RELATED_LINK,data\raw\zara\discovery\5523.json
category:e1c79596ba9ed8b8,category:d280084976e53695,RELATED_LINK,data\raw\zara\discovery\5523.json
category:e1c79596ba9ed8b8,category:467fd38657bfd668,RELATED_LINK,data\raw\zara\discovery\5523.json
category:e1c79596ba9ed8b8,category:7f82aadbde310d6e,RELATED_LINK,data\raw\zara\discovery\5523.json
category:e1c79596ba9ed8b8,category:c09015cfe6a984fd,RELATED_LINK,data\raw\zara\discovery\5523.json
category:e1c79596ba9ed8b8,category:7646b21c5fe650c0,RELATED_LINK,data\raw\zara\discovery\5523.json
category:e1c79596ba9ed8b8,category:9b53282c363d9d71,RELATED_LINK,data\raw\zara\discovery\5523.json
category:e1c79596ba9ed8b8,category:5a9cf10d56051d37,RELATED_LINK,data\raw\zara\discovery\5523.json
category:e1c79596ba9ed8b8,category:e5bea6e3867aa001,RELATED_LINK,data\raw\zara\discovery\5523.json
category:e1c79596ba9ed8b8,category:7e78d3be6d7c9174,RELATED_LINK,data\raw\zara\discovery\5523.json
category:e1c79596ba9ed8b8,category:5f59c07a6fd1725b,RELATED_LINK,data\raw\zara\discovery\5523.json
category:e1c79596ba9ed8b8,category:c596c1e2efebefde,RELATED_LINK,data\raw\zara\discovery\5523.json
category:e1c79596ba9ed8b8,category:2e610c19e30d8431,RELATED_LINK,data\raw\zara\discovery\5523.json
category:e1c79596ba9ed8b8,category:12f261f83e72a881,RELATED_LINK,data\raw\zara\discovery\5523.json
category:e1c79596ba9ed8b8,category:c5ab2427ffab4133,RELATED_LINK,data\raw\zara\discovery\5523.json
category:e1c79596ba9ed8b8,category:25247cba85667883,RELATED_LINK,data\raw\zara\discovery\5523.json
category:e1c79596ba9ed8b8,category:5fef2668deb47355,RELATED_LINK,data\raw\zara\discovery\5523.json
category:e1c79596ba9ed8b8,category:90cc12c57e779476,RELATED_LINK,data\raw\zara\discovery\5523.json
category:e1c79596ba9ed8b8,category:4618ddd0488f15c7,RELATED_LINK,data\raw\zara\discovery\5523.json
category:e1c79596ba9ed8b8,category:2c4a5863c813b5ee,RELATED_LINK,data\raw\zara\discovery\5523.json
category:e1c79596ba9ed8b8,category:67ae6741c8034dac,RELATED_LINK,data\raw\zara\discovery\5523.json
category:e1c79596ba9ed8b8,category:e16bc65c15899d9d,RELATED_LINK,data\raw\zara\discovery\5523.json
category:e1c79596ba9ed8b8,category:c02c58555d24d51a,RELATED_LINK,data\raw\zara\discovery\5523.json
category:e1c79596ba9ed8b8,category:a5b3626926846f0b,RELATED_LINK,data\raw\zara\discovery\5523.json
category:e1c79596ba9ed8b8,category:97787d9f86820684,RELATED_LINK,data\raw\zara\discovery\5523.json
category:e1c79596ba9ed8b8,category:28187e18bcbcb457,RELATED_LINK,data\raw\zara\discovery\5523.json
category:e1c79596ba9ed8b8,category:a90746e9b12ca312,RELATED_LINK,data\raw\zara\discovery\5523.json
category:e1c79596ba9ed8b8,category:5069281f29a1ff75,RELATED_LINK,data\raw\zara\discovery\5523.json
category:e1c79596ba9ed8b8,category:7d11bbc8108fb596,RELATED_LINK,data\raw\zara\discovery\5523.json
category:e1c79596ba9ed8b8,category:51722dd38abdd1cb,RELATED_LINK,data\raw\zara\discovery\5523.json
category:e1c79596ba9ed8b8,category:b8f2003d5b630a6d,RELATED_LINK,data\raw\zara\discovery\5523.json
category:e1c79596ba9ed8b8,category:31967ffd8526d619,RELATED_LINK,data\raw\zara\discovery\5523.json
category:e1c79596ba9ed8b8,category:ef79297b7a465839,RELATED_LINK,data\raw\zara\discovery\5523.json
category:e1c79596ba9ed8b8,category:de8b8e048badf9de,RELATED_LINK,data\raw\zara\discovery\5523.json
category:e1c79596ba9ed8b8,category:92d87157bfe4c137,RELATED_LINK,data\raw\zara\discovery\5523.json
category:e1c79596ba9ed8b8,category:d9d8e46557c98bec,RELATED_LINK,data\raw\zara\discovery\5523.json
category:e1c79596ba9ed8b8,category:5d492e64a36987f3,RELATED_LINK,data\raw\zara\discovery\5523.json
category:e1c79596ba9ed8b8,category:e571a2bc5f5180d9,RELATED_LINK,data\raw\zara\discovery\5523.json
category:e571a2bc5f5180d9,category:19a6dd94aa39230b,RELATED_LINK,data\raw\zara\discovery\563.json
category:e571a2bc5f5180d9,category:fdc035fdb36342c2,RELATED_LINK,data\raw\zara\discovery\563.json
category:e571a2bc5f5180d9,category:691788d11fdcf9d3,RELATED_LINK,data\raw\zara\discovery\563.json
category:e571a2bc5f5180d9,category:76993baa294b3f9f,RELATED_LINK,data\raw\zara\discovery\563.json
category:e571a2bc5f5180d9,category:686ddf6afb5d4c49,RELATED_LINK,data\raw\zara\discovery\563.json
category:e571a2bc5f5180d9,category:7e38fb1089d772c5,RELATED_LINK,data\raw\zara\discovery\563.json
category:e571a2bc5f5180d9,category:575bce77fecfb568,RELATED_LINK,data\raw\zara\discovery\563.json
category:e571a2bc5f5180d9,category:f801c3b930f43b0d,RELATED_LINK,data\raw\zara\discovery\563.json
category:e571a2bc5f5180d9,category:6e92465cde5cc815,RELATED_LINK,data\raw\zara\discovery\563.json
category:e571a2bc5f5180d9,category:4049c58824c38795,RELATED_LINK,data\raw\zara\discovery\563.json
category:e571a2bc5f5180d9,category:6ea736b2bea7bc6b,RELATED_LINK,data\raw\zara\discovery\563.json
category:e571a2bc5f5180d9,category:883a0d42b3ca4a98,RELATED_LINK,data\raw\zara\discovery\563.json
category:e571a2bc5f5180d9,category:a834a1e4069ceb36,RELATED_LINK,data\raw\zara\discovery\563.json
category:e571a2bc5f5180d9,category:376a52d4e95d541b,RELATED_LINK,data\raw\zara\discovery\563.json
category:e571a2bc5f5180d9,category:0fdce009e67eb18c,RELATED_LINK,data\raw\zara\discovery\563.json
category:e571a2bc5f5180d9,category:1edcfef629b642eb,RELATED_LINK,data\raw\zara\discovery\563.json
category:e571a2bc5f5180d9,category:6c4c161f59dae123,RELATED_LINK,data\raw\zara\discovery\563.json
category:e571a2bc5f5180d9,category:4a73d0ffb2114821,RELATED_LINK,data\raw\zara\discovery\563.json
category:e571a2bc5f5180d9,category:b7431cbee5c0fcf6,RELATED_LINK,data\raw\zara\discovery\563.json
category:e571a2bc5f5180d9,category:237a07244d3ae02e,RELATED_LINK,data\raw\zara\discovery\563.json
category:e571a2bc5f5180d9,category:c02c58555d24d51a,RELATED_LINK,data\raw\zara\discovery\563.json
category:e571a2bc5f5180d9,category:a5b3626926846f0b,RELATED_LINK,data\raw\zara\discovery\563.json
category:e571a2bc5f5180d9,category:97787d9f86820684,RELATED_LINK,data\raw\zara\discovery\563.json
category:e571a2bc5f5180d9,category:28187e18bcbcb457,RELATED_LINK,data\raw\zara\discovery\563.json
category:e571a2bc5f5180d9,category:a90746e9b12ca312,RELATED_LINK,data\raw\zara\discovery\563.json
category:e571a2bc5f5180d9,category:5069281f29a1ff75,RELATED_LINK,data\raw\zara\discovery\563.json
category:e571a2bc5f5180d9,category:7d11bbc8108fb596,RELATED_LINK,data\raw\zara\discovery\563.json
category:e571a2bc5f5180d9,category:51722dd38abdd1cb,RELATED_LINK,data\raw\zara\discovery\563.json
category:e571a2bc5f5180d9,category:b8f2003d5b630a6d,RELATED_LINK,data\raw\zara\discovery\563.json
category:e571a2bc5f5180d9,category:31967ffd8526d619,RELATED_LINK,data\raw\zara\discovery\563.json
category:e571a2bc5f5180d9,category:ef79297b7a465839,RELATED_LINK,data\raw\zara\discovery\563.json
category:e571a2bc5f5180d9,category:de8b8e048badf9de,RELATED_LINK,data\raw\zara\discovery\563.json
category:e571a2bc5f5180d9,category:92d87157bfe4c137,RELATED_LINK,data\raw\zara\discovery\563.json
category:e571a2bc5f5180d9,category:d9d8e46557c98bec,RELATED_LINK,data\raw\zara\discovery\563.json
category:e571a2bc5f5180d9,category:5d492e64a36987f3,RELATED_LINK,data\raw\zara\discovery\563.json
category:e571a2bc5f5180d9,category:33ef15e54b045ae6,RELATED_LINK,data\raw\zara\discovery\563.json
category:5069281f29a1ff75,category:d466f95da1e8eced,RELATED_LINK,data\raw\zara\discovery\648.json
category:5069281f29a1ff75,category:a5b3626926846f0b,RELATED_LINK,data\raw\zara\discovery\648.json
category:5069281f29a1ff75,category:61bfa8198472b8bf,RELATED_LINK,data\raw\zara\discovery\648.json
category:5069281f29a1ff75,category:97787d9f86820684,RELATED_LINK,data\raw\zara\discovery\648.json
category:5069281f29a1ff75,category:28187e18bcbcb457,RELATED_LINK,data\raw\zara\discovery\648.json
category:5069281f29a1ff75,category:a90746e9b12ca312,RELATED_LINK,data\raw\zara\discovery\648.json
category:5069281f29a1ff75,category:7d11bbc8108fb596,RELATED_LINK,data\raw\zara\discovery\648.json
category:5069281f29a1ff75,category:37dc724bd80c1c40,RELATED_LINK,data\raw\zara\discovery\648.json
category:5069281f29a1ff75,category:7646b21c5fe650c0,RELATED_LINK,data\raw\zara\discovery\648.json
category:5069281f29a1ff75,category:8d4e81f4b620cdcc,RELATED_LINK,data\raw\zara\discovery\648.json
category:5069281f29a1ff75,category:37a4fc360fc57a38,RELATED_LINK,data\raw\zara\discovery\648.json
category:5069281f29a1ff75,category:dba9c107518a1632,RELATED_LINK,data\raw\zara\discovery\648.json
category:5069281f29a1ff75,category:4432feb00c7edf95,RELATED_LINK,data\raw\zara\discovery\648.json
category:5069281f29a1ff75,category:28572a343e2c429d,RELATED_LINK,data\raw\zara\discovery\648.json
category:5069281f29a1ff75,category:fed151a9d65b8ad3,RELATED_LINK,data\raw\zara\discovery\648.json
category:5069281f29a1ff75,category:8b8145fc7f2ad196,RELATED_LINK,data\raw\zara\discovery\648.json
category:5069281f29a1ff75,category:8c927193a3b40740,RELATED_LINK,data\raw\zara\discovery\648.json
category:5069281f29a1ff75,category:4fabffd358edf819,RELATED_LINK,data\raw\zara\discovery\648.json
category:5069281f29a1ff75,category:7ff51dc7957a0a2c,RELATED_LINK,data\raw\zara\discovery\648.json
category:5069281f29a1ff75,category:734578e41a3f8fea,RELATED_LINK,data\raw\zara\discovery\648.json
category:5069281f29a1ff75,category:24daa9d3ba40a780,RELATED_LINK,data\raw\zara\discovery\648.json
category:5069281f29a1ff75,category:0c73b89bcddff9ce,RELATED_LINK,data\raw\zara\discovery\648.json
category:5069281f29a1ff75,category:7e50906a999ec3af,RELATED_LINK,data\raw\zara\discovery\648.json
category:5069281f29a1ff75,category:d0f80555e2c06f52,RELATED_LINK,data\raw\zara\discovery\648.json
category:5069281f29a1ff75,category:1fd02aa46dd180cf,RELATED_LINK,data\raw\zara\discovery\648.json
category:5069281f29a1ff75,category:54cdda3c354f0d77,RELATED_LINK,data\raw\zara\discovery\648.json
category:5069281f29a1ff75,category:d3dcf6c68807049d,RELATED_LINK,data\raw\zara\discovery\648.json
category:5069281f29a1ff75,category:93bb337d27e06b4d,RELATED_LINK,data\raw\zara\discovery\648.json
category:5069281f29a1ff75,category:5c7dd0615b3b0aa8,RELATED_LINK,data\raw\zara\discovery\648.json
category:5069281f29a1ff75,category:eb5bae8f1b82f340,RELATED_LINK,data\raw\zara\discovery\648.json
category:5069281f29a1ff75,category:2b6d0cbeb1053c3c,RELATED_LINK,data\raw\zara\discovery\648.json
category:5069281f29a1ff75,category:b4a263e99cecb697,RELATED_LINK,data\raw\zara\discovery\648.json
category:5069281f29a1ff75,category:c02c58555d24d51a,RELATED_LINK,data\raw\zara\discovery\648.json
category:5069281f29a1ff75,category:51722dd38abdd1cb,RELATED_LINK,data\raw\zara\discovery\648.json
category:5069281f29a1ff75,category:b8f2003d5b630a6d,RELATED_LINK,data\raw\zara\discovery\648.json
category:5069281f29a1ff75,category:31967ffd8526d619,RELATED_LINK,data\raw\zara\discovery\648.json
category:5069281f29a1ff75,category:ef79297b7a465839,RELATED_LINK,data\raw\zara\discovery\648.json
category:5069281f29a1ff75,category:de8b8e048badf9de,RELATED_LINK,data\raw\zara\discovery\648.json
category:5069281f29a1ff75,category:92d87157bfe4c137,RELATED_LINK,data\raw\zara\discovery\648.json
category:5069281f29a1ff75,category:d9d8e46557c98bec,RELATED_LINK,data\raw\zara\discovery\648.json
category:5069281f29a1ff75,category:5d492e64a36987f3,RELATED_LINK,data\raw\zara\discovery\648.json
category:5069281f29a1ff75,category:e571a2bc5f5180d9,RELATED_LINK,data\raw\zara\discovery\648.json
category:5069281f29a1ff75,category:2d1aa939f9529801,RELATED_LINK,data\raw\zara\discovery\648.json
category:97787d9f86820684,category:d466f95da1e8eced,RELATED_LINK,data\raw\zara\discovery\650.json
category:97787d9f86820684,category:a5b3626926846f0b,RELATED_LINK,data\raw\zara\discovery\650.json
category:97787d9f86820684,category:61bfa8198472b8bf,RELATED_LINK,data\raw\zara\discovery\650.json
category:97787d9f86820684,category:28187e18bcbcb457,RELATED_LINK,data\raw\zara\discovery\650.json
category:97787d9f86820684,category:a90746e9b12ca312,RELATED_LINK,data\raw\zara\discovery\650.json
category:97787d9f86820684,category:5069281f29a1ff75,RELATED_LINK,data\raw\zara\discovery\650.json
category:97787d9f86820684,category:7d11bbc8108fb596,RELATED_LINK,data\raw\zara\discovery\650.json
category:97787d9f86820684,category:37dc724bd80c1c40,RELATED_LINK,data\raw\zara\discovery\650.json
category:97787d9f86820684,category:7646b21c5fe650c0,RELATED_LINK,data\raw\zara\discovery\650.json
category:97787d9f86820684,category:54cdda3c354f0d77,RELATED_LINK,data\raw\zara\discovery\650.json
category:97787d9f86820684,category:8d4e81f4b620cdcc,RELATED_LINK,data\raw\zara\discovery\650.json
category:97787d9f86820684,category:59ffc35717e82d31,RELATED_LINK,data\raw\zara\discovery\650.json
category:97787d9f86820684,category:ff859f79b481a2b2,RELATED_LINK,data\raw\zara\discovery\650.json
category:95e5cfecdb516acf,category:b8f2003d5b630a6d,RELATED_LINK,data\raw\zara\discovery\681.json
category:95e5cfecdb516acf,category:7a752eb68f1cae0e,RELATED_LINK,data\raw\zara\discovery\681.json
category:95e5cfecdb516acf,category:e632f55b0d5079fa,RELATED_LINK,data\raw\zara\discovery\681.json
category:95e5cfecdb516acf,category:8d250ac17ea28fc3,RELATED_LINK,data\raw\zara\discovery\681.json
category:95e5cfecdb516acf,category:821995052cd71215,RELATED_LINK,data\raw\zara\discovery\681.json
category:95e5cfecdb516acf,category:2d49f486bd2ed5b0,RELATED_LINK,data\raw\zara\discovery\681.json
category:95e5cfecdb516acf,category:edf74258aea68d6d,RELATED_LINK,data\raw\zara\discovery\681.json
category:95e5cfecdb516acf,category:d9696bea43959cb4,RELATED_LINK,data\raw\zara\discovery\681.json
category:95e5cfecdb516acf,category:bbe22ad06abeeb73,RELATED_LINK,data\raw\zara\discovery\681.json
category:95e5cfecdb516acf,category:59b71b7f3cba026f,RELATED_LINK,data\raw\zara\discovery\681.json
category:95e5cfecdb516acf,category:2fd2524a9b1dd71b,RELATED_LINK,data\raw\zara\discovery\681.json
category:95e5cfecdb516acf,category:9d2200b6160148da,RELATED_LINK,data\raw\zara\discovery\681.json
category:95e5cfecdb516acf,category:3a48f9c2d568b2bc,RELATED_LINK,data\raw\zara\discovery\681.json
category:95e5cfecdb516acf,category:f8f9710b43e07408,RELATED_LINK,data\raw\zara\discovery\681.json
category:95e5cfecdb516acf,category:020b9b86d6e16443,RELATED_LINK,data\raw\zara\discovery\681.json
category:95e5cfecdb516acf,category:b1d2c0ce125c6d18,RELATED_LINK,data\raw\zara\discovery\681.json
category:95e5cfecdb516acf,category:846cf17ed47850d4,RELATED_LINK,data\raw\zara\discovery\681.json
category:95e5cfecdb516acf,category:6ab8bd534d27c530,RELATED_LINK,data\raw\zara\discovery\681.json
category:95e5cfecdb516acf,category:55f9e2d28d9cc83c,RELATED_LINK,data\raw\zara\discovery\681.json
category:95e5cfecdb516acf,category:38bc8882fbd58b3d,RELATED_LINK,data\raw\zara\discovery\681.json
category:95e5cfecdb516acf,category:1472a70685109e9b,RELATED_LINK,data\raw\zara\discovery\681.json
category:95e5cfecdb516acf,category:9575ffcb4f8104f6,RELATED_LINK,data\raw\zara\discovery\681.json
category:95e5cfecdb516acf,category:c02c58555d24d51a,RELATED_LINK,data\raw\zara\discovery\681.json
category:95e5cfecdb516acf,category:a5b3626926846f0b,RELATED_LINK,data\raw\zara\discovery\681.json
category:95e5cfecdb516acf,category:97787d9f86820684,RELATED_LINK,data\raw\zara\discovery\681.json
category:95e5cfecdb516acf,category:28187e18bcbcb457,RELATED_LINK,data\raw\zara\discovery\681.json
category:95e5cfecdb516acf,category:a90746e9b12ca312,RELATED_LINK,data\raw\zara\discovery\681.json
category:95e5cfecdb516acf,category:5069281f29a1ff75,RELATED_LINK,data\raw\zara\discovery\681.json
category:95e5cfecdb516acf,category:7d11bbc8108fb596,RELATED_LINK,data\raw\zara\discovery\681.json
category:95e5cfecdb516acf,category:51722dd38abdd1cb,RELATED_LINK,data\raw\zara\discovery\681.json
category:95e5cfecdb516acf,category:31967ffd8526d619,RELATED_LINK,data\raw\zara\discovery\681.json
category:95e5cfecdb516acf,category:ef79297b7a465839,RELATED_LINK,data\raw\zara\discovery\681.json
category:95e5cfecdb516acf,category:de8b8e048badf9de,RELATED_LINK,data\raw\zara\discovery\681.json
category:95e5cfecdb516acf,category:92d87157bfe4c137,RELATED_LINK,data\raw\zara\discovery\681.json
category:95e5cfecdb516acf,category:d9d8e46557c98bec,RELATED_LINK,data\raw\zara\discovery\681.json
category:95e5cfecdb516acf,category:5d492e64a36987f3,RELATED_LINK,data\raw\zara\discovery\681.json
category:95e5cfecdb516acf,category:e571a2bc5f5180d9,RELATED_LINK,data\raw\zara\discovery\681.json
category:95e5cfecdb516acf,category:3510bf5cf26ec531,RELATED_LINK,data\raw\zara\discovery\681.json
category:51722dd38abdd1cb,category:fed151a9d65b8ad3,RELATED_LINK,data\raw\zara\discovery\715.json
category:a5b3626926846f0b,category:d466f95da1e8eced,RELATED_LINK,data\raw\zara\discovery\722.json
category:a5b3626926846f0b,category:61bfa8198472b8bf,RELATED_LINK,data\raw\zara\discovery\722.json
category:a5b3626926846f0b,category:97787d9f86820684,RELATED_LINK,data\raw\zara\discovery\722.json
category:a5b3626926846f0b,category:28187e18bcbcb457,RELATED_LINK,data\raw\zara\discovery\722.json
category:a5b3626926846f0b,category:a90746e9b12ca312,RELATED_LINK,data\raw\zara\discovery\722.json
category:a5b3626926846f0b,category:5069281f29a1ff75,RELATED_LINK,data\raw\zara\discovery\722.json
category:a5b3626926846f0b,category:7d11bbc8108fb596,RELATED_LINK,data\raw\zara\discovery\722.json
category:a5b3626926846f0b,category:37dc724bd80c1c40,RELATED_LINK,data\raw\zara\discovery\722.json
category:a5b3626926846f0b,category:7646b21c5fe650c0,RELATED_LINK,data\raw\zara\discovery\722.json
category:a5b3626926846f0b,category:4432feb00c7edf95,RELATED_LINK,data\raw\zara\discovery\722.json
category:a5b3626926846f0b,category:28572a343e2c429d,RELATED_LINK,data\raw\zara\discovery\722.json
category:a5b3626926846f0b,category:fed151a9d65b8ad3,RELATED_LINK,data\raw\zara\discovery\722.json
category:a5b3626926846f0b,category:8b8145fc7f2ad196,RELATED_LINK,data\raw\zara\discovery\722.json
category:a5b3626926846f0b,category:8c927193a3b40740,RELATED_LINK,data\raw\zara\discovery\722.json
category:a5b3626926846f0b,category:4fabffd358edf819,RELATED_LINK,data\raw\zara\discovery\722.json
category:a5b3626926846f0b,category:7ff51dc7957a0a2c,RELATED_LINK,data\raw\zara\discovery\722.json
category:a5b3626926846f0b,category:734578e41a3f8fea,RELATED_LINK,data\raw\zara\discovery\722.json
category:a5b3626926846f0b,category:24daa9d3ba40a780,RELATED_LINK,data\raw\zara\discovery\722.json
category:a5b3626926846f0b,category:0c73b89bcddff9ce,RELATED_LINK,data\raw\zara\discovery\722.json
category:a5b3626926846f0b,category:7e50906a999ec3af,RELATED_LINK,data\raw\zara\discovery\722.json
category:a5b3626926846f0b,category:d0f80555e2c06f52,RELATED_LINK,data\raw\zara\discovery\722.json
category:a5b3626926846f0b,category:1fd02aa46dd180cf,RELATED_LINK,data\raw\zara\discovery\722.json
category:a5b3626926846f0b,category:37a4fc360fc57a38,RELATED_LINK,data\raw\zara\discovery\722.json
category:a5b3626926846f0b,category:54cdda3c354f0d77,RELATED_LINK,data\raw\zara\discovery\722.json
category:a5b3626926846f0b,category:d3dcf6c68807049d,RELATED_LINK,data\raw\zara\discovery\722.json
category:a5b3626926846f0b,category:93bb337d27e06b4d,RELATED_LINK,data\raw\zara\discovery\722.json
category:a5b3626926846f0b,category:5c7dd0615b3b0aa8,RELATED_LINK,data\raw\zara\discovery\722.json
category:a5b3626926846f0b,category:eb5bae8f1b82f340,RELATED_LINK,data\raw\zara\discovery\722.json
category:a5b3626926846f0b,category:2b6d0cbeb1053c3c,RELATED_LINK,data\raw\zara\discovery\722.json
category:a5b3626926846f0b,category:b4a263e99cecb697,RELATED_LINK,data\raw\zara\discovery\722.json
category:a5b3626926846f0b,category:c02c58555d24d51a,RELATED_LINK,data\raw\zara\discovery\722.json
category:a5b3626926846f0b,category:51722dd38abdd1cb,RELATED_LINK,data\raw\zara\discovery\722.json
category:a5b3626926846f0b,category:b8f2003d5b630a6d,RELATED_LINK,data\raw\zara\discovery\722.json
category:a5b3626926846f0b,category:31967ffd8526d619,RELATED_LINK,data\raw\zara\discovery\722.json
category:a5b3626926846f0b,category:ef79297b7a465839,RELATED_LINK,data\raw\zara\discovery\722.json
category:a5b3626926846f0b,category:de8b8e048badf9de,RELATED_LINK,data\raw\zara\discovery\722.json
category:a5b3626926846f0b,category:92d87157bfe4c137,RELATED_LINK,data\raw\zara\discovery\722.json
category:a5b3626926846f0b,category:d9d8e46557c98bec,RELATED_LINK,data\raw\zara\discovery\722.json
category:a5b3626926846f0b,category:5d492e64a36987f3,RELATED_LINK,data\raw\zara\discovery\722.json
category:a5b3626926846f0b,category:e571a2bc5f5180d9,RELATED_LINK,data\raw\zara\discovery\722.json
category:28187e18bcbcb457,category:d466f95da1e8eced,RELATED_LINK,data\raw\zara\discovery\730.json
category:28187e18bcbcb457,category:a5b3626926846f0b,RELATED_LINK,data\raw\zara\discovery\730.json
category:28187e18bcbcb457,category:61bfa8198472b8bf,RELATED_LINK,data\raw\zara\discovery\730.json
category:28187e18bcbcb457,category:97787d9f86820684,RELATED_LINK,data\raw\zara\discovery\730.json
category:28187e18bcbcb457,category:a90746e9b12ca312,RELATED_LINK,data\raw\zara\discovery\730.json
category:28187e18bcbcb457,category:5069281f29a1ff75,RELATED_LINK,data\raw\zara\discovery\730.json
category:28187e18bcbcb457,category:7d11bbc8108fb596,RELATED_LINK,data\raw\zara\discovery\730.json
category:28187e18bcbcb457,category:37dc724bd80c1c40,RELATED_LINK,data\raw\zara\discovery\730.json
category:28187e18bcbcb457,category:7646b21c5fe650c0,RELATED_LINK,data\raw\zara\discovery\730.json
category:28187e18bcbcb457,category:aabdae03b998407c,RELATED_LINK,data\raw\zara\discovery\730.json
category:28187e18bcbcb457,category:d3dcf6c68807049d,RELATED_LINK,data\raw\zara\discovery\730.json
category:28187e18bcbcb457,category:4432feb00c7edf95,RELATED_LINK,data\raw\zara\discovery\730.json
category:28187e18bcbcb457,category:28572a343e2c429d,RELATED_LINK,data\raw\zara\discovery\730.json
category:28187e18bcbcb457,category:fed151a9d65b8ad3,RELATED_LINK,data\raw\zara\discovery\730.json
category:28187e18bcbcb457,category:8b8145fc7f2ad196,RELATED_LINK,data\raw\zara\discovery\730.json
category:28187e18bcbcb457,category:8c927193a3b40740,RELATED_LINK,data\raw\zara\discovery\730.json
category:28187e18bcbcb457,category:4fabffd358edf819,RELATED_LINK,data\raw\zara\discovery\730.json
category:28187e18bcbcb457,category:7ff51dc7957a0a2c,RELATED_LINK,data\raw\zara\discovery\730.json
category:28187e18bcbcb457,category:734578e41a3f8fea,RELATED_LINK,data\raw\zara\discovery\730.json
category:28187e18bcbcb457,category:24daa9d3ba40a780,RELATED_LINK,data\raw\zara\discovery\730.json
category:28187e18bcbcb457,category:0c73b89bcddff9ce,RELATED_LINK,data\raw\zara\discovery\730.json
category:28187e18bcbcb457,category:7e50906a999ec3af,RELATED_LINK,data\raw\zara\discovery\730.json
category:28187e18bcbcb457,category:d0f80555e2c06f52,RELATED_LINK,data\raw\zara\discovery\730.json
category:28187e18bcbcb457,category:1fd02aa46dd180cf,RELATED_LINK,data\raw\zara\discovery\730.json
category:28187e18bcbcb457,category:37a4fc360fc57a38,RELATED_LINK,data\raw\zara\discovery\730.json
category:28187e18bcbcb457,category:54cdda3c354f0d77,RELATED_LINK,data\raw\zara\discovery\730.json
category:28187e18bcbcb457,category:93bb337d27e06b4d,RELATED_LINK,data\raw\zara\discovery\730.json
category:28187e18bcbcb457,category:5c7dd0615b3b0aa8,RELATED_LINK,data\raw\zara\discovery\730.json
category:28187e18bcbcb457,category:eb5bae8f1b82f340,RELATED_LINK,data\raw\zara\discovery\730.json
category:28187e18bcbcb457,category:2b6d0cbeb1053c3c,RELATED_LINK,data\raw\zara\discovery\730.json
category:28187e18bcbcb457,category:b4a263e99cecb697,RELATED_LINK,data\raw\zara\discovery\730.json
category:28187e18bcbcb457,category:c02c58555d24d51a,RELATED_LINK,data\raw\zara\discovery\730.json
category:28187e18bcbcb457,category:51722dd38abdd1cb,RELATED_LINK,data\raw\zara\discovery\730.json
category:28187e18bcbcb457,category:b8f2003d5b630a6d,RELATED_LINK,data\raw\zara\discovery\730.json
category:28187e18bcbcb457,category:31967ffd8526d619,RELATED_LINK,data\raw\zara\discovery\730.json
category:28187e18bcbcb457,category:ef79297b7a465839,RELATED_LINK,data\raw\zara\discovery\730.json
category:28187e18bcbcb457,category:de8b8e048badf9de,RELATED_LINK,data\raw\zara\discovery\730.json
category:28187e18bcbcb457,category:92d87157bfe4c137,RELATED_LINK,data\raw\zara\discovery\730.json
category:28187e18bcbcb457,category:d9d8e46557c98bec,RELATED_LINK,data\raw\zara\discovery\730.json
category:28187e18bcbcb457,category:5d492e64a36987f3,RELATED_LINK,data\raw\zara\discovery\730.json
category:28187e18bcbcb457,category:e571a2bc5f5180d9,RELATED_LINK,data\raw\zara\discovery\730.json
category:5f59c07a6fd1725b,category:25c9417fba67de39,RELATED_LINK,data\raw\zara\discovery\741.json
category:5f59c07a6fd1725b,category:fddee08b1d9b3ebb,RELATED_LINK,data\raw\zara\discovery\741.json
category:5f59c07a6fd1725b,category:d280084976e53695,RELATED_LINK,data\raw\zara\discovery\741.json
category:5f59c07a6fd1725b,category:467fd38657bfd668,RELATED_LINK,data\raw\zara\discovery\741.json
category:5f59c07a6fd1725b,category:7f82aadbde310d6e,RELATED_LINK,data\raw\zara\discovery\741.json
category:5f59c07a6fd1725b,category:c09015cfe6a984fd,RELATED_LINK,data\raw\zara\discovery\741.json
category:5f59c07a6fd1725b,category:7646b21c5fe650c0,RELATED_LINK,data\raw\zara\discovery\741.json
category:5f59c07a6fd1725b,category:9b53282c363d9d71,RELATED_LINK,data\raw\zara\discovery\741.json
category:5f59c07a6fd1725b,category:5a9cf10d56051d37,RELATED_LINK,data\raw\zara\discovery\741.json
category:5f59c07a6fd1725b,category:e5bea6e3867aa001,RELATED_LINK,data\raw\zara\discovery\741.json
category:5f59c07a6fd1725b,category:7e78d3be6d7c9174,RELATED_LINK,data\raw\zara\discovery\741.json
category:5f59c07a6fd1725b,category:c596c1e2efebefde,RELATED_LINK,data\raw\zara\discovery\741.json
category:5f59c07a6fd1725b,category:2e610c19e30d8431,RELATED_LINK,data\raw\zara\discovery\741.json
category:5f59c07a6fd1725b,category:12f261f83e72a881,RELATED_LINK,data\raw\zara\discovery\741.json
category:5f59c07a6fd1725b,category:c5ab2427ffab4133,RELATED_LINK,data\raw\zara\discovery\741.json
category:5f59c07a6fd1725b,category:25247cba85667883,RELATED_LINK,data\raw\zara\discovery\741.json
category:5f59c07a6fd1725b,category:5fef2668deb47355,RELATED_LINK,data\raw\zara\discovery\741.json
category:5f59c07a6fd1725b,category:90cc12c57e779476,RELATED_LINK,data\raw\zara\discovery\741.json
category:5f59c07a6fd1725b,category:4618ddd0488f15c7,RELATED_LINK,data\raw\zara\discovery\741.json
category:5f59c07a6fd1725b,category:2c4a5863c813b5ee,RELATED_LINK,data\raw\zara\discovery\741.json
category:5f59c07a6fd1725b,category:67ae6741c8034dac,RELATED_LINK,data\raw\zara\discovery\741.json
category:5f59c07a6fd1725b,category:e16bc65c15899d9d,RELATED_LINK,data\raw\zara\discovery\741.json
category:5f59c07a6fd1725b,category:e1c79596ba9ed8b8,RELATED_LINK,data\raw\zara\discovery\741.json
category:5f59c07a6fd1725b,category:c02c58555d24d51a,RELATED_LINK,data\raw\zara\discovery\741.json
category:5f59c07a6fd1725b,category:a5b3626926846f0b,RELATED_LINK,data\raw\zara\discovery\741.json
category:5f59c07a6fd1725b,category:97787d9f86820684,RELATED_LINK,data\raw\zara\discovery\741.json
category:5f59c07a6fd1725b,category:28187e18bcbcb457,RELATED_LINK,data\raw\zara\discovery\741.json
category:5f59c07a6fd1725b,category:a90746e9b12ca312,RELATED_LINK,data\raw\zara\discovery\741.json
category:5f59c07a6fd1725b,category:5069281f29a1ff75,RELATED_LINK,data\raw\zara\discovery\741.json
category:5f59c07a6fd1725b,category:7d11bbc8108fb596,RELATED_LINK,data\raw\zara\discovery\741.json
category:5f59c07a6fd1725b,category:51722dd38abdd1cb,RELATED_LINK,data\raw\zara\discovery\741.json
category:5f59c07a6fd1725b,category:b8f2003d5b630a6d,RELATED_LINK,data\raw\zara\discovery\741.json
category:5f59c07a6fd1725b,category:31967ffd8526d619,RELATED_LINK,data\raw\zara\discovery\741.json
category:5f59c07a6fd1725b,category:ef79297b7a465839,RELATED_LINK,data\raw\zara\discovery\741.json
category:5f59c07a6fd1725b,category:de8b8e048badf9de,RELATED_LINK,data\raw\zara\discovery\741.json
category:5f59c07a6fd1725b,category:92d87157bfe4c137,RELATED_LINK,data\raw\zara\discovery\741.json
category:5f59c07a6fd1725b,category:d9d8e46557c98bec,RELATED_LINK,data\raw\zara\discovery\741.json
category:5f59c07a6fd1725b,category:5d492e64a36987f3,RELATED_LINK,data\raw\zara\discovery\741.json
category:5f59c07a6fd1725b,category:e571a2bc5f5180d9,RELATED_LINK,data\raw\zara\discovery\741.json
category:2c4a5863c813b5ee,category:25c9417fba67de39,RELATED_LINK,data\raw\zara\discovery\743.json
category:2c4a5863c813b5ee,category:fddee08b1d9b3ebb,RELATED_LINK,data\raw\zara\discovery\743.json
category:2c4a5863c813b5ee,category:d280084976e53695,RELATED_LINK,data\raw\zara\discovery\743.json
category:2c4a5863c813b5ee,category:467fd38657bfd668,RELATED_LINK,data\raw\zara\discovery\743.json
category:2c4a5863c813b5ee,category:7f82aadbde310d6e,RELATED_LINK,data\raw\zara\discovery\743.json
category:2c4a5863c813b5ee,category:c09015cfe6a984fd,RELATED_LINK,data\raw\zara\discovery\743.json
category:2c4a5863c813b5ee,category:7646b21c5fe650c0,RELATED_LINK,data\raw\zara\discovery\743.json
category:2c4a5863c813b5ee,category:5a9cf10d56051d37,RELATED_LINK,data\raw\zara\discovery\743.json
category:2c4a5863c813b5ee,category:9b53282c363d9d71,RELATED_LINK,data\raw\zara\discovery\743.json
category:2c4a5863c813b5ee,category:e5bea6e3867aa001,RELATED_LINK,data\raw\zara\discovery\743.json
category:2c4a5863c813b5ee,category:7e78d3be6d7c9174,RELATED_LINK,data\raw\zara\discovery\743.json
category:2c4a5863c813b5ee,category:5f59c07a6fd1725b,RELATED_LINK,data\raw\zara\discovery\743.json
category:2c4a5863c813b5ee,category:c596c1e2efebefde,RELATED_LINK,data\raw\zara\discovery\743.json
category:2c4a5863c813b5ee,category:2e610c19e30d8431,RELATED_LINK,data\raw\zara\discovery\743.json
category:2c4a5863c813b5ee,category:12f261f83e72a881,RELATED_LINK,data\raw\zara\discovery\743.json
category:2c4a5863c813b5ee,category:c5ab2427ffab4133,RELATED_LINK,data\raw\zara\discovery\743.json
category:2c4a5863c813b5ee,category:25247cba85667883,RELATED_LINK,data\raw\zara\discovery\743.json
category:2c4a5863c813b5ee,category:5fef2668deb47355,RELATED_LINK,data\raw\zara\discovery\743.json
category:2c4a5863c813b5ee,category:90cc12c57e779476,RELATED_LINK,data\raw\zara\discovery\743.json
category:2c4a5863c813b5ee,category:4618ddd0488f15c7,RELATED_LINK,data\raw\zara\discovery\743.json
category:2c4a5863c813b5ee,category:67ae6741c8034dac,RELATED_LINK,data\raw\zara\discovery\743.json
category:2c4a5863c813b5ee,category:e16bc65c15899d9d,RELATED_LINK,data\raw\zara\discovery\743.json
category:2c4a5863c813b5ee,category:e1c79596ba9ed8b8,RELATED_LINK,data\raw\zara\discovery\743.json
category:2c4a5863c813b5ee,category:c02c58555d24d51a,RELATED_LINK,data\raw\zara\discovery\743.json
category:2c4a5863c813b5ee,category:a5b3626926846f0b,RELATED_LINK,data\raw\zara\discovery\743.json
category:2c4a5863c813b5ee,category:97787d9f86820684,RELATED_LINK,data\raw\zara\discovery\743.json
category:2c4a5863c813b5ee,category:28187e18bcbcb457,RELATED_LINK,data\raw\zara\discovery\743.json
category:2c4a5863c813b5ee,category:a90746e9b12ca312,RELATED_LINK,data\raw\zara\discovery\743.json
category:2c4a5863c813b5ee,category:5069281f29a1ff75,RELATED_LINK,data\raw\zara\discovery\743.json
category:2c4a5863c813b5ee,category:7d11bbc8108fb596,RELATED_LINK,data\raw\zara\discovery\743.json
category:2c4a5863c813b5ee,category:51722dd38abdd1cb,RELATED_LINK,data\raw\zara\discovery\743.json
category:2c4a5863c813b5ee,category:b8f2003d5b630a6d,RELATED_LINK,data\raw\zara\discovery\743.json
category:2c4a5863c813b5ee,category:31967ffd8526d619,RELATED_LINK,data\raw\zara\discovery\743.json
category:2c4a5863c813b5ee,category:ef79297b7a465839,RELATED_LINK,data\raw\zara\discovery\743.json
category:2c4a5863c813b5ee,category:de8b8e048badf9de,RELATED_LINK,data\raw\zara\discovery\743.json
category:2c4a5863c813b5ee,category:92d87157bfe4c137,RELATED_LINK,data\raw\zara\discovery\743.json
category:2c4a5863c813b5ee,category:d9d8e46557c98bec,RELATED_LINK,data\raw\zara\discovery\743.json
category:2c4a5863c813b5ee,category:5d492e64a36987f3,RELATED_LINK,data\raw\zara\discovery\743.json
category:2c4a5863c813b5ee,category:e571a2bc5f5180d9,RELATED_LINK,data\raw\zara\discovery\743.json
category:2c4a5863c813b5ee,category:7993f8a2faf2396d,RELATED_LINK,data\raw\zara\discovery\743.json
category:5a9cf10d56051d37,category:25c9417fba67de39,RELATED_LINK,data\raw\zara\discovery\745.json
category:5a9cf10d56051d37,category:fddee08b1d9b3ebb,RELATED_LINK,data\raw\zara\discovery\745.json
category:5a9cf10d56051d37,category:d280084976e53695,RELATED_LINK,data\raw\zara\discovery\745.json
category:5a9cf10d56051d37,category:467fd38657bfd668,RELATED_LINK,data\raw\zara\discovery\745.json
category:5a9cf10d56051d37,category:7f82aadbde310d6e,RELATED_LINK,data\raw\zara\discovery\745.json
category:5a9cf10d56051d37,category:c09015cfe6a984fd,RELATED_LINK,data\raw\zara\discovery\745.json
category:5a9cf10d56051d37,category:7646b21c5fe650c0,RELATED_LINK,data\raw\zara\discovery\745.json
category:5a9cf10d56051d37,category:2c4a5863c813b5ee,RELATED_LINK,data\raw\zara\discovery\745.json
category:5a9cf10d56051d37,category:9b53282c363d9d71,RELATED_LINK,data\raw\zara\discovery\745.json
category:5a9cf10d56051d37,category:e5bea6e3867aa001,RELATED_LINK,data\raw\zara\discovery\745.json
category:5a9cf10d56051d37,category:7e78d3be6d7c9174,RELATED_LINK,data\raw\zara\discovery\745.json
category:5a9cf10d56051d37,category:5f59c07a6fd1725b,RELATED_LINK,data\raw\zara\discovery\745.json
category:5a9cf10d56051d37,category:c596c1e2efebefde,RELATED_LINK,data\raw\zara\discovery\745.json
category:5a9cf10d56051d37,category:2e610c19e30d8431,RELATED_LINK,data\raw\zara\discovery\745.json
category:5a9cf10d56051d37,category:12f261f83e72a881,RELATED_LINK,data\raw\zara\discovery\745.json
category:5a9cf10d56051d37,category:c5ab2427ffab4133,RELATED_LINK,data\raw\zara\discovery\745.json
category:5a9cf10d56051d37,category:25247cba85667883,RELATED_LINK,data\raw\zara\discovery\745.json
category:5a9cf10d56051d37,category:5fef2668deb47355,RELATED_LINK,data\raw\zara\discovery\745.json
category:5a9cf10d56051d37,category:90cc12c57e779476,RELATED_LINK,data\raw\zara\discovery\745.json
category:5a9cf10d56051d37,category:4618ddd0488f15c7,RELATED_LINK,data\raw\zara\discovery\745.json
category:5a9cf10d56051d37,category:67ae6741c8034dac,RELATED_LINK,data\raw\zara\discovery\745.json
category:5a9cf10d56051d37,category:e16bc65c15899d9d,RELATED_LINK,data\raw\zara\discovery\745.json
category:5a9cf10d56051d37,category:e1c79596ba9ed8b8,RELATED_LINK,data\raw\zara\discovery\745.json
category:5a9cf10d56051d37,category:c02c58555d24d51a,RELATED_LINK,data\raw\zara\discovery\745.json
category:5a9cf10d56051d37,category:a5b3626926846f0b,RELATED_LINK,data\raw\zara\discovery\745.json
category:5a9cf10d56051d37,category:97787d9f86820684,RELATED_LINK,data\raw\zara\discovery\745.json
category:5a9cf10d56051d37,category:28187e18bcbcb457,RELATED_LINK,data\raw\zara\discovery\745.json
category:5a9cf10d56051d37,category:a90746e9b12ca312,RELATED_LINK,data\raw\zara\discovery\745.json
category:5a9cf10d56051d37,category:5069281f29a1ff75,RELATED_LINK,data\raw\zara\discovery\745.json
category:5a9cf10d56051d37,category:7d11bbc8108fb596,RELATED_LINK,data\raw\zara\discovery\745.json
category:5a9cf10d56051d37,category:51722dd38abdd1cb,RELATED_LINK,data\raw\zara\discovery\745.json
category:5a9cf10d56051d37,category:b8f2003d5b630a6d,RELATED_LINK,data\raw\zara\discovery\745.json
category:5a9cf10d56051d37,category:31967ffd8526d619,RELATED_LINK,data\raw\zara\discovery\745.json
category:5a9cf10d56051d37,category:ef79297b7a465839,RELATED_LINK,data\raw\zara\discovery\745.json
category:5a9cf10d56051d37,category:de8b8e048badf9de,RELATED_LINK,data\raw\zara\discovery\745.json
category:5a9cf10d56051d37,category:92d87157bfe4c137,RELATED_LINK,data\raw\zara\discovery\745.json
category:5a9cf10d56051d37,category:d9d8e46557c98bec,RELATED_LINK,data\raw\zara\discovery\745.json
category:5a9cf10d56051d37,category:5d492e64a36987f3,RELATED_LINK,data\raw\zara\discovery\745.json
category:5a9cf10d56051d37,category:e571a2bc5f5180d9,RELATED_LINK,data\raw\zara\discovery\745.json
category:5a9cf10d56051d37,category:dfbe0cd4554311ce,RELATED_LINK,data\raw\zara\discovery\745.json
category:467fd38657bfd668,category:25c9417fba67de39,RELATED_LINK,data\raw\zara\discovery\748.json
category:467fd38657bfd668,category:fddee08b1d9b3ebb,RELATED_LINK,data\raw\zara\discovery\748.json
category:467fd38657bfd668,category:d280084976e53695,RELATED_LINK,data\raw\zara\discovery\748.json
category:467fd38657bfd668,category:7f82aadbde310d6e,RELATED_LINK,data\raw\zara\discovery\748.json
category:467fd38657bfd668,category:c09015cfe6a984fd,RELATED_LINK,data\raw\zara\discovery\748.json
category:467fd38657bfd668,category:7646b21c5fe650c0,RELATED_LINK,data\raw\zara\discovery\748.json
category:467fd38657bfd668,category:e5bea6e3867aa001,RELATED_LINK,data\raw\zara\discovery\748.json
category:467fd38657bfd668,category:9b53282c363d9d71,RELATED_LINK,data\raw\zara\discovery\748.json
category:467fd38657bfd668,category:5a9cf10d56051d37,RELATED_LINK,data\raw\zara\discovery\748.json
category:467fd38657bfd668,category:7e78d3be6d7c9174,RELATED_LINK,data\raw\zara\discovery\748.json
category:467fd38657bfd668,category:5f59c07a6fd1725b,RELATED_LINK,data\raw\zara\discovery\748.json
category:467fd38657bfd668,category:c596c1e2efebefde,RELATED_LINK,data\raw\zara\discovery\748.json
category:467fd38657bfd668,category:2e610c19e30d8431,RELATED_LINK,data\raw\zara\discovery\748.json
category:467fd38657bfd668,category:12f261f83e72a881,RELATED_LINK,data\raw\zara\discovery\748.json
category:467fd38657bfd668,category:c5ab2427ffab4133,RELATED_LINK,data\raw\zara\discovery\748.json
category:467fd38657bfd668,category:25247cba85667883,RELATED_LINK,data\raw\zara\discovery\748.json
category:467fd38657bfd668,category:5fef2668deb47355,RELATED_LINK,data\raw\zara\discovery\748.json
category:467fd38657bfd668,category:90cc12c57e779476,RELATED_LINK,data\raw\zara\discovery\748.json
category:467fd38657bfd668,category:4618ddd0488f15c7,RELATED_LINK,data\raw\zara\discovery\748.json
category:467fd38657bfd668,category:2c4a5863c813b5ee,RELATED_LINK,data\raw\zara\discovery\748.json
category:467fd38657bfd668,category:67ae6741c8034dac,RELATED_LINK,data\raw\zara\discovery\748.json
category:467fd38657bfd668,category:e16bc65c15899d9d,RELATED_LINK,data\raw\zara\discovery\748.json
category:467fd38657bfd668,category:e1c79596ba9ed8b8,RELATED_LINK,data\raw\zara\discovery\748.json
category:467fd38657bfd668,category:c02c58555d24d51a,RELATED_LINK,data\raw\zara\discovery\748.json
category:467fd38657bfd668,category:a5b3626926846f0b,RELATED_LINK,data\raw\zara\discovery\748.json
category:467fd38657bfd668,category:97787d9f86820684,RELATED_LINK,data\raw\zara\discovery\748.json
category:467fd38657bfd668,category:28187e18bcbcb457,RELATED_LINK,data\raw\zara\discovery\748.json
category:467fd38657bfd668,category:a90746e9b12ca312,RELATED_LINK,data\raw\zara\discovery\748.json
category:467fd38657bfd668,category:5069281f29a1ff75,RELATED_LINK,data\raw\zara\discovery\748.json
category:467fd38657bfd668,category:7d11bbc8108fb596,RELATED_LINK,data\raw\zara\discovery\748.json
category:467fd38657bfd668,category:51722dd38abdd1cb,RELATED_LINK,data\raw\zara\discovery\748.json
category:467fd38657bfd668,category:b8f2003d5b630a6d,RELATED_LINK,data\raw\zara\discovery\748.json
category:467fd38657bfd668,category:31967ffd8526d619,RELATED_LINK,data\raw\zara\discovery\748.json
category:467fd38657bfd668,category:ef79297b7a465839,RELATED_LINK,data\raw\zara\discovery\748.json
category:467fd38657bfd668,category:de8b8e048badf9de,RELATED_LINK,data\raw\zara\discovery\748.json
category:467fd38657bfd668,category:92d87157bfe4c137,RELATED_LINK,data\raw\zara\discovery\748.json
category:467fd38657bfd668,category:d9d8e46557c98bec,RELATED_LINK,data\raw\zara\discovery\748.json
category:467fd38657bfd668,category:5d492e64a36987f3,RELATED_LINK,data\raw\zara\discovery\748.json
category:467fd38657bfd668,category:e571a2bc5f5180d9,RELATED_LINK,data\raw\zara\discovery\748.json
category:467fd38657bfd668,category:04521d782e930967,RELATED_LINK,data\raw\zara\discovery\748.json
category:fddee08b1d9b3ebb,category:25c9417fba67de39,RELATED_LINK,data\raw\zara\discovery\751.json
category:fddee08b1d9b3ebb,category:d280084976e53695,RELATED_LINK,data\raw\zara\discovery\751.json
category:fddee08b1d9b3ebb,category:467fd38657bfd668,RELATED_LINK,data\raw\zara\discovery\751.json
category:fddee08b1d9b3ebb,category:7f82aadbde310d6e,RELATED_LINK,data\raw\zara\discovery\751.json
category:fddee08b1d9b3ebb,category:c09015cfe6a984fd,RELATED_LINK,data\raw\zara\discovery\751.json
category:fddee08b1d9b3ebb,category:7646b21c5fe650c0,RELATED_LINK,data\raw\zara\discovery\751.json
category:fddee08b1d9b3ebb,category:9b53282c363d9d71,RELATED_LINK,data\raw\zara\discovery\751.json
category:fddee08b1d9b3ebb,category:5a9cf10d56051d37,RELATED_LINK,data\raw\zara\discovery\751.json
category:fddee08b1d9b3ebb,category:e5bea6e3867aa001,RELATED_LINK,data\raw\zara\discovery\751.json
category:fddee08b1d9b3ebb,category:7e78d3be6d7c9174,RELATED_LINK,data\raw\zara\discovery\751.json
category:fddee08b1d9b3ebb,category:5f59c07a6fd1725b,RELATED_LINK,data\raw\zara\discovery\751.json
category:fddee08b1d9b3ebb,category:c596c1e2efebefde,RELATED_LINK,data\raw\zara\discovery\751.json
category:fddee08b1d9b3ebb,category:2e610c19e30d8431,RELATED_LINK,data\raw\zara\discovery\751.json
category:fddee08b1d9b3ebb,category:12f261f83e72a881,RELATED_LINK,data\raw\zara\discovery\751.json
category:fddee08b1d9b3ebb,category:c5ab2427ffab4133,RELATED_LINK,data\raw\zara\discovery\751.json
category:fddee08b1d9b3ebb,category:25247cba85667883,RELATED_LINK,data\raw\zara\discovery\751.json
category:fddee08b1d9b3ebb,category:5fef2668deb47355,RELATED_LINK,data\raw\zara\discovery\751.json
category:fddee08b1d9b3ebb,category:90cc12c57e779476,RELATED_LINK,data\raw\zara\discovery\751.json
category:fddee08b1d9b3ebb,category:4618ddd0488f15c7,RELATED_LINK,data\raw\zara\discovery\751.json
category:fddee08b1d9b3ebb,category:2c4a5863c813b5ee,RELATED_LINK,data\raw\zara\discovery\751.json
category:fddee08b1d9b3ebb,category:67ae6741c8034dac,RELATED_LINK,data\raw\zara\discovery\751.json
category:fddee08b1d9b3ebb,category:e16bc65c15899d9d,RELATED_LINK,data\raw\zara\discovery\751.json
category:fddee08b1d9b3ebb,category:e1c79596ba9ed8b8,RELATED_LINK,data\raw\zara\discovery\751.json
category:fddee08b1d9b3ebb,category:c02c58555d24d51a,RELATED_LINK,data\raw\zara\discovery\751.json
category:fddee08b1d9b3ebb,category:a5b3626926846f0b,RELATED_LINK,data\raw\zara\discovery\751.json
category:fddee08b1d9b3ebb,category:97787d9f86820684,RELATED_LINK,data\raw\zara\discovery\751.json
category:fddee08b1d9b3ebb,category:28187e18bcbcb457,RELATED_LINK,data\raw\zara\discovery\751.json
category:fddee08b1d9b3ebb,category:a90746e9b12ca312,RELATED_LINK,data\raw\zara\discovery\751.json
category:fddee08b1d9b3ebb,category:5069281f29a1ff75,RELATED_LINK,data\raw\zara\discovery\751.json
category:fddee08b1d9b3ebb,category:7d11bbc8108fb596,RELATED_LINK,data\raw\zara\discovery\751.json
category:fddee08b1d9b3ebb,category:51722dd38abdd1cb,RELATED_LINK,data\raw\zara\discovery\751.json
category:fddee08b1d9b3ebb,category:b8f2003d5b630a6d,RELATED_LINK,data\raw\zara\discovery\751.json
category:fddee08b1d9b3ebb,category:31967ffd8526d619,RELATED_LINK,data\raw\zara\discovery\751.json
category:fddee08b1d9b3ebb,category:ef79297b7a465839,RELATED_LINK,data\raw\zara\discovery\751.json
category:fddee08b1d9b3ebb,category:de8b8e048badf9de,RELATED_LINK,data\raw\zara\discovery\751.json
category:fddee08b1d9b3ebb,category:92d87157bfe4c137,RELATED_LINK,data\raw\zara\discovery\751.json
category:fddee08b1d9b3ebb,category:d9d8e46557c98bec,RELATED_LINK,data\raw\zara\discovery\751.json
category:fddee08b1d9b3ebb,category:5d492e64a36987f3,RELATED_LINK,data\raw\zara\discovery\751.json
category:fddee08b1d9b3ebb,category:e571a2bc5f5180d9,RELATED_LINK,data\raw\zara\discovery\751.json
category:d280084976e53695,category:25c9417fba67de39,RELATED_LINK,data\raw\zara\discovery\754.json
category:d280084976e53695,category:fddee08b1d9b3ebb,RELATED_LINK,data\raw\zara\discovery\754.json
category:d280084976e53695,category:467fd38657bfd668,RELATED_LINK,data\raw\zara\discovery\754.json
category:d280084976e53695,category:7f82aadbde310d6e,RELATED_LINK,data\raw\zara\discovery\754.json
category:d280084976e53695,category:c09015cfe6a984fd,RELATED_LINK,data\raw\zara\discovery\754.json
category:d280084976e53695,category:7646b21c5fe650c0,RELATED_LINK,data\raw\zara\discovery\754.json
category:d280084976e53695,category:9b53282c363d9d71,RELATED_LINK,data\raw\zara\discovery\754.json
category:d280084976e53695,category:5a9cf10d56051d37,RELATED_LINK,data\raw\zara\discovery\754.json
category:d280084976e53695,category:e5bea6e3867aa001,RELATED_LINK,data\raw\zara\discovery\754.json
category:d280084976e53695,category:7e78d3be6d7c9174,RELATED_LINK,data\raw\zara\discovery\754.json
category:d280084976e53695,category:5f59c07a6fd1725b,RELATED_LINK,data\raw\zara\discovery\754.json
category:d280084976e53695,category:c596c1e2efebefde,RELATED_LINK,data\raw\zara\discovery\754.json
category:d280084976e53695,category:2e610c19e30d8431,RELATED_LINK,data\raw\zara\discovery\754.json
category:d280084976e53695,category:12f261f83e72a881,RELATED_LINK,data\raw\zara\discovery\754.json
category:d280084976e53695,category:c5ab2427ffab4133,RELATED_LINK,data\raw\zara\discovery\754.json
category:d280084976e53695,category:25247cba85667883,RELATED_LINK,data\raw\zara\discovery\754.json
category:d280084976e53695,category:5fef2668deb47355,RELATED_LINK,data\raw\zara\discovery\754.json
category:d280084976e53695,category:90cc12c57e779476,RELATED_LINK,data\raw\zara\discovery\754.json
category:d280084976e53695,category:4618ddd0488f15c7,RELATED_LINK,data\raw\zara\discovery\754.json
category:d280084976e53695,category:2c4a5863c813b5ee,RELATED_LINK,data\raw\zara\discovery\754.json
category:d280084976e53695,category:67ae6741c8034dac,RELATED_LINK,data\raw\zara\discovery\754.json
category:d280084976e53695,category:e16bc65c15899d9d,RELATED_LINK,data\raw\zara\discovery\754.json
category:d280084976e53695,category:e1c79596ba9ed8b8,RELATED_LINK,data\raw\zara\discovery\754.json
category:d280084976e53695,category:c02c58555d24d51a,RELATED_LINK,data\raw\zara\discovery\754.json
category:d280084976e53695,category:a5b3626926846f0b,RELATED_LINK,data\raw\zara\discovery\754.json
category:d280084976e53695,category:97787d9f86820684,RELATED_LINK,data\raw\zara\discovery\754.json
category:d280084976e53695,category:28187e18bcbcb457,RELATED_LINK,data\raw\zara\discovery\754.json
category:d280084976e53695,category:a90746e9b12ca312,RELATED_LINK,data\raw\zara\discovery\754.json
category:d280084976e53695,category:5069281f29a1ff75,RELATED_LINK,data\raw\zara\discovery\754.json
category:d280084976e53695,category:7d11bbc8108fb596,RELATED_LINK,data\raw\zara\discovery\754.json
category:d280084976e53695,category:51722dd38abdd1cb,RELATED_LINK,data\raw\zara\discovery\754.json
category:d280084976e53695,category:b8f2003d5b630a6d,RELATED_LINK,data\raw\zara\discovery\754.json
category:d280084976e53695,category:31967ffd8526d619,RELATED_LINK,data\raw\zara\discovery\754.json
category:d280084976e53695,category:ef79297b7a465839,RELATED_LINK,data\raw\zara\discovery\754.json
category:d280084976e53695,category:de8b8e048badf9de,RELATED_LINK,data\raw\zara\discovery\754.json
category:d280084976e53695,category:92d87157bfe4c137,RELATED_LINK,data\raw\zara\discovery\754.json
category:d280084976e53695,category:d9d8e46557c98bec,RELATED_LINK,data\raw\zara\discovery\754.json
category:d280084976e53695,category:5d492e64a36987f3,RELATED_LINK,data\raw\zara\discovery\754.json
category:d280084976e53695,category:e571a2bc5f5180d9,RELATED_LINK,data\raw\zara\discovery\754.json
category:d280084976e53695,category:96a1c3d7c881b5df,RELATED_LINK,data\raw\zara\discovery\754.json
category:12f261f83e72a881,category:25c9417fba67de39,RELATED_LINK,data\raw\zara\discovery\755.json
category:12f261f83e72a881,category:fddee08b1d9b3ebb,RELATED_LINK,data\raw\zara\discovery\755.json
category:12f261f83e72a881,category:d280084976e53695,RELATED_LINK,data\raw\zara\discovery\755.json
category:12f261f83e72a881,category:467fd38657bfd668,RELATED_LINK,data\raw\zara\discovery\755.json
category:12f261f83e72a881,category:7f82aadbde310d6e,RELATED_LINK,data\raw\zara\discovery\755.json
category:12f261f83e72a881,category:c09015cfe6a984fd,RELATED_LINK,data\raw\zara\discovery\755.json
category:12f261f83e72a881,category:7646b21c5fe650c0,RELATED_LINK,data\raw\zara\discovery\755.json
category:12f261f83e72a881,category:9b53282c363d9d71,RELATED_LINK,data\raw\zara\discovery\755.json
category:12f261f83e72a881,category:5a9cf10d56051d37,RELATED_LINK,data\raw\zara\discovery\755.json
category:12f261f83e72a881,category:e5bea6e3867aa001,RELATED_LINK,data\raw\zara\discovery\755.json
category:12f261f83e72a881,category:7e78d3be6d7c9174,RELATED_LINK,data\raw\zara\discovery\755.json
category:12f261f83e72a881,category:5f59c07a6fd1725b,RELATED_LINK,data\raw\zara\discovery\755.json
category:12f261f83e72a881,category:c596c1e2efebefde,RELATED_LINK,data\raw\zara\discovery\755.json
category:12f261f83e72a881,category:2e610c19e30d8431,RELATED_LINK,data\raw\zara\discovery\755.json
category:12f261f83e72a881,category:c5ab2427ffab4133,RELATED_LINK,data\raw\zara\discovery\755.json
category:12f261f83e72a881,category:25247cba85667883,RELATED_LINK,data\raw\zara\discovery\755.json
category:12f261f83e72a881,category:5fef2668deb47355,RELATED_LINK,data\raw\zara\discovery\755.json
category:12f261f83e72a881,category:90cc12c57e779476,RELATED_LINK,data\raw\zara\discovery\755.json
category:12f261f83e72a881,category:4618ddd0488f15c7,RELATED_LINK,data\raw\zara\discovery\755.json
category:12f261f83e72a881,category:2c4a5863c813b5ee,RELATED_LINK,data\raw\zara\discovery\755.json
category:12f261f83e72a881,category:67ae6741c8034dac,RELATED_LINK,data\raw\zara\discovery\755.json
category:12f261f83e72a881,category:e16bc65c15899d9d,RELATED_LINK,data\raw\zara\discovery\755.json
category:12f261f83e72a881,category:e1c79596ba9ed8b8,RELATED_LINK,data\raw\zara\discovery\755.json
category:12f261f83e72a881,category:c02c58555d24d51a,RELATED_LINK,data\raw\zara\discovery\755.json
category:12f261f83e72a881,category:a5b3626926846f0b,RELATED_LINK,data\raw\zara\discovery\755.json
category:12f261f83e72a881,category:97787d9f86820684,RELATED_LINK,data\raw\zara\discovery\755.json
category:12f261f83e72a881,category:28187e18bcbcb457,RELATED_LINK,data\raw\zara\discovery\755.json
category:12f261f83e72a881,category:a90746e9b12ca312,RELATED_LINK,data\raw\zara\discovery\755.json
category:12f261f83e72a881,category:5069281f29a1ff75,RELATED_LINK,data\raw\zara\discovery\755.json
category:12f261f83e72a881,category:7d11bbc8108fb596,RELATED_LINK,data\raw\zara\discovery\755.json
category:12f261f83e72a881,category:51722dd38abdd1cb,RELATED_LINK,data\raw\zara\discovery\755.json
category:12f261f83e72a881,category:b8f2003d5b630a6d,RELATED_LINK,data\raw\zara\discovery\755.json
category:12f261f83e72a881,category:31967ffd8526d619,RELATED_LINK,data\raw\zara\discovery\755.json
category:12f261f83e72a881,category:ef79297b7a465839,RELATED_LINK,data\raw\zara\discovery\755.json
category:12f261f83e72a881,category:de8b8e048badf9de,RELATED_LINK,data\raw\zara\discovery\755.json
category:12f261f83e72a881,category:92d87157bfe4c137,RELATED_LINK,data\raw\zara\discovery\755.json
category:12f261f83e72a881,category:d9d8e46557c98bec,RELATED_LINK,data\raw\zara\discovery\755.json
category:12f261f83e72a881,category:5d492e64a36987f3,RELATED_LINK,data\raw\zara\discovery\755.json
category:12f261f83e72a881,category:e571a2bc5f5180d9,RELATED_LINK,data\raw\zara\discovery\755.json
category:9b53282c363d9d71,category:25c9417fba67de39,RELATED_LINK,data\raw\zara\discovery\757.json
category:9b53282c363d9d71,category:fddee08b1d9b3ebb,RELATED_LINK,data\raw\zara\discovery\757.json
category:9b53282c363d9d71,category:d280084976e53695,RELATED_LINK,data\raw\zara\discovery\757.json
category:9b53282c363d9d71,category:467fd38657bfd668,RELATED_LINK,data\raw\zara\discovery\757.json
category:9b53282c363d9d71,category:7f82aadbde310d6e,RELATED_LINK,data\raw\zara\discovery\757.json
category:9b53282c363d9d71,category:c09015cfe6a984fd,RELATED_LINK,data\raw\zara\discovery\757.json
category:9b53282c363d9d71,category:7646b21c5fe650c0,RELATED_LINK,data\raw\zara\discovery\757.json
category:9b53282c363d9d71,category:5a9cf10d56051d37,RELATED_LINK,data\raw\zara\discovery\757.json
category:9b53282c363d9d71,category:e5bea6e3867aa001,RELATED_LINK,data\raw\zara\discovery\757.json
category:9b53282c363d9d71,category:7e78d3be6d7c9174,RELATED_LINK,data\raw\zara\discovery\757.json
category:9b53282c363d9d71,category:5f59c07a6fd1725b,RELATED_LINK,data\raw\zara\discovery\757.json
category:9b53282c363d9d71,category:c596c1e2efebefde,RELATED_LINK,data\raw\zara\discovery\757.json
category:9b53282c363d9d71,category:2e610c19e30d8431,RELATED_LINK,data\raw\zara\discovery\757.json
category:9b53282c363d9d71,category:12f261f83e72a881,RELATED_LINK,data\raw\zara\discovery\757.json
category:9b53282c363d9d71,category:c5ab2427ffab4133,RELATED_LINK,data\raw\zara\discovery\757.json
category:9b53282c363d9d71,category:25247cba85667883,RELATED_LINK,data\raw\zara\discovery\757.json
category:9b53282c363d9d71,category:5fef2668deb47355,RELATED_LINK,data\raw\zara\discovery\757.json
category:9b53282c363d9d71,category:90cc12c57e779476,RELATED_LINK,data\raw\zara\discovery\757.json
category:9b53282c363d9d71,category:4618ddd0488f15c7,RELATED_LINK,data\raw\zara\discovery\757.json
category:9b53282c363d9d71,category:2c4a5863c813b5ee,RELATED_LINK,data\raw\zara\discovery\757.json
category:9b53282c363d9d71,category:67ae6741c8034dac,RELATED_LINK,data\raw\zara\discovery\757.json
category:9b53282c363d9d71,category:e16bc65c15899d9d,RELATED_LINK,data\raw\zara\discovery\757.json
category:9b53282c363d9d71,category:e1c79596ba9ed8b8,RELATED_LINK,data\raw\zara\discovery\757.json
category:9b53282c363d9d71,category:c02c58555d24d51a,RELATED_LINK,data\raw\zara\discovery\757.json
category:9b53282c363d9d71,category:a5b3626926846f0b,RELATED_LINK,data\raw\zara\discovery\757.json
category:9b53282c363d9d71,category:97787d9f86820684,RELATED_LINK,data\raw\zara\discovery\757.json
category:9b53282c363d9d71,category:28187e18bcbcb457,RELATED_LINK,data\raw\zara\discovery\757.json
category:9b53282c363d9d71,category:a90746e9b12ca312,RELATED_LINK,data\raw\zara\discovery\757.json
category:9b53282c363d9d71,category:5069281f29a1ff75,RELATED_LINK,data\raw\zara\discovery\757.json
category:9b53282c363d9d71,category:7d11bbc8108fb596,RELATED_LINK,data\raw\zara\discovery\757.json
category:9b53282c363d9d71,category:51722dd38abdd1cb,RELATED_LINK,data\raw\zara\discovery\757.json
category:9b53282c363d9d71,category:b8f2003d5b630a6d,RELATED_LINK,data\raw\zara\discovery\757.json
category:9b53282c363d9d71,category:31967ffd8526d619,RELATED_LINK,data\raw\zara\discovery\757.json
category:9b53282c363d9d71,category:ef79297b7a465839,RELATED_LINK,data\raw\zara\discovery\757.json
category:9b53282c363d9d71,category:de8b8e048badf9de,RELATED_LINK,data\raw\zara\discovery\757.json
category:9b53282c363d9d71,category:92d87157bfe4c137,RELATED_LINK,data\raw\zara\discovery\757.json
category:9b53282c363d9d71,category:d9d8e46557c98bec,RELATED_LINK,data\raw\zara\discovery\757.json
category:9b53282c363d9d71,category:5d492e64a36987f3,RELATED_LINK,data\raw\zara\discovery\757.json
category:9b53282c363d9d71,category:e571a2bc5f5180d9,RELATED_LINK,data\raw\zara\discovery\757.json
category:9b53282c363d9d71,category:b96de1c117d82813,RELATED_LINK,data\raw\zara\discovery\757.json
category:7f82aadbde310d6e,category:25c9417fba67de39,RELATED_LINK,data\raw\zara\discovery\759.json
category:7f82aadbde310d6e,category:fddee08b1d9b3ebb,RELATED_LINK,data\raw\zara\discovery\759.json
category:7f82aadbde310d6e,category:d280084976e53695,RELATED_LINK,data\raw\zara\discovery\759.json
category:7f82aadbde310d6e,category:467fd38657bfd668,RELATED_LINK,data\raw\zara\discovery\759.json
category:7f82aadbde310d6e,category:c09015cfe6a984fd,RELATED_LINK,data\raw\zara\discovery\759.json
category:7f82aadbde310d6e,category:7646b21c5fe650c0,RELATED_LINK,data\raw\zara\discovery\759.json
category:7f82aadbde310d6e,category:c596c1e2efebefde,RELATED_LINK,data\raw\zara\discovery\759.json
category:7f82aadbde310d6e,category:2c4a5863c813b5ee,RELATED_LINK,data\raw\zara\discovery\759.json
category:7f82aadbde310d6e,category:5a9cf10d56051d37,RELATED_LINK,data\raw\zara\discovery\759.json
category:7f82aadbde310d6e,category:5fef2668deb47355,RELATED_LINK,data\raw\zara\discovery\759.json
category:7f82aadbde310d6e,category:9b53282c363d9d71,RELATED_LINK,data\raw\zara\discovery\759.json
category:7f82aadbde310d6e,category:e5bea6e3867aa001,RELATED_LINK,data\raw\zara\discovery\759.json
category:7f82aadbde310d6e,category:7e78d3be6d7c9174,RELATED_LINK,data\raw\zara\discovery\759.json
category:7f82aadbde310d6e,category:5f59c07a6fd1725b,RELATED_LINK,data\raw\zara\discovery\759.json
category:7f82aadbde310d6e,category:2e610c19e30d8431,RELATED_LINK,data\raw\zara\discovery\759.json
category:7f82aadbde310d6e,category:12f261f83e72a881,RELATED_LINK,data\raw\zara\discovery\759.json
category:7f82aadbde310d6e,category:c5ab2427ffab4133,RELATED_LINK,data\raw\zara\discovery\759.json
category:7f82aadbde310d6e,category:25247cba85667883,RELATED_LINK,data\raw\zara\discovery\759.json
category:7f82aadbde310d6e,category:90cc12c57e779476,RELATED_LINK,data\raw\zara\discovery\759.json
category:7f82aadbde310d6e,category:4618ddd0488f15c7,RELATED_LINK,data\raw\zara\discovery\759.json
category:7f82aadbde310d6e,category:67ae6741c8034dac,RELATED_LINK,data\raw\zara\discovery\759.json
category:7f82aadbde310d6e,category:e16bc65c15899d9d,RELATED_LINK,data\raw\zara\discovery\759.json
category:7f82aadbde310d6e,category:e1c79596ba9ed8b8,RELATED_LINK,data\raw\zara\discovery\759.json
category:7f82aadbde310d6e,category:c02c58555d24d51a,RELATED_LINK,data\raw\zara\discovery\759.json
category:7f82aadbde310d6e,category:a5b3626926846f0b,RELATED_LINK,data\raw\zara\discovery\759.json
category:7f82aadbde310d6e,category:97787d9f86820684,RELATED_LINK,data\raw\zara\discovery\759.json
category:7f82aadbde310d6e,category:28187e18bcbcb457,RELATED_LINK,data\raw\zara\discovery\759.json
category:7f82aadbde310d6e,category:a90746e9b12ca312,RELATED_LINK,data\raw\zara\discovery\759.json
category:7f82aadbde310d6e,category:5069281f29a1ff75,RELATED_LINK,data\raw\zara\discovery\759.json
category:7f82aadbde310d6e,category:7d11bbc8108fb596,RELATED_LINK,data\raw\zara\discovery\759.json
category:7f82aadbde310d6e,category:51722dd38abdd1cb,RELATED_LINK,data\raw\zara\discovery\759.json
category:7f82aadbde310d6e,category:b8f2003d5b630a6d,RELATED_LINK,data\raw\zara\discovery\759.json
category:7f82aadbde310d6e,category:31967ffd8526d619,RELATED_LINK,data\raw\zara\discovery\759.json
category:7f82aadbde310d6e,category:ef79297b7a465839,RELATED_LINK,data\raw\zara\discovery\759.json
category:7f82aadbde310d6e,category:de8b8e048badf9de,RELATED_LINK,data\raw\zara\discovery\759.json
category:7f82aadbde310d6e,category:92d87157bfe4c137,RELATED_LINK,data\raw\zara\discovery\759.json
category:7f82aadbde310d6e,category:d9d8e46557c98bec,RELATED_LINK,data\raw\zara\discovery\759.json
category:7f82aadbde310d6e,category:5d492e64a36987f3,RELATED_LINK,data\raw\zara\discovery\759.json
category:7f82aadbde310d6e,category:e571a2bc5f5180d9,RELATED_LINK,data\raw\zara\discovery\759.json
category:7f82aadbde310d6e,category:666065586ca85c71,RELATED_LINK,data\raw\zara\discovery\759.json
category:c09015cfe6a984fd,category:25c9417fba67de39,RELATED_LINK,data\raw\zara\discovery\762.json
category:c09015cfe6a984fd,category:fddee08b1d9b3ebb,RELATED_LINK,data\raw\zara\discovery\762.json
category:c09015cfe6a984fd,category:d280084976e53695,RELATED_LINK,data\raw\zara\discovery\762.json
category:c09015cfe6a984fd,category:467fd38657bfd668,RELATED_LINK,data\raw\zara\discovery\762.json
category:c09015cfe6a984fd,category:7f82aadbde310d6e,RELATED_LINK,data\raw\zara\discovery\762.json
category:c09015cfe6a984fd,category:7646b21c5fe650c0,RELATED_LINK,data\raw\zara\discovery\762.json
category:c09015cfe6a984fd,category:5fef2668deb47355,RELATED_LINK,data\raw\zara\discovery\762.json
category:c09015cfe6a984fd,category:c596c1e2efebefde,RELATED_LINK,data\raw\zara\discovery\762.json
category:c09015cfe6a984fd,category:5a9cf10d56051d37,RELATED_LINK,data\raw\zara\discovery\762.json
category:c09015cfe6a984fd,category:9b53282c363d9d71,RELATED_LINK,data\raw\zara\discovery\762.json
category:c09015cfe6a984fd,category:e5bea6e3867aa001,RELATED_LINK,data\raw\zara\discovery\762.json
category:c09015cfe6a984fd,category:7e78d3be6d7c9174,RELATED_LINK,data\raw\zara\discovery\762.json
category:c09015cfe6a984fd,category:5f59c07a6fd1725b,RELATED_LINK,data\raw\zara\discovery\762.json
category:c09015cfe6a984fd,category:2e610c19e30d8431,RELATED_LINK,data\raw\zara\discovery\762.json
category:c09015cfe6a984fd,category:12f261f83e72a881,RELATED_LINK,data\raw\zara\discovery\762.json
category:c09015cfe6a984fd,category:c5ab2427ffab4133,RELATED_LINK,data\raw\zara\discovery\762.json
category:c09015cfe6a984fd,category:25247cba85667883,RELATED_LINK,data\raw\zara\discovery\762.json
category:c09015cfe6a984fd,category:90cc12c57e779476,RELATED_LINK,data\raw\zara\discovery\762.json
category:c09015cfe6a984fd,category:4618ddd0488f15c7,RELATED_LINK,data\raw\zara\discovery\762.json
category:c09015cfe6a984fd,category:2c4a5863c813b5ee,RELATED_LINK,data\raw\zara\discovery\762.json
category:c09015cfe6a984fd,category:67ae6741c8034dac,RELATED_LINK,data\raw\zara\discovery\762.json
category:c09015cfe6a984fd,category:e16bc65c15899d9d,RELATED_LINK,data\raw\zara\discovery\762.json
category:c09015cfe6a984fd,category:e1c79596ba9ed8b8,RELATED_LINK,data\raw\zara\discovery\762.json
category:c09015cfe6a984fd,category:c02c58555d24d51a,RELATED_LINK,data\raw\zara\discovery\762.json
category:c09015cfe6a984fd,category:a5b3626926846f0b,RELATED_LINK,data\raw\zara\discovery\762.json
category:c09015cfe6a984fd,category:97787d9f86820684,RELATED_LINK,data\raw\zara\discovery\762.json
category:c09015cfe6a984fd,category:28187e18bcbcb457,RELATED_LINK,data\raw\zara\discovery\762.json
category:c09015cfe6a984fd,category:a90746e9b12ca312,RELATED_LINK,data\raw\zara\discovery\762.json
category:c09015cfe6a984fd,category:5069281f29a1ff75,RELATED_LINK,data\raw\zara\discovery\762.json
category:c09015cfe6a984fd,category:7d11bbc8108fb596,RELATED_LINK,data\raw\zara\discovery\762.json
category:c09015cfe6a984fd,category:51722dd38abdd1cb,RELATED_LINK,data\raw\zara\discovery\762.json
category:c09015cfe6a984fd,category:b8f2003d5b630a6d,RELATED_LINK,data\raw\zara\discovery\762.json
category:c09015cfe6a984fd,category:31967ffd8526d619,RELATED_LINK,data\raw\zara\discovery\762.json
category:c09015cfe6a984fd,category:ef79297b7a465839,RELATED_LINK,data\raw\zara\discovery\762.json
category:c09015cfe6a984fd,category:de8b8e048badf9de,RELATED_LINK,data\raw\zara\discovery\762.json
category:c09015cfe6a984fd,category:92d87157bfe4c137,RELATED_LINK,data\raw\zara\discovery\762.json
category:c09015cfe6a984fd,category:d9d8e46557c98bec,RELATED_LINK,data\raw\zara\discovery\762.json
category:c09015cfe6a984fd,category:5d492e64a36987f3,RELATED_LINK,data\raw\zara\discovery\762.json
category:c09015cfe6a984fd,category:e571a2bc5f5180d9,RELATED_LINK,data\raw\zara\discovery\762.json
category:c09015cfe6a984fd,category:2259ec24b277841f,RELATED_LINK,data\raw\zara\discovery\762.json
category:90cc12c57e779476,category:25c9417fba67de39,RELATED_LINK,data\raw\zara\discovery\763.json
category:90cc12c57e779476,category:fddee08b1d9b3ebb,RELATED_LINK,data\raw\zara\discovery\763.json
category:90cc12c57e779476,category:d280084976e53695,RELATED_LINK,data\raw\zara\discovery\763.json
category:90cc12c57e779476,category:467fd38657bfd668,RELATED_LINK,data\raw\zara\discovery\763.json
category:90cc12c57e779476,category:7f82aadbde310d6e,RELATED_LINK,data\raw\zara\discovery\763.json
category:90cc12c57e779476,category:c09015cfe6a984fd,RELATED_LINK,data\raw\zara\discovery\763.json
category:90cc12c57e779476,category:7646b21c5fe650c0,RELATED_LINK,data\raw\zara\discovery\763.json
category:90cc12c57e779476,category:2c4a5863c813b5ee,RELATED_LINK,data\raw\zara\discovery\763.json
category:90cc12c57e779476,category:9b53282c363d9d71,RELATED_LINK,data\raw\zara\discovery\763.json
category:90cc12c57e779476,category:5a9cf10d56051d37,RELATED_LINK,data\raw\zara\discovery\763.json
category:90cc12c57e779476,category:e5bea6e3867aa001,RELATED_LINK,data\raw\zara\discovery\763.json
category:90cc12c57e779476,category:7e78d3be6d7c9174,RELATED_LINK,data\raw\zara\discovery\763.json
category:90cc12c57e779476,category:5f59c07a6fd1725b,RELATED_LINK,data\raw\zara\discovery\763.json
category:90cc12c57e779476,category:c596c1e2efebefde,RELATED_LINK,data\raw\zara\discovery\763.json
category:90cc12c57e779476,category:2e610c19e30d8431,RELATED_LINK,data\raw\zara\discovery\763.json
category:90cc12c57e779476,category:12f261f83e72a881,RELATED_LINK,data\raw\zara\discovery\763.json
category:90cc12c57e779476,category:c5ab2427ffab4133,RELATED_LINK,data\raw\zara\discovery\763.json
category:90cc12c57e779476,category:25247cba85667883,RELATED_LINK,data\raw\zara\discovery\763.json
category:90cc12c57e779476,category:5fef2668deb47355,RELATED_LINK,data\raw\zara\discovery\763.json
category:90cc12c57e779476,category:4618ddd0488f15c7,RELATED_LINK,data\raw\zara\discovery\763.json
category:90cc12c57e779476,category:67ae6741c8034dac,RELATED_LINK,data\raw\zara\discovery\763.json
category:90cc12c57e779476,category:e16bc65c15899d9d,RELATED_LINK,data\raw\zara\discovery\763.json
category:90cc12c57e779476,category:e1c79596ba9ed8b8,RELATED_LINK,data\raw\zara\discovery\763.json
category:90cc12c57e779476,category:c02c58555d24d51a,RELATED_LINK,data\raw\zara\discovery\763.json
category:90cc12c57e779476,category:a5b3626926846f0b,RELATED_LINK,data\raw\zara\discovery\763.json
category:90cc12c57e779476,category:97787d9f86820684,RELATED_LINK,data\raw\zara\discovery\763.json
category:90cc12c57e779476,category:28187e18bcbcb457,RELATED_LINK,data\raw\zara\discovery\763.json
category:90cc12c57e779476,category:a90746e9b12ca312,RELATED_LINK,data\raw\zara\discovery\763.json
category:90cc12c57e779476,category:5069281f29a1ff75,RELATED_LINK,data\raw\zara\discovery\763.json
category:90cc12c57e779476,category:7d11bbc8108fb596,RELATED_LINK,data\raw\zara\discovery\763.json
category:90cc12c57e779476,category:51722dd38abdd1cb,RELATED_LINK,data\raw\zara\discovery\763.json
category:90cc12c57e779476,category:b8f2003d5b630a6d,RELATED_LINK,data\raw\zara\discovery\763.json
category:90cc12c57e779476,category:31967ffd8526d619,RELATED_LINK,data\raw\zara\discovery\763.json
category:90cc12c57e779476,category:ef79297b7a465839,RELATED_LINK,data\raw\zara\discovery\763.json
category:90cc12c57e779476,category:de8b8e048badf9de,RELATED_LINK,data\raw\zara\discovery\763.json
category:90cc12c57e779476,category:92d87157bfe4c137,RELATED_LINK,data\raw\zara\discovery\763.json
category:90cc12c57e779476,category:d9d8e46557c98bec,RELATED_LINK,data\raw\zara\discovery\763.json
category:90cc12c57e779476,category:5d492e64a36987f3,RELATED_LINK,data\raw\zara\discovery\763.json
category:90cc12c57e779476,category:e571a2bc5f5180d9,RELATED_LINK,data\raw\zara\discovery\763.json
category:c596c1e2efebefde,category:25c9417fba67de39,RELATED_LINK,data\raw\zara\discovery\766.json
category:c596c1e2efebefde,category:fddee08b1d9b3ebb,RELATED_LINK,data\raw\zara\discovery\766.json
category:c596c1e2efebefde,category:d280084976e53695,RELATED_LINK,data\raw\zara\discovery\766.json
category:c596c1e2efebefde,category:467fd38657bfd668,RELATED_LINK,data\raw\zara\discovery\766.json
category:c596c1e2efebefde,category:7f82aadbde310d6e,RELATED_LINK,data\raw\zara\discovery\766.json
category:c596c1e2efebefde,category:c09015cfe6a984fd,RELATED_LINK,data\raw\zara\discovery\766.json
category:c596c1e2efebefde,category:7646b21c5fe650c0,RELATED_LINK,data\raw\zara\discovery\766.json
category:c596c1e2efebefde,category:2c4a5863c813b5ee,RELATED_LINK,data\raw\zara\discovery\766.json
category:c596c1e2efebefde,category:e5bea6e3867aa001,RELATED_LINK,data\raw\zara\discovery\766.json
category:c596c1e2efebefde,category:9b53282c363d9d71,RELATED_LINK,data\raw\zara\discovery\766.json
category:c596c1e2efebefde,category:5a9cf10d56051d37,RELATED_LINK,data\raw\zara\discovery\766.json
category:c596c1e2efebefde,category:7e78d3be6d7c9174,RELATED_LINK,data\raw\zara\discovery\766.json
category:c596c1e2efebefde,category:5f59c07a6fd1725b,RELATED_LINK,data\raw\zara\discovery\766.json
category:c596c1e2efebefde,category:2e610c19e30d8431,RELATED_LINK,data\raw\zara\discovery\766.json
category:c596c1e2efebefde,category:12f261f83e72a881,RELATED_LINK,data\raw\zara\discovery\766.json
category:c596c1e2efebefde,category:c5ab2427ffab4133,RELATED_LINK,data\raw\zara\discovery\766.json
category:c596c1e2efebefde,category:25247cba85667883,RELATED_LINK,data\raw\zara\discovery\766.json
category:c596c1e2efebefde,category:5fef2668deb47355,RELATED_LINK,data\raw\zara\discovery\766.json
category:c596c1e2efebefde,category:90cc12c57e779476,RELATED_LINK,data\raw\zara\discovery\766.json
category:c596c1e2efebefde,category:4618ddd0488f15c7,RELATED_LINK,data\raw\zara\discovery\766.json
category:c596c1e2efebefde,category:67ae6741c8034dac,RELATED_LINK,data\raw\zara\discovery\766.json
category:c596c1e2efebefde,category:e16bc65c15899d9d,RELATED_LINK,data\raw\zara\discovery\766.json
category:c596c1e2efebefde,category:e1c79596ba9ed8b8,RELATED_LINK,data\raw\zara\discovery\766.json
category:c596c1e2efebefde,category:c02c58555d24d51a,RELATED_LINK,data\raw\zara\discovery\766.json
category:c596c1e2efebefde,category:a5b3626926846f0b,RELATED_LINK,data\raw\zara\discovery\766.json
category:c596c1e2efebefde,category:97787d9f86820684,RELATED_LINK,data\raw\zara\discovery\766.json
category:c596c1e2efebefde,category:28187e18bcbcb457,RELATED_LINK,data\raw\zara\discovery\766.json
category:c596c1e2efebefde,category:a90746e9b12ca312,RELATED_LINK,data\raw\zara\discovery\766.json
category:c596c1e2efebefde,category:5069281f29a1ff75,RELATED_LINK,data\raw\zara\discovery\766.json
category:c596c1e2efebefde,category:7d11bbc8108fb596,RELATED_LINK,data\raw\zara\discovery\766.json
category:c596c1e2efebefde,category:51722dd38abdd1cb,RELATED_LINK,data\raw\zara\discovery\766.json
category:c596c1e2efebefde,category:b8f2003d5b630a6d,RELATED_LINK,data\raw\zara\discovery\766.json
category:c596c1e2efebefde,category:31967ffd8526d619,RELATED_LINK,data\raw\zara\discovery\766.json
category:c596c1e2efebefde,category:ef79297b7a465839,RELATED_LINK,data\raw\zara\discovery\766.json
category:c596c1e2efebefde,category:de8b8e048badf9de,RELATED_LINK,data\raw\zara\discovery\766.json
category:c596c1e2efebefde,category:92d87157bfe4c137,RELATED_LINK,data\raw\zara\discovery\766.json
category:c596c1e2efebefde,category:d9d8e46557c98bec,RELATED_LINK,data\raw\zara\discovery\766.json
category:c596c1e2efebefde,category:5d492e64a36987f3,RELATED_LINK,data\raw\zara\discovery\766.json
category:c596c1e2efebefde,category:e571a2bc5f5180d9,RELATED_LINK,data\raw\zara\discovery\766.json
category:5d492e64a36987f3,category:de8b8e048badf9de,RELATED_LINK,data\raw\zara\discovery\781.json
category:5d492e64a36987f3,category:92d87157bfe4c137,RELATED_LINK,data\raw\zara\discovery\781.json
category:5d492e64a36987f3,category:d9d8e46557c98bec,RELATED_LINK,data\raw\zara\discovery\781.json
category:5d492e64a36987f3,category:792551b4c1e94e3f,RELATED_LINK,data\raw\zara\discovery\781.json
category:5d492e64a36987f3,category:f5a2eb6c30f555a8,RELATED_LINK,data\raw\zara\discovery\781.json
category:5d492e64a36987f3,category:31d8ff83360da984,RELATED_LINK,data\raw\zara\discovery\781.json
category:5d492e64a36987f3,category:6488d0997b0b950c,RELATED_LINK,data\raw\zara\discovery\781.json
category:5d492e64a36987f3,category:a36d6277c49ec188,RELATED_LINK,data\raw\zara\discovery\781.json
category:5d492e64a36987f3,category:cf0690a7e7d5bdc0,RELATED_LINK,data\raw\zara\discovery\781.json
category:5d492e64a36987f3,category:f8638fc754084c48,RELATED_LINK,data\raw\zara\discovery\781.json
category:5d492e64a36987f3,category:2935fd6bba34b7a0,RELATED_LINK,data\raw\zara\discovery\781.json
category:5d492e64a36987f3,category:e98d696997f0b175,RELATED_LINK,data\raw\zara\discovery\781.json
category:5d492e64a36987f3,category:d51b793e8fd18716,RELATED_LINK,data\raw\zara\discovery\781.json
category:5d492e64a36987f3,category:e31cf7812ab69c06,RELATED_LINK,data\raw\zara\discovery\781.json
category:5d492e64a36987f3,category:e070200440d0ba1b,RELATED_LINK,data\raw\zara\discovery\781.json
category:5d492e64a36987f3,category:fbcf6a661fb2f926,RELATED_LINK,data\raw\zara\discovery\781.json
category:5d492e64a36987f3,category:0cd92cca2eb45ecb,RELATED_LINK,data\raw\zara\discovery\781.json
category:5d492e64a36987f3,category:f873e721dd0d6a34,RELATED_LINK,data\raw\zara\discovery\781.json
category:5d492e64a36987f3,category:56ec9f26c464d93b,RELATED_LINK,data\raw\zara\discovery\781.json
category:5d492e64a36987f3,category:2fa06e7361c9b526,RELATED_LINK,data\raw\zara\discovery\781.json
category:5d492e64a36987f3,category:e1c8332ae5007dc4,RELATED_LINK,data\raw\zara\discovery\781.json
category:5d492e64a36987f3,category:5000b8dcb4265c3a,RELATED_LINK,data\raw\zara\discovery\781.json
category:5d492e64a36987f3,category:be841513e327a3b6,RELATED_LINK,data\raw\zara\discovery\781.json
category:5d492e64a36987f3,category:ef63c8842e3b13bd,RELATED_LINK,data\raw\zara\discovery\781.json
category:5d492e64a36987f3,category:544387ad048c8a1b,RELATED_LINK,data\raw\zara\discovery\781.json
category:5d492e64a36987f3,category:a624e5251cbd5a0d,RELATED_LINK,data\raw\zara\discovery\781.json
category:5d492e64a36987f3,category:a6f1cc52519b2699,RELATED_LINK,data\raw\zara\discovery\781.json
category:5d492e64a36987f3,category:f0f24a2b8fea20c6,RELATED_LINK,data\raw\zara\discovery\781.json
category:5d492e64a36987f3,category:cde9d493510c4686,RELATED_LINK,data\raw\zara\discovery\781.json
category:5d492e64a36987f3,category:a41b2c72ea13400d,RELATED_LINK,data\raw\zara\discovery\781.json
category:5d492e64a36987f3,category:c02c58555d24d51a,RELATED_LINK,data\raw\zara\discovery\781.json
category:5d492e64a36987f3,category:a5b3626926846f0b,RELATED_LINK,data\raw\zara\discovery\781.json
category:5d492e64a36987f3,category:97787d9f86820684,RELATED_LINK,data\raw\zara\discovery\781.json
category:5d492e64a36987f3,category:28187e18bcbcb457,RELATED_LINK,data\raw\zara\discovery\781.json
category:5d492e64a36987f3,category:a90746e9b12ca312,RELATED_LINK,data\raw\zara\discovery\781.json
category:5d492e64a36987f3,category:5069281f29a1ff75,RELATED_LINK,data\raw\zara\discovery\781.json
category:5d492e64a36987f3,category:7d11bbc8108fb596,RELATED_LINK,data\raw\zara\discovery\781.json
category:5d492e64a36987f3,category:51722dd38abdd1cb,RELATED_LINK,data\raw\zara\discovery\781.json
category:5d492e64a36987f3,category:b8f2003d5b630a6d,RELATED_LINK,data\raw\zara\discovery\781.json
category:5d492e64a36987f3,category:31967ffd8526d619,RELATED_LINK,data\raw\zara\discovery\781.json
category:5d492e64a36987f3,category:ef79297b7a465839,RELATED_LINK,data\raw\zara\discovery\781.json
category:5d492e64a36987f3,category:e571a2bc5f5180d9,RELATED_LINK,data\raw\zara\discovery\781.json
category:92d87157bfe4c137,category:de8b8e048badf9de,RELATED_LINK,data\raw\zara\discovery\789.json
category:92d87157bfe4c137,category:d9d8e46557c98bec,RELATED_LINK,data\raw\zara\discovery\789.json
category:92d87157bfe4c137,category:792551b4c1e94e3f,RELATED_LINK,data\raw\zara\discovery\789.json
category:92d87157bfe4c137,category:f5a2eb6c30f555a8,RELATED_LINK,data\raw\zara\discovery\789.json
category:92d87157bfe4c137,category:5d492e64a36987f3,RELATED_LINK,data\raw\zara\discovery\789.json
category:92d87157bfe4c137,category:31d8ff83360da984,RELATED_LINK,data\raw\zara\discovery\789.json
category:92d87157bfe4c137,category:6488d0997b0b950c,RELATED_LINK,data\raw\zara\discovery\789.json
category:92d87157bfe4c137,category:a39af491de02bee5,RELATED_LINK,data\raw\zara\discovery\789.json
category:92d87157bfe4c137,category:a36d6277c49ec188,RELATED_LINK,data\raw\zara\discovery\789.json
category:92d87157bfe4c137,category:cf0690a7e7d5bdc0,RELATED_LINK,data\raw\zara\discovery\789.json
category:92d87157bfe4c137,category:f8638fc754084c48,RELATED_LINK,data\raw\zara\discovery\789.json
category:92d87157bfe4c137,category:2935fd6bba34b7a0,RELATED_LINK,data\raw\zara\discovery\789.json
category:92d87157bfe4c137,category:e98d696997f0b175,RELATED_LINK,data\raw\zara\discovery\789.json
category:92d87157bfe4c137,category:d51b793e8fd18716,RELATED_LINK,data\raw\zara\discovery\789.json
category:92d87157bfe4c137,category:e31cf7812ab69c06,RELATED_LINK,data\raw\zara\discovery\789.json
category:92d87157bfe4c137,category:e070200440d0ba1b,RELATED_LINK,data\raw\zara\discovery\789.json
category:92d87157bfe4c137,category:fbcf6a661fb2f926,RELATED_LINK,data\raw\zara\discovery\789.json
category:92d87157bfe4c137,category:0cd92cca2eb45ecb,RELATED_LINK,data\raw\zara\discovery\789.json
category:92d87157bfe4c137,category:f873e721dd0d6a34,RELATED_LINK,data\raw\zara\discovery\789.json
category:92d87157bfe4c137,category:56ec9f26c464d93b,RELATED_LINK,data\raw\zara\discovery\789.json
category:92d87157bfe4c137,category:2fa06e7361c9b526,RELATED_LINK,data\raw\zara\discovery\789.json
category:92d87157bfe4c137,category:e1c8332ae5007dc4,RELATED_LINK,data\raw\zara\discovery\789.json
category:92d87157bfe4c137,category:5000b8dcb4265c3a,RELATED_LINK,data\raw\zara\discovery\789.json
category:92d87157bfe4c137,category:be841513e327a3b6,RELATED_LINK,data\raw\zara\discovery\789.json
category:92d87157bfe4c137,category:ef63c8842e3b13bd,RELATED_LINK,data\raw\zara\discovery\789.json
category:92d87157bfe4c137,category:544387ad048c8a1b,RELATED_LINK,data\raw\zara\discovery\789.json
category:92d87157bfe4c137,category:a624e5251cbd5a0d,RELATED_LINK,data\raw\zara\discovery\789.json
category:92d87157bfe4c137,category:a6f1cc52519b2699,RELATED_LINK,data\raw\zara\discovery\789.json
category:92d87157bfe4c137,category:f0f24a2b8fea20c6,RELATED_LINK,data\raw\zara\discovery\789.json
category:92d87157bfe4c137,category:cde9d493510c4686,RELATED_LINK,data\raw\zara\discovery\789.json
category:92d87157bfe4c137,category:a41b2c72ea13400d,RELATED_LINK,data\raw\zara\discovery\789.json
category:92d87157bfe4c137,category:c02c58555d24d51a,RELATED_LINK,data\raw\zara\discovery\789.json
category:92d87157bfe4c137,category:a5b3626926846f0b,RELATED_LINK,data\raw\zara\discovery\789.json
category:92d87157bfe4c137,category:97787d9f86820684,RELATED_LINK,data\raw\zara\discovery\789.json
category:92d87157bfe4c137,category:28187e18bcbcb457,RELATED_LINK,data\raw\zara\discovery\789.json
category:92d87157bfe4c137,category:a90746e9b12ca312,RELATED_LINK,data\raw\zara\discovery\789.json
category:92d87157bfe4c137,category:5069281f29a1ff75,RELATED_LINK,data\raw\zara\discovery\789.json
category:92d87157bfe4c137,category:7d11bbc8108fb596,RELATED_LINK,data\raw\zara\discovery\789.json
category:92d87157bfe4c137,category:51722dd38abdd1cb,RELATED_LINK,data\raw\zara\discovery\789.json
category:92d87157bfe4c137,category:b8f2003d5b630a6d,RELATED_LINK,data\raw\zara\discovery\789.json
category:92d87157bfe4c137,category:31967ffd8526d619,RELATED_LINK,data\raw\zara\discovery\789.json
category:92d87157bfe4c137,category:ef79297b7a465839,RELATED_LINK,data\raw\zara\discovery\789.json
category:92d87157bfe4c137,category:e571a2bc5f5180d9,RELATED_LINK,data\raw\zara\discovery\789.json
category:92d87157bfe4c137,category:e6db5dc5686ce69c,RELATED_LINK,data\raw\zara\discovery\789.json
category:92d87157bfe4c137,category:81013872aa97d760,RELATED_LINK,data\raw\zara\discovery\789.json
category:d9d8e46557c98bec,category:de8b8e048badf9de,RELATED_LINK,data\raw\zara\discovery\797.json
category:d9d8e46557c98bec,category:92d87157bfe4c137,RELATED_LINK,data\raw\zara\discovery\797.json
category:d9d8e46557c98bec,category:792551b4c1e94e3f,RELATED_LINK,data\raw\zara\discovery\797.json
category:d9d8e46557c98bec,category:f5a2eb6c30f555a8,RELATED_LINK,data\raw\zara\discovery\797.json
category:d9d8e46557c98bec,category:5d492e64a36987f3,RELATED_LINK,data\raw\zara\discovery\797.json
category:d9d8e46557c98bec,category:31d8ff83360da984,RELATED_LINK,data\raw\zara\discovery\797.json
category:d9d8e46557c98bec,category:6488d0997b0b950c,RELATED_LINK,data\raw\zara\discovery\797.json
category:d9d8e46557c98bec,category:a39af491de02bee5,RELATED_LINK,data\raw\zara\discovery\797.json
category:d9d8e46557c98bec,category:a1469b89bd37ad70,RELATED_LINK,data\raw\zara\discovery\797.json
category:d9d8e46557c98bec,category:fbcf6a661fb2f926,RELATED_LINK,data\raw\zara\discovery\797.json
category:d9d8e46557c98bec,category:a36d6277c49ec188,RELATED_LINK,data\raw\zara\discovery\797.json
category:d9d8e46557c98bec,category:cf0690a7e7d5bdc0,RELATED_LINK,data\raw\zara\discovery\797.json
category:d9d8e46557c98bec,category:f8638fc754084c48,RELATED_LINK,data\raw\zara\discovery\797.json
category:d9d8e46557c98bec,category:2935fd6bba34b7a0,RELATED_LINK,data\raw\zara\discovery\797.json
category:d9d8e46557c98bec,category:e98d696997f0b175,RELATED_LINK,data\raw\zara\discovery\797.json
category:d9d8e46557c98bec,category:d51b793e8fd18716,RELATED_LINK,data\raw\zara\discovery\797.json
category:d9d8e46557c98bec,category:e31cf7812ab69c06,RELATED_LINK,data\raw\zara\discovery\797.json
category:d9d8e46557c98bec,category:e070200440d0ba1b,RELATED_LINK,data\raw\zara\discovery\797.json
category:d9d8e46557c98bec,category:0cd92cca2eb45ecb,RELATED_LINK,data\raw\zara\discovery\797.json
category:d9d8e46557c98bec,category:f873e721dd0d6a34,RELATED_LINK,data\raw\zara\discovery\797.json
category:d9d8e46557c98bec,category:56ec9f26c464d93b,RELATED_LINK,data\raw\zara\discovery\797.json
category:d9d8e46557c98bec,category:2fa06e7361c9b526,RELATED_LINK,data\raw\zara\discovery\797.json
category:d9d8e46557c98bec,category:e1c8332ae5007dc4,RELATED_LINK,data\raw\zara\discovery\797.json
category:d9d8e46557c98bec,category:5000b8dcb4265c3a,RELATED_LINK,data\raw\zara\discovery\797.json
category:d9d8e46557c98bec,category:be841513e327a3b6,RELATED_LINK,data\raw\zara\discovery\797.json
category:d9d8e46557c98bec,category:ef63c8842e3b13bd,RELATED_LINK,data\raw\zara\discovery\797.json
category:d9d8e46557c98bec,category:544387ad048c8a1b,RELATED_LINK,data\raw\zara\discovery\797.json
category:d9d8e46557c98bec,category:a624e5251cbd5a0d,RELATED_LINK,data\raw\zara\discovery\797.json
category:d9d8e46557c98bec,category:a6f1cc52519b2699,RELATED_LINK,data\raw\zara\discovery\797.json
category:d9d8e46557c98bec,category:f0f24a2b8fea20c6,RELATED_LINK,data\raw\zara\discovery\797.json
category:d9d8e46557c98bec,category:cde9d493510c4686,RELATED_LINK,data\raw\zara\discovery\797.json
category:d9d8e46557c98bec,category:a41b2c72ea13400d,RELATED_LINK,data\raw\zara\discovery\797.json
category:d9d8e46557c98bec,category:c02c58555d24d51a,RELATED_LINK,data\raw\zara\discovery\797.json
category:d9d8e46557c98bec,category:a5b3626926846f0b,RELATED_LINK,data\raw\zara\discovery\797.json
category:d9d8e46557c98bec,category:97787d9f86820684,RELATED_LINK,data\raw\zara\discovery\797.json
category:d9d8e46557c98bec,category:28187e18bcbcb457,RELATED_LINK,data\raw\zara\discovery\797.json
category:d9d8e46557c98bec,category:a90746e9b12ca312,RELATED_LINK,data\raw\zara\discovery\797.json
category:d9d8e46557c98bec,category:5069281f29a1ff75,RELATED_LINK,data\raw\zara\discovery\797.json
category:d9d8e46557c98bec,category:7d11bbc8108fb596,RELATED_LINK,data\raw\zara\discovery\797.json
category:d9d8e46557c98bec,category:51722dd38abdd1cb,RELATED_LINK,data\raw\zara\discovery\797.json
category:d9d8e46557c98bec,category:b8f2003d5b630a6d,RELATED_LINK,data\raw\zara\discovery\797.json
category:d9d8e46557c98bec,category:31967ffd8526d619,RELATED_LINK,data\raw\zara\discovery\797.json
category:d9d8e46557c98bec,category:ef79297b7a465839,RELATED_LINK,data\raw\zara\discovery\797.json
category:d9d8e46557c98bec,category:e571a2bc5f5180d9,RELATED_LINK,data\raw\zara\discovery\797.json
category:d9d8e46557c98bec,category:fdd89fd6b2ae92e2,RELATED_LINK,data\raw\zara\discovery\797.json
category:d9d8e46557c98bec,category:a491271fc38c7358,RELATED_LINK,data\raw\zara\discovery\797.json
category:ef79297b7a465839,category:26e5803efbb78a60,RELATED_LINK,data\raw\zara\discovery\808.json
category:ef79297b7a465839,category:3ffcf9a0fc798632,RELATED_LINK,data\raw\zara\discovery\808.json
category:ef79297b7a465839,category:0ce323e6d8bbf27b,RELATED_LINK,data\raw\zara\discovery\808.json
category:ef79297b7a465839,category:b826522a3d042190,RELATED_LINK,data\raw\zara\discovery\808.json
category:ef79297b7a465839,category:b41685cd21f8d2fb,RELATED_LINK,data\raw\zara\discovery\808.json
category:ef79297b7a465839,category:2fadd230ae7cb527,RELATED_LINK,data\raw\zara\discovery\808.json
category:ef79297b7a465839,category:e9a8b06a4e0d8fb5,RELATED_LINK,data\raw\zara\discovery\808.json
category:ef79297b7a465839,category:a41dde4b047e0ef1,RELATED_LINK,data\raw\zara\discovery\808.json
category:ef79297b7a465839,category:feaea88124282770,RELATED_LINK,data\raw\zara\discovery\808.json
category:ef79297b7a465839,category:53e97f703414970d,RELATED_LINK,data\raw\zara\discovery\808.json
category:ef79297b7a465839,category:bca0fc7393527fc3,RELATED_LINK,data\raw\zara\discovery\808.json
category:ef79297b7a465839,category:8f4f28e2a14c11bb,RELATED_LINK,data\raw\zara\discovery\808.json
category:ef79297b7a465839,category:b454c42b2bea840c,RELATED_LINK,data\raw\zara\discovery\808.json
category:ef79297b7a465839,category:5b09f96e5e627a6a,RELATED_LINK,data\raw\zara\discovery\808.json
category:ef79297b7a465839,category:445963bbe168a471,RELATED_LINK,data\raw\zara\discovery\808.json
category:ef79297b7a465839,category:a715ab89f765087a,RELATED_LINK,data\raw\zara\discovery\808.json
category:ef79297b7a465839,category:1efeceec3da4d6e1,RELATED_LINK,data\raw\zara\discovery\808.json
category:ef79297b7a465839,category:fe3b348f229cad71,RELATED_LINK,data\raw\zara\discovery\808.json
category:ef79297b7a465839,category:7dee4991ea9761f3,RELATED_LINK,data\raw\zara\discovery\808.json
category:ef79297b7a465839,category:89b73721efacfea1,RELATED_LINK,data\raw\zara\discovery\808.json
category:ef79297b7a465839,category:a5ee2ed5106e9b97,RELATED_LINK,data\raw\zara\discovery\808.json
category:ef79297b7a465839,category:f9e2ed9b1733f551,RELATED_LINK,data\raw\zara\discovery\808.json
category:ef79297b7a465839,category:e2e0c82873751a63,RELATED_LINK,data\raw\zara\discovery\808.json
category:ef79297b7a465839,category:023c7d700e187fde,RELATED_LINK,data\raw\zara\discovery\808.json
category:ef79297b7a465839,category:e05e94f64ad1dc35,RELATED_LINK,data\raw\zara\discovery\808.json
category:ef79297b7a465839,category:c02c58555d24d51a,RELATED_LINK,data\raw\zara\discovery\808.json
category:ef79297b7a465839,category:a5b3626926846f0b,RELATED_LINK,data\raw\zara\discovery\808.json
category:ef79297b7a465839,category:97787d9f86820684,RELATED_LINK,data\raw\zara\discovery\808.json
category:ef79297b7a465839,category:28187e18bcbcb457,RELATED_LINK,data\raw\zara\discovery\808.json
category:ef79297b7a465839,category:a90746e9b12ca312,RELATED_LINK,data\raw\zara\discovery\808.json
category:ef79297b7a465839,category:5069281f29a1ff75,RELATED_LINK,data\raw\zara\discovery\808.json
category:ef79297b7a465839,category:7d11bbc8108fb596,RELATED_LINK,data\raw\zara\discovery\808.json
category:ef79297b7a465839,category:51722dd38abdd1cb,RELATED_LINK,data\raw\zara\discovery\808.json
category:ef79297b7a465839,category:b8f2003d5b630a6d,RELATED_LINK,data\raw\zara\discovery\808.json
category:ef79297b7a465839,category:31967ffd8526d619,RELATED_LINK,data\raw\zara\discovery\808.json
category:ef79297b7a465839,category:de8b8e048badf9de,RELATED_LINK,data\raw\zara\discovery\808.json
category:ef79297b7a465839,category:92d87157bfe4c137,RELATED_LINK,data\raw\zara\discovery\808.json
category:ef79297b7a465839,category:d9d8e46557c98bec,RELATED_LINK,data\raw\zara\discovery\808.json
category:ef79297b7a465839,category:5d492e64a36987f3,RELATED_LINK,data\raw\zara\discovery\808.json
category:ef79297b7a465839,category:e571a2bc5f5180d9,RELATED_LINK,data\raw\zara\discovery\808.json
category:25c9417fba67de39,category:fddee08b1d9b3ebb,RELATED_LINK,data\raw\zara\discovery\man-shirts.json
category:25c9417fba67de39,category:d280084976e53695,RELATED_LINK,data\raw\zara\discovery\man-shirts.json
category:25c9417fba67de39,category:467fd38657bfd668,RELATED_LINK,data\raw\zara\discovery\man-shirts.json
category:25c9417fba67de39,category:7f82aadbde310d6e,RELATED_LINK,data\raw\zara\discovery\man-shirts.json
category:25c9417fba67de39,category:c09015cfe6a984fd,RELATED_LINK,data\raw\zara\discovery\man-shirts.json
category:25c9417fba67de39,category:7646b21c5fe650c0,RELATED_LINK,data\raw\zara\discovery\man-shirts.json
category:25c9417fba67de39,category:2c4a5863c813b5ee,RELATED_LINK,data\raw\zara\discovery\man-shirts.json
category:25c9417fba67de39,category:c596c1e2efebefde,RELATED_LINK,data\raw\zara\discovery\man-shirts.json
category:25c9417fba67de39,category:5a9cf10d56051d37,RELATED_LINK,data\raw\zara\discovery\man-shirts.json
category:25c9417fba67de39,category:5fef2668deb47355,RELATED_LINK,data\raw\zara\discovery\man-shirts.json
category:25c9417fba67de39,category:9b53282c363d9d71,RELATED_LINK,data\raw\zara\discovery\man-shirts.json
category:25c9417fba67de39,category:e5bea6e3867aa001,RELATED_LINK,data\raw\zara\discovery\man-shirts.json
category:25c9417fba67de39,category:7e78d3be6d7c9174,RELATED_LINK,data\raw\zara\discovery\man-shirts.json
category:25c9417fba67de39,category:5f59c07a6fd1725b,RELATED_LINK,data\raw\zara\discovery\man-shirts.json
category:25c9417fba67de39,category:2e610c19e30d8431,RELATED_LINK,data\raw\zara\discovery\man-shirts.json
category:25c9417fba67de39,category:12f261f83e72a881,RELATED_LINK,data\raw\zara\discovery\man-shirts.json
category:25c9417fba67de39,category:c5ab2427ffab4133,RELATED_LINK,data\raw\zara\discovery\man-shirts.json
category:25c9417fba67de39,category:25247cba85667883,RELATED_LINK,data\raw\zara\discovery\man-shirts.json
category:25c9417fba67de39,category:90cc12c57e779476,RELATED_LINK,data\raw\zara\discovery\man-shirts.json
category:25c9417fba67de39,category:4618ddd0488f15c7,RELATED_LINK,data\raw\zara\discovery\man-shirts.json
category:25c9417fba67de39,category:67ae6741c8034dac,RELATED_LINK,data\raw\zara\discovery\man-shirts.json
category:25c9417fba67de39,category:e16bc65c15899d9d,RELATED_LINK,data\raw\zara\discovery\man-shirts.json
category:25c9417fba67de39,category:e1c79596ba9ed8b8,RELATED_LINK,data\raw\zara\discovery\man-shirts.json
category:25c9417fba67de39,category:c02c58555d24d51a,RELATED_LINK,data\raw\zara\discovery\man-shirts.json
category:25c9417fba67de39,category:a5b3626926846f0b,RELATED_LINK,data\raw\zara\discovery\man-shirts.json
category:25c9417fba67de39,category:97787d9f86820684,RELATED_LINK,data\raw\zara\discovery\man-shirts.json
category:25c9417fba67de39,category:28187e18bcbcb457,RELATED_LINK,data\raw\zara\discovery\man-shirts.json
category:25c9417fba67de39,category:a90746e9b12ca312,RELATED_LINK,data\raw\zara\discovery\man-shirts.json
category:25c9417fba67de39,category:5069281f29a1ff75,RELATED_LINK,data\raw\zara\discovery\man-shirts.json
category:25c9417fba67de39,category:7d11bbc8108fb596,RELATED_LINK,data\raw\zara\discovery\man-shirts.json
category:25c9417fba67de39,category:51722dd38abdd1cb,RELATED_LINK,data\raw\zara\discovery\man-shirts.json
category:25c9417fba67de39,category:b8f2003d5b630a6d,RELATED_LINK,data\raw\zara\discovery\man-shirts.json
category:25c9417fba67de39,category:31967ffd8526d619,RELATED_LINK,data\raw\zara\discovery\man-shirts.json
category:25c9417fba67de39,category:ef79297b7a465839,RELATED_LINK,data\raw\zara\discovery\man-shirts.json
category:25c9417fba67de39,category:de8b8e048badf9de,RELATED_LINK,data\raw\zara\discovery\man-shirts.json
category:25c9417fba67de39,category:92d87157bfe4c137,RELATED_LINK,data\raw\zara\discovery\man-shirts.json
category:25c9417fba67de39,category:d9d8e46557c98bec,RELATED_LINK,data\raw\zara\discovery\man-shirts.json
category:25c9417fba67de39,category:5d492e64a36987f3,RELATED_LINK,data\raw\zara\discovery\man-shirts.json
category:25c9417fba67de39,category:e571a2bc5f5180d9,RELATED_LINK,data\raw\zara\discovery\man-shirts.json
category:25c9417fba67de39,category:7328db0a0dd96e4c,RELATED_LINK,data\raw\zara\discovery\man-shirts.json
category:50282081b0e1cada,category:0d2099eb3dc18c6f,RELATED_LINK,data\raw\zara\repair\beauty_makeup.json
category:50282081b0e1cada,category:c7d47fcd33289c7a,RELATED_LINK,data\raw\zara\repair\beauty_makeup.json
category:50282081b0e1cada,category:f08598e30797f77e,RELATED_LINK,data\raw\zara\repair\beauty_makeup.json
category:50282081b0e1cada,category:0d3e33afd33ce48a,RELATED_LINK,data\raw\zara\repair\beauty_makeup.json
category:50282081b0e1cada,category:4f67d183b78641ce,RELATED_LINK,data\raw\zara\repair\beauty_makeup.json
category:2b9c31507cc00363,category:e8c97459ff07c6ce,RELATED_LINK,data\raw\zara\repair\home_kids.json
category:2b9c31507cc00363,category:9c62f5f76cdec6d4,RELATED_LINK,data\raw\zara\repair\home_kids.json
category:2b9c31507cc00363,category:003b8e90456ccfe7,RELATED_LINK,data\raw\zara\repair\home_kids.json
category:2b9c31507cc00363,category:f0f27d1286532beb,RELATED_LINK,data\raw\zara\repair\home_kids.json
category:2b9c31507cc00363,category:131605673104bd2a,RELATED_LINK,data\raw\zara\repair\home_kids.json
category:04bd82dffbe7dad2,category:e8c57bd685bf505a,BREADCRUMB_PARENT,data\raw\zara\repair\home_kids.json
category:e8c57bd685bf505a,category:2b9c31507cc00363,BREADCRUMB_PARENT,data\raw\zara\repair\home_kids.json
category:88d3d61907aca2e7,category:c7380f95c6f0ff78,RELATED_LINK,data\raw\zara\repair\kids_accessories_shoes.json
category:04bd82dffbe7dad2,category:88d3d61907aca2e7,BREADCRUMB_PARENT,data\raw\zara\repair\kids_accessories_shoes.json
category:2fb546a5484fad6f,category:3d330d42bf74141a,RELATED_LINK,data\raw\zara\repair\kids_baby.json
category:04bd82dffbe7dad2,category:2fb546a5484fad6f,BREADCRUMB_PARENT,data\raw\zara\repair\kids_baby.json
category:651987f04e3dd3b9,category:74c0829a1b571305,RELATED_LINK,data\raw\zara\repair\kids_boy.json
category:04bd82dffbe7dad2,category:651987f04e3dd3b9,BREADCRUMB_PARENT,data\raw\zara\repair\kids_boy.json
category:7082f2932cdc3e4e,category:95ed679041b331f5,RELATED_LINK,data\raw\zara\repair\kids_girl.json
category:04bd82dffbe7dad2,category:7082f2932cdc3e4e,BREADCRUMB_PARENT,data\raw\zara\repair\kids_girl.json
category:c51b135d776a9691,category:6ab555f8ec86ab51,RELATED_LINK,data\raw\zara\repair\kids_toddler_boy.json
category:04bd82dffbe7dad2,category:c51b135d776a9691,BREADCRUMB_PARENT,data\raw\zara\repair\kids_toddler_boy.json
category:edfe2e1c3f5d64c3,category:0e49ff1f411d7485,RELATED_LINK,data\raw\zara\repair\kids_toddler_girl.json
category:04bd82dffbe7dad2,category:edfe2e1c3f5d64c3,BREADCRUMB_PARENT,data\raw\zara\repair\kids_toddler_girl.json
category:4f1a863445927eee,category:afc08632d29a8996,RELATED_LINK,data\raw\zara\repair\man.json
category:04bd82dffbe7dad2,category:2b9c31507cc00363,DEPARTMENT_NAVIGATION_LINK,"https://www.zara.com/us/en/kids-mkt1.html (public web extraction, 2026-09-06)"
