category_id,department,parent_category_id,name,normalized_name,url,route_type,depth,is_product_listing,is_collection_page,is_campaign_page,is_navigation_only,first_seen_from,last_verified_at,crawl_status,canonical_category_key,canonical_url,alias_urls,classification_evidence,department_basis,product_card_count_observed,legacy_category_ids,enumeration_complete,discovery_complete
category:52b69d58ca7f96f8,WOMAN,category:9be78623888074ad,Dresses for Women | ZARA United States,dresses for women | zara united states,https://www.zara.com/us/en/woman-dresses-l1066.html,PRODUCT_LISTING_CATEGORY,2,True,False,False,False,legacy_checkpoint,2026-09-06T04:27:16.070Z,PARTIAL,category:52b69d58ca7f96f8,https://www.zara.com/us/en/woman-dresses-l1066.html,[],data\raw\zara\woman-dresses-listing.json,INFERRED from route unless landing heading verified,32,"[""category:52b69d58ca7f96f8""]",False,True
category:464699df8a939649,WOMAN,,going out,going out,https://www.zara.com/us/en/woman-dresses-party-l1581.html,PRODUCT_LISTING_CATEGORY,,True,False,False,False,legacy_checkpoint,2026-09-06T05:18:32.941957+00:00,PARTIAL,category:464699df8a939649,https://www.zara.com/us/en/woman-dresses-party-l1581.html,[],data\raw\zara\discovery\1581.json,INFERRED from route unless landing heading verified,40,"[""category:464699df8a939649""]",False,True
category:0a70d2e37392985f,WOMAN,,midi | maxi,midi | maxi,https://www.zara.com/us/en/woman-dresses-midi-l1081.html,PRODUCT_LISTING_CATEGORY,,True,False,False,False,legacy_checkpoint,2026-09-06T05:18:40.397080+00:00,PARTIAL,category:0a70d2e37392985f,https://www.zara.com/us/en/woman-dresses-midi-l1081.html,[],data\raw\zara\discovery\1081.json,INFERRED from route unless landing heading verified,40,"[""category:0a70d2e37392985f""]",False,True
category:e51c9cb6e9106f5d,WOMAN,,mini,mini,https://www.zara.com/us/en/woman-dresses-mini-l1083.html,PRODUCT_LISTING_CATEGORY,,True,False,False,False,legacy_checkpoint,2026-09-06T05:18:49.055967+00:00,PARTIAL,category:e51c9cb6e9106f5d,https://www.zara.com/us/en/woman-dresses-mini-l1083.html,[],data\raw\zara\discovery\1083.json,INFERRED from route unless landing heading verified,40,"[""category:e51c9cb6e9106f5d""]",False,True
category:2296093622c90fd2,WOMAN,,jumpsuits,jumpsuits,https://www.zara.com/us/en/woman-jumpsuits-l1150.html,PRODUCT_LISTING_CATEGORY,,True,False,False,False,legacy_checkpoint,2026-09-06T05:18:58.348385+00:00,PARTIAL,category:2296093622c90fd2,https://www.zara.com/us/en/woman-jumpsuits-l1150.html,[],data\raw\zara\discovery\1150.json,INFERRED from route unless landing heading verified,40,"[""category:2296093622c90fd2""]",False,True
category:91c60a1489d05f0a,WOMAN,,satin effect,satin effect,https://www.zara.com/us/en/woman-dresses-camisole-l2184.html,UNKNOWN,,,,,,legacy_checkpoint,,QUEUED,category:91c60a1489d05f0a,https://www.zara.com/us/en/woman-dresses-camisole-l2184.html,[],,INFERRED from route unless landing heading verified,,"[""category:91c60a1489d05f0a""]",False,False
category:222e1aa5c830d324,WOMAN,,VIEW ALL,view all,https://www.zara.com/us/en/woman-dresses-view-all-newsletter-l19359.html,UNKNOWN,,,,,,legacy_checkpoint,,QUEUED,category:222e1aa5c830d324,https://www.zara.com/us/en/woman-dresses-view-all-newsletter-l19359.html,[],,INFERRED from route unless landing heading verified,,"[""category:222e1aa5c830d324""]",False,False
category:d46328f1a84f9f10,WOMAN,,Women's Wedding Guest Dresses,women's wedding guest dresses,https://www.zara.com/us/en/woman-dresses-wedding-guest-l2178.html,UNKNOWN,,,,,,legacy_checkpoint,,QUEUED,category:d46328f1a84f9f10,https://www.zara.com/us/en/woman-dresses-wedding-guest-l2178.html,[],,INFERRED from route unless landing heading verified,,"[""category:d46328f1a84f9f10""]",False,False
category:2ef8a2ef6481daa9,WOMAN,,Women's White Dresses,women's white dresses,https://www.zara.com/us/en/woman-dresses-white-l1676.html,UNKNOWN,,,,,,legacy_checkpoint,,QUEUED,category:2ef8a2ef6481daa9,https://www.zara.com/us/en/woman-dresses-white-l1676.html,[],,INFERRED from route unless landing heading verified,,"[""category:2ef8a2ef6481daa9""]",False,False
category:f9f047510caa478d,WOMAN,,Women´s Dress Beach,women´s dress beach,https://www.zara.com/us/en/woman-dresses-beach-l5337.html,UNKNOWN,,,,,,legacy_checkpoint,,QUEUED,category:f9f047510caa478d,https://www.zara.com/us/en/woman-dresses-beach-l5337.html,[],,INFERRED from route unless landing heading verified,,"[""category:f9f047510caa478d""]",False,False
category:0e2a2b2a987a96bd,WOMAN,,Women's Sweater Dresses,women's sweater dresses,https://www.zara.com/us/en/woman-knitwear-dresses-l1160.html,UNKNOWN,,,,,,legacy_checkpoint,,QUEUED,category:0e2a2b2a987a96bd,https://www.zara.com/us/en/woman-knitwear-dresses-l1160.html,[],,INFERRED from route unless landing heading verified,,"[""category:0e2a2b2a987a96bd""]",False,False
category:64745c5b2e6e09de,WOMAN,,Women's Black Dresses,women's black dresses,https://www.zara.com/us/en/woman-dresses-black-l1595.html,UNKNOWN,,,,,,legacy_checkpoint,,QUEUED,category:64745c5b2e6e09de,https://www.zara.com/us/en/woman-dresses-black-l1595.html,[],,INFERRED from route unless landing heading verified,,"[""category:64745c5b2e6e09de""]",False,False
category:cc79f9caaccdccb9,WOMAN,,LINGERIE STYLE,lingerie style,https://www.zara.com/us/en/woman-dresses-lace-l1774.html,UNKNOWN,,,,,,legacy_checkpoint,,QUEUED,category:cc79f9caaccdccb9,https://www.zara.com/us/en/woman-dresses-lace-l1774.html,[],,INFERRED from route unless landing heading verified,,"[""category:cc79f9caaccdccb9""]",False,False
category:68a78d69fc6bab3a,WOMAN,,Women's Linen Dresses,women's linen dresses,https://www.zara.com/us/en/woman-dresses-linen-l1686.html,UNKNOWN,,,,,,legacy_checkpoint,,QUEUED,category:68a78d69fc6bab3a,https://www.zara.com/us/en/woman-dresses-linen-l1686.html,[],,INFERRED from route unless landing heading verified,,"[""category:68a78d69fc6bab3a""]",False,False
category:7563a9dd369e86fb,WOMAN,,BELTED,belted,https://www.zara.com/us/en/woman-dresses-belted-l17324.html,UNKNOWN,,,,,,legacy_checkpoint,,QUEUED,category:7563a9dd369e86fb,https://www.zara.com/us/en/woman-dresses-belted-l17324.html,[],,INFERRED from route unless landing heading verified,,"[""category:7563a9dd369e86fb""]",False,False
category:4c4e00e79769d251,WOMAN,,Women´s Printed Dresses,women´s printed dresses,https://www.zara.com/us/en/woman-dresses-printed-l1089.html,UNKNOWN,,,,,,legacy_checkpoint,,QUEUED,category:4c4e00e79769d251,https://www.zara.com/us/en/woman-dresses-printed-l1089.html,[],,INFERRED from route unless landing heading verified,,"[""category:4c4e00e79769d251""]",False,False
category:5c28c37318e0ff3f,WOMAN,,Women's Maxi Dresses,women's maxi dresses,https://www.zara.com/us/en/woman-dresses-maxi-l1079.html,UNKNOWN,,,,,,legacy_checkpoint,,QUEUED,category:5c28c37318e0ff3f,https://www.zara.com/us/en/woman-dresses-maxi-l1079.html,[],,INFERRED from route unless landing heading verified,,"[""category:5c28c37318e0ff3f""]",False,False
category:65558b559bf9adca,WOMAN,,Women's Long Sleeve Dresses,women's long sleeve dresses,https://www.zara.com/us/en/woman-dresses-long-sleeve-l1776.html,UNKNOWN,,,,,,legacy_checkpoint,,QUEUED,category:65558b559bf9adca,https://www.zara.com/us/en/woman-dresses-long-sleeve-l1776.html,[],,INFERRED from route unless landing heading verified,,"[""category:65558b559bf9adca""]",False,False
category:fa185dbac1392639,WOMAN,,Women´s Satin Dresses,women´s satin dresses,https://www.zara.com/us/en/woman-dresses-satin-l3082.html,UNKNOWN,,,,,,legacy_checkpoint,,QUEUED,category:fa185dbac1392639,https://www.zara.com/us/en/woman-dresses-satin-l3082.html,[],,INFERRED from route unless landing heading verified,,"[""category:fa185dbac1392639""]",False,False
category:e9ed71d4d4a95cb5,WOMAN,,Women's Denim Dresses,women's denim dresses,https://www.zara.com/us/en/woman-dresses-denim-l1704.html,UNKNOWN,,,,,,legacy_checkpoint,,QUEUED,category:e9ed71d4d4a95cb5,https://www.zara.com/us/en/woman-dresses-denim-l1704.html,[],,INFERRED from route unless landing heading verified,,"[""category:e9ed71d4d4a95cb5""]",False,False
category:4e9a71c976e64e37,WOMAN,,Tulle Dresses for Woman,tulle dresses for woman,https://www.zara.com/us/en/woman-dresses-tulle-l5472.html,UNKNOWN,,,,,,legacy_checkpoint,,QUEUED,category:4e9a71c976e64e37,https://www.zara.com/us/en/woman-dresses-tulle-l5472.html,[],,INFERRED from route unless landing heading verified,,"[""category:4e9a71c976e64e37""]",False,False
category:a215e0866fd34050,UNCLASSIFIED,,Dresses for Women,dresses for women,https://www.zara.com/us/en/s-woman-dresses-l8887.html,UNKNOWN,,,,,,legacy_checkpoint,,QUEUED,category:a215e0866fd34050,https://www.zara.com/us/en/s-woman-dresses-l8887.html,[],,INFERRED from route unless landing heading verified,,"[""category:a215e0866fd34050""]",False,False
category:6387f930e468d9cb,WOMAN,,Women’s Elegant Evening Dresses,women’s elegant evening dresses,https://www.zara.com/us/en/woman-dresses-elegant-l5736.html,UNKNOWN,,,,,,legacy_checkpoint,,QUEUED,category:6387f930e468d9cb,https://www.zara.com/us/en/woman-dresses-elegant-l5736.html,[],,INFERRED from route unless landing heading verified,,"[""category:6387f930e468d9cb""]",False,False
category:a6e302e156ac1097,WOMAN,,Women's Cut Out Dresses,women's cut out dresses,https://www.zara.com/us/en/woman-dresses-cut-out-l4746.html,UNKNOWN,,,,,,legacy_checkpoint,,QUEUED,category:a6e302e156ac1097,https://www.zara.com/us/en/woman-dresses-cut-out-l4746.html,[],,INFERRED from route unless landing heading verified,,"[""category:a6e302e156ac1097""]",False,False
category:64d01931fe0abb82,WOMAN,,Women's Winter Dresses,women's winter dresses,https://www.zara.com/us/en/woman-dresses-winter-l2348.html,UNKNOWN,,,,,,legacy_checkpoint,,QUEUED,category:64d01931fe0abb82,https://www.zara.com/us/en/woman-dresses-winter-l2348.html,[],,INFERRED from route unless landing heading verified,,"[""category:64d01931fe0abb82""]",False,False
category:7391a3e0b5b42dfa,WOMAN,,Women's Bodycon Dresses,women's bodycon dresses,https://www.zara.com/us/en/woman-dresses-bodycon-l2179.html,UNKNOWN,,,,,,legacy_checkpoint,,QUEUED,category:7391a3e0b5b42dfa,https://www.zara.com/us/en/woman-dresses-bodycon-l2179.html,[],,INFERRED from route unless landing heading verified,,"[""category:7391a3e0b5b42dfa""]",False,False
category:8fc10bc70c613e8e,WOMAN,,Prom and Formal Dresses,prom and formal dresses,https://www.zara.com/us/en/woman-dresses-prom-l7713.html,UNKNOWN,,,,,,legacy_checkpoint,,QUEUED,category:8fc10bc70c613e8e,https://www.zara.com/us/en/woman-dresses-prom-l7713.html,[],,INFERRED from route unless landing heading verified,,"[""category:8fc10bc70c613e8e""]",False,False
category:7cd2565cc7e05d9b,WOMAN,,Women's Rhinestone Dresses,women's rhinestone dresses,https://www.zara.com/us/en/woman-dresses-rhinestone-l7702.html,UNKNOWN,,,,,,legacy_checkpoint,,QUEUED,category:7cd2565cc7e05d9b,https://www.zara.com/us/en/woman-dresses-rhinestone-l7702.html,[],,INFERRED from route unless landing heading verified,,"[""category:7cd2565cc7e05d9b""]",False,False
category:818fcbcbe8d65de0,WOMAN,,Women's Backless Dresses,women's backless dresses,https://www.zara.com/us/en/woman-dresses-backless-l4889.html,UNKNOWN,,,,,,legacy_checkpoint,,QUEUED,category:818fcbcbe8d65de0,https://www.zara.com/us/en/woman-dresses-backless-l4889.html,[],,INFERRED from route unless landing heading verified,,"[""category:818fcbcbe8d65de0""]",False,False
category:53b84339665a9b39,WOMAN,,Sleeveless Dress for Woman,sleeveless dress for woman,https://www.zara.com/us/en/woman-dresses-sleeveless-l4203.html,UNKNOWN,,,,,,legacy_checkpoint,,QUEUED,category:53b84339665a9b39,https://www.zara.com/us/en/woman-dresses-sleeveless-l4203.html,[],,INFERRED from route unless landing heading verified,,"[""category:53b84339665a9b39""]",False,False
category:9c7eb7535df83c28,WOMAN,,Women's Off The Shoulder Dresses,women's off the shoulder dresses,https://www.zara.com/us/en/woman-dresses-off-the-shoulder-l1084.html,UNKNOWN,,,,,,legacy_checkpoint,,QUEUED,category:9c7eb7535df83c28,https://www.zara.com/us/en/woman-dresses-off-the-shoulder-l1084.html,[],,INFERRED from route unless landing heading verified,,"[""category:9c7eb7535df83c28""]",False,False
category:7850948038e4d38f,WOMAN,,Work Dresses,work dresses,https://www.zara.com/us/en/woman-dresses-work-l4481.html,UNKNOWN,,,,,,legacy_checkpoint,,QUEUED,category:7850948038e4d38f,https://www.zara.com/us/en/woman-dresses-work-l4481.html,[],,INFERRED from route unless landing heading verified,,"[""category:7850948038e4d38f""]",False,False
category:2438deeeeb6becbe,WOMAN,,Casual Dresses,casual dresses,https://www.zara.com/us/en/woman-dresses-casual-l4480.html,UNKNOWN,,,,,,legacy_checkpoint,,QUEUED,category:2438deeeeb6becbe,https://www.zara.com/us/en/woman-dresses-casual-l4480.html,[],,INFERRED from route unless landing heading verified,,"[""category:2438deeeeb6becbe""]",False,False
category:34ff1322c9dfb87c,WOMAN,,Women's Green Dresses,women's green dresses,https://www.zara.com/us/en/woman-dresses-green-l1741.html,UNKNOWN,,,,,,legacy_checkpoint,,QUEUED,category:34ff1322c9dfb87c,https://www.zara.com/us/en/woman-dresses-green-l1741.html,[],,INFERRED from route unless landing heading verified,,"[""category:34ff1322c9dfb87c""]",False,False
category:1577d9ca51248540,WOMAN,,Women's Shift Dresses,women's shift dresses,https://www.zara.com/us/en/woman-dresses-baby-doll-l1067.html,UNKNOWN,,,,,,legacy_checkpoint,,QUEUED,category:1577d9ca51248540,https://www.zara.com/us/en/woman-dresses-baby-doll-l1067.html,[],,INFERRED from route unless landing heading verified,,"[""category:1577d9ca51248540""]",False,False
category:e49914715b6054c8,WOMAN,,Tunic Dresses,tunic dresses,https://www.zara.com/us/en/woman-dresses-tunic-l1096.html,UNKNOWN,,,,,,legacy_checkpoint,,QUEUED,category:e49914715b6054c8,https://www.zara.com/us/en/woman-dresses-tunic-l1096.html,[],,INFERRED from route unless landing heading verified,,"[""category:e49914715b6054c8""]",False,False
category:a11f999715622dcd,WOMAN,,Women's Asymmetric Dresses,women's asymmetric dresses,https://www.zara.com/us/en/woman-dresses-asymmetric-l4888.html,UNKNOWN,,,,,,legacy_checkpoint,,QUEUED,category:a11f999715622dcd,https://www.zara.com/us/en/woman-dresses-asymmetric-l4888.html,[],,INFERRED from route unless landing heading verified,,"[""category:a11f999715622dcd""]",False,False
category:e0c0f65966a3cfb7,WOMAN,,Women's Blue Dresses,women's blue dresses,https://www.zara.com/us/en/woman-dresses-blue-l1677.html,UNKNOWN,,,,,,legacy_checkpoint,,QUEUED,category:e0c0f65966a3cfb7,https://www.zara.com/us/en/woman-dresses-blue-l1677.html,[],,INFERRED from route unless landing heading verified,,"[""category:e0c0f65966a3cfb7""]",False,False
category:f82cad1a60228624,WOMAN,,Women's Pink Dresses,women's pink dresses,https://www.zara.com/us/en/woman-dresses-pink-l1843.html,UNKNOWN,,,,,,legacy_checkpoint,,QUEUED,category:f82cad1a60228624,https://www.zara.com/us/en/woman-dresses-pink-l1843.html,[],,INFERRED from route unless landing heading verified,,"[""category:f82cad1a60228624""]",False,False
category:7ffc0c8eb7d65aa1,WOMAN,,Women's Polka Dot Dresses,women's polka dot dresses,https://www.zara.com/us/en/woman-dresses-polka-dot-l1775.html,UNKNOWN,,,,,,legacy_checkpoint,,QUEUED,category:7ffc0c8eb7d65aa1,https://www.zara.com/us/en/woman-dresses-polka-dot-l1775.html,[],,INFERRED from route unless landing heading verified,,"[""category:7ffc0c8eb7d65aa1""]",False,False
category:91eed39f94687279,WOMAN,,Women's Cotton Dresses,women's cotton dresses,https://www.zara.com/us/en/woman-dresses-poplin-l2350.html,UNKNOWN,,,,,,legacy_checkpoint,,QUEUED,category:91eed39f94687279,https://www.zara.com/us/en/woman-dresses-poplin-l2350.html,[],,INFERRED from route unless landing heading verified,,"[""category:91eed39f94687279""]",False,False
category:44724d4907719577,WOMAN,,Women's Ruffle Dresses,women's ruffle dresses,https://www.zara.com/us/en/woman-dresses-ruffles-l2349.html,UNKNOWN,,,,,,legacy_checkpoint,,QUEUED,category:44724d4907719577,https://www.zara.com/us/en/woman-dresses-ruffles-l2349.html,[],,INFERRED from route unless landing heading verified,,"[""category:44724d4907719577""]",False,False
category:2634ed82f09a34bf,WOMAN,,Women's Grey Dresses,women's grey dresses,https://www.zara.com/us/en/woman-dresses-grey-l2189.html,UNKNOWN,,,,,,legacy_checkpoint,,QUEUED,category:2634ed82f09a34bf,https://www.zara.com/us/en/woman-dresses-grey-l2189.html,[],,INFERRED from route unless landing heading verified,,"[""category:2634ed82f09a34bf""]",False,False
category:1a1578172e811de5,WOMAN,,Women's Red Dresses,women's red dresses,https://www.zara.com/us/en/woman-dresses-red-l1687.html,UNKNOWN,,,,,,legacy_checkpoint,,QUEUED,category:1a1578172e811de5,https://www.zara.com/us/en/woman-dresses-red-l1687.html,[],,INFERRED from route unless landing heading verified,,"[""category:1a1578172e811de5""]",False,False
category:e710587cc6cda81d,WOMAN,,Women's Crochet Dresses,women's crochet dresses,https://www.zara.com/us/en/woman-dresses-crochet-l1071.html,UNKNOWN,,,,,,legacy_checkpoint,,QUEUED,category:e710587cc6cda81d,https://www.zara.com/us/en/woman-dresses-crochet-l1071.html,[],,INFERRED from route unless landing heading verified,,"[""category:e710587cc6cda81d""]",False,False
category:7b58f84a597af287,WOMAN,,FRINGED DRESSES,fringed dresses,https://www.zara.com/us/en/woman-dresses-fringe-l6302.html,UNKNOWN,,,,,,legacy_checkpoint,,QUEUED,category:7b58f84a597af287,https://www.zara.com/us/en/woman-dresses-fringe-l6302.html,[],,INFERRED from route unless landing heading verified,,"[""category:7b58f84a597af287""]",False,False
category:e01cac5391962885,WOMAN,,MESH DRESSES,mesh dresses,https://www.zara.com/us/en/woman-dresses-mesh-l6301.html,UNKNOWN,,,,,,legacy_checkpoint,,QUEUED,category:e01cac5391962885,https://www.zara.com/us/en/woman-dresses-mesh-l6301.html,[],,INFERRED from route unless landing heading verified,,"[""category:e01cac5391962885""]",False,False
category:e1b51bf9917737ad,WOMAN,,Women's Sequin Dresses,women's sequin dresses,https://www.zara.com/us/en/woman-dresses-sequin-l2340.html,UNKNOWN,,,,,,legacy_checkpoint,,QUEUED,category:e1b51bf9917737ad,https://www.zara.com/us/en/woman-dresses-sequin-l2340.html,[],,INFERRED from route unless landing heading verified,,"[""category:e1b51bf9917737ad""]",False,False
category:226aa6d3141056db,WOMAN,,Women's Pleated Dresses,women's pleated dresses,https://www.zara.com/us/en/woman-dresses-pleated-l4060.html,UNKNOWN,,,,,,legacy_checkpoint,,QUEUED,category:226aa6d3141056db,https://www.zara.com/us/en/woman-dresses-pleated-l4060.html,[],,INFERRED from route unless landing heading verified,,"[""category:226aa6d3141056db""]",False,False
category:c1a5a483a4ee270a,WOMAN,,Animal Print Dresses,animal print dresses,https://www.zara.com/us/en/woman-dresses-animal-print-l4059.html,UNKNOWN,,,,,,legacy_checkpoint,,QUEUED,category:c1a5a483a4ee270a,https://www.zara.com/us/en/woman-dresses-animal-print-l4059.html,[],,INFERRED from route unless landing heading verified,,"[""category:c1a5a483a4ee270a""]",False,False
category:4cf87df61285f561,WOMAN,,Women's Wrap Dresses,women's wrap dresses,https://www.zara.com/us/en/woman-dresses-wrap-l2180.html,UNKNOWN,,,,,,legacy_checkpoint,,QUEUED,category:4cf87df61285f561,https://www.zara.com/us/en/woman-dresses-wrap-l2180.html,[],,INFERRED from route unless landing heading verified,,"[""category:4cf87df61285f561""]",False,False
category:b8df1c8b29bf16e0,WOMAN,,Women's Embroidered Dresses,women's embroidered dresses,https://www.zara.com/us/en/woman-dresses-embroidered-l2185.html,UNKNOWN,,,,,,legacy_checkpoint,,QUEUED,category:b8df1c8b29bf16e0,https://www.zara.com/us/en/woman-dresses-embroidered-l2185.html,[],,INFERRED from route unless landing heading verified,,"[""category:b8df1c8b29bf16e0""]",False,False
category:809b3ec7006ada2a,WOMAN,,Women's Purple Dresses,women's purple dresses,https://www.zara.com/us/en/woman-dresses-purple-l2188.html,UNKNOWN,,,,,,legacy_checkpoint,,QUEUED,category:809b3ec7006ada2a,https://www.zara.com/us/en/woman-dresses-purple-l2188.html,[],,INFERRED from route unless landing heading verified,,"[""category:809b3ec7006ada2a""]",False,False
category:99b907c82d0f8281,WOMAN,,Women's Christmas Dresses,women's christmas dresses,https://www.zara.com/us/en/woman-dresses-christmas-l7116.html,UNKNOWN,,,,,,legacy_checkpoint,,QUEUED,category:99b907c82d0f8281,https://www.zara.com/us/en/woman-dresses-christmas-l7116.html,[],,INFERRED from route unless landing heading verified,,"[""category:99b907c82d0f8281""]",False,False
category:f4705897ce29dd97,WOMAN,,Women's Leather Dresses,women's leather dresses,https://www.zara.com/us/en/woman-dresses-leather-l4061.html,UNKNOWN,,,,,,legacy_checkpoint,,QUEUED,category:f4705897ce29dd97,https://www.zara.com/us/en/woman-dresses-leather-l4061.html,[],,INFERRED from route unless landing heading verified,,"[""category:f4705897ce29dd97""]",False,False
category:6acb4cecab5bd40b,WOMAN,,Smock Dresses,smock dresses,https://www.zara.com/us/en/woman-dresses-smock-l4483.html,UNKNOWN,,,,,,legacy_checkpoint,,QUEUED,category:6acb4cecab5bd40b,https://www.zara.com/us/en/woman-dresses-smock-l4483.html,[],,INFERRED from route unless landing heading verified,,"[""category:6acb4cecab5bd40b""]",False,False
category:a2d4d5e4ce72ebdf,WOMAN,,Women's Striped Dresses,women's striped dresses,https://www.zara.com/us/en/woman-dresses-striped-l4748.html,UNKNOWN,,,,,,legacy_checkpoint,,QUEUED,category:a2d4d5e4ce72ebdf,https://www.zara.com/us/en/woman-dresses-striped-l4748.html,[],,INFERRED from route unless landing heading verified,,"[""category:a2d4d5e4ce72ebdf""]",False,False
category:1c8b54f824e6b590,WOMAN,,Puff Sleeve Dresses,puff sleeve dresses,https://www.zara.com/us/en/woman-dresses-puff-sleeve-l4747.html,UNKNOWN,,,,,,legacy_checkpoint,,QUEUED,category:1c8b54f824e6b590,https://www.zara.com/us/en/woman-dresses-puff-sleeve-l4747.html,[],,INFERRED from route unless landing heading verified,,"[""category:1c8b54f824e6b590""]",False,False
category:0f885743c37f71b5,WOMAN,,Women's Halter Neck Dresses,women's halter neck dresses,https://www.zara.com/us/en/woman-dresses-halter-neck-l4884.html,UNKNOWN,,,,,,legacy_checkpoint,,QUEUED,category:0f885743c37f71b5,https://www.zara.com/us/en/woman-dresses-halter-neck-l4884.html,[],,INFERRED from route unless landing heading verified,,"[""category:0f885743c37f71b5""]",False,False
category:e6c8a801356aa473,WOMAN,,Women's V-Neck Dresses,women's v-neck dresses,https://www.zara.com/us/en/woman-dresses-vneck-l4887.html,UNKNOWN,,,,,,legacy_checkpoint,,QUEUED,category:e6c8a801356aa473,https://www.zara.com/us/en/woman-dresses-vneck-l4887.html,[],,INFERRED from route unless landing heading verified,,"[""category:e6c8a801356aa473""]",False,False
category:e4761a6b53252c81,WOMAN,,Women's Yellow Dresses,women's yellow dresses,https://www.zara.com/us/en/woman-dresses-yellow-l2186.html,UNKNOWN,,,,,,legacy_checkpoint,,QUEUED,category:e4761a6b53252c81,https://www.zara.com/us/en/woman-dresses-yellow-l2186.html,[],,INFERRED from route unless landing heading verified,,"[""category:e4761a6b53252c81""]",False,False
category:3a6384189dddd9af,WOMAN,,Women's Beige Dresses,women's beige dresses,https://www.zara.com/us/en/woman-dresses-beige-l4885.html,UNKNOWN,,,,,,legacy_checkpoint,,QUEUED,category:3a6384189dddd9af,https://www.zara.com/us/en/woman-dresses-beige-l4885.html,[],,INFERRED from route unless landing heading verified,,"[""category:3a6384189dddd9af""]",False,False
category:3dc38717debb58d8,WOMAN,,Women's Brown Dresses,women's brown dresses,https://www.zara.com/us/en/woman-dresses-brown-l4886.html,UNKNOWN,,,,,,legacy_checkpoint,,QUEUED,category:3dc38717debb58d8,https://www.zara.com/us/en/woman-dresses-brown-l4886.html,[],,INFERRED from route unless landing heading verified,,"[""category:3dc38717debb58d8""]",False,False
category:1c40e266ce64744c,WOMAN,,Women's Tie-Dye Dresses,women's tie-dye dresses,https://www.zara.com/us/en/woman-dresses-tie-dye-l4976.html,UNKNOWN,,,,,,legacy_checkpoint,,QUEUED,category:1c40e266ce64744c,https://www.zara.com/us/en/woman-dresses-tie-dye-l4976.html,[],,INFERRED from route unless landing heading verified,,"[""category:1c40e266ce64744c""]",False,False
category:4854c1f606e69762,WOMAN,,Women's Orange Dresses,women's orange dresses,https://www.zara.com/us/en/woman-dresses-orange-l4977.html,UNKNOWN,,,,,,legacy_checkpoint,,QUEUED,category:4854c1f606e69762,https://www.zara.com/us/en/woman-dresses-orange-l4977.html,[],,INFERRED from route unless landing heading verified,,"[""category:4854c1f606e69762""]",False,False
category:73f12401e4ca5fa4,WOMAN,,Cotton Dresses for Women,cotton dresses for women,https://www.zara.com/us/en/woman-dresses-cotton-l4625.html,UNKNOWN,,,,,,legacy_checkpoint,,QUEUED,category:73f12401e4ca5fa4,https://www.zara.com/us/en/woman-dresses-cotton-l4625.html,[],,INFERRED from route unless landing heading verified,,"[""category:73f12401e4ca5fa4""]",False,False
category:6ce35cae5beebbbb,WOMAN,,Women Corset Dresses,women corset dresses,https://www.zara.com/us/en/woman-dresses-corset-l5299.html,UNKNOWN,,,,,,legacy_checkpoint,,QUEUED,category:6ce35cae5beebbbb,https://www.zara.com/us/en/woman-dresses-corset-l5299.html,[],,INFERRED from route unless landing heading verified,,"[""category:6ce35cae5beebbbb""]",False,False
category:fed448c9654829cf,WOMAN,,Little Black Dresses,little black dresses,https://www.zara.com/us/en/woman-dresses-mini-black-l5300.html,UNKNOWN,,,,,,legacy_checkpoint,,QUEUED,category:fed448c9654829cf,https://www.zara.com/us/en/woman-dresses-mini-black-l5300.html,[],,INFERRED from route unless landing heading verified,,"[""category:fed448c9654829cf""]",False,False
category:af98b2942298a109,WOMAN,,Woman´s Silk Dresses,woman´s silk dresses,https://www.zara.com/us/en/woman-dresses-silk-l5288.html,UNKNOWN,,,,,,legacy_checkpoint,,QUEUED,category:af98b2942298a109,https://www.zara.com/us/en/woman-dresses-silk-l5288.html,[],,INFERRED from route unless landing heading verified,,"[""category:af98b2942298a109""]",False,False
category:a7edc4b57835246b,WOMAN,,Formal Dresses,formal dresses,https://www.zara.com/us/en/woman-dresses-formal-l1582.html,UNKNOWN,,,,,,legacy_checkpoint,,QUEUED,category:a7edc4b57835246b,https://www.zara.com/us/en/woman-dresses-formal-l1582.html,[],,INFERRED from route unless landing heading verified,,"[""category:a7edc4b57835246b""]",False,False
category:89ede178a7c82816,WOMAN,,A-Line Dresses,a-line dresses,https://www.zara.com/us/en/woman-dresses-a-line-l5473.html,UNKNOWN,,,,,,legacy_checkpoint,,QUEUED,category:89ede178a7c82816,https://www.zara.com/us/en/woman-dresses-a-line-l5473.html,[],,INFERRED from route unless landing heading verified,,"[""category:89ede178a7c82816""]",False,False
category:c2f9492ee0186589,WOMAN,,Women’s Draped Dresses,women’s draped dresses,https://www.zara.com/us/en/woman-dresses-draped-l5471.html,UNKNOWN,,,,,,legacy_checkpoint,,QUEUED,category:c2f9492ee0186589,https://www.zara.com/us/en/woman-dresses-draped-l5471.html,[],,INFERRED from route unless landing heading verified,,"[""category:c2f9492ee0186589""]",False,False
category:cced915010a7c2b5,WOMAN,,Women's Blazer Dresses,women's blazer dresses,https://www.zara.com/us/en/woman-dresses-blazer-l2181.html,UNKNOWN,,,,,,legacy_checkpoint,,QUEUED,category:cced915010a7c2b5,https://www.zara.com/us/en/woman-dresses-blazer-l2181.html,[],,INFERRED from route unless landing heading verified,,"[""category:cced915010a7c2b5""]",False,False
category:46c737fef66a26fc,WOMAN,,LONG BLACK DRESSES,long black dresses,https://www.zara.com/us/en/woman-dresses-black-long-l5734.html,UNKNOWN,,,,,,legacy_checkpoint,,QUEUED,category:46c737fef66a26fc,https://www.zara.com/us/en/woman-dresses-black-long-l5734.html,[],,INFERRED from route unless landing heading verified,,"[""category:46c737fef66a26fc""]",False,False
category:9b781a9a1bfcd5e0,WOMAN,,Women's Velvet Dresses,women's velvet dresses,https://www.zara.com/us/en/woman-dresses-velvet-l2183.html,UNKNOWN,,,,,,legacy_checkpoint,,QUEUED,category:9b781a9a1bfcd5e0,https://www.zara.com/us/en/woman-dresses-velvet-l2183.html,[],,INFERRED from route unless landing heading verified,,"[""category:9b781a9a1bfcd5e0""]",False,False
category:84dd8a7f9eae0a19,WOMAN,,Women's Summer Dresses,women's summer dresses,https://www.zara.com/us/en/woman-dresses-summer-l1662.html,UNKNOWN,,,,,,legacy_checkpoint,,QUEUED,category:84dd8a7f9eae0a19,https://www.zara.com/us/en/woman-dresses-summer-l1662.html,[],,INFERRED from route unless landing heading verified,,"[""category:84dd8a7f9eae0a19""]",False,False
category:b939226442dfa216,WOMAN,,Women’s Flowy Dresses,women’s flowy dresses,https://www.zara.com/us/en/woman-dresses-flowy-l6561.html,UNKNOWN,,,,,,legacy_checkpoint,,QUEUED,category:b939226442dfa216,https://www.zara.com/us/en/woman-dresses-flowy-l6561.html,[],,INFERRED from route unless landing heading verified,,"[""category:b939226442dfa216""]",False,False
category:0a7bb9e167179e59,WOMAN,,Women's Gold Dresses,women's gold dresses,https://www.zara.com/us/en/woman-dresses-gold-l7016.html,UNKNOWN,,,,,,legacy_checkpoint,,QUEUED,category:0a7bb9e167179e59,https://www.zara.com/us/en/woman-dresses-gold-l7016.html,[],,INFERRED from route unless landing heading verified,,"[""category:0a7bb9e167179e59""]",False,False
category:6ca85004c25663fc,WOMAN,,Women's Silver Dresses,women's silver dresses,https://www.zara.com/us/en/woman-dresses-silver-l7017.html,UNKNOWN,,,,,,legacy_checkpoint,,QUEUED,category:6ca85004c25663fc,https://www.zara.com/us/en/woman-dresses-silver-l7017.html,[],,INFERRED from route unless landing heading verified,,"[""category:6ca85004c25663fc""]",False,False
category:d3c6a487cf06468b,WOMAN,,Women's Metallic Dresses,women's metallic dresses,https://www.zara.com/us/en/woman-dresses-metallic-l7018.html,UNKNOWN,,,,,,legacy_checkpoint,,QUEUED,category:d3c6a487cf06468b,https://www.zara.com/us/en/woman-dresses-metallic-l7018.html,[],,INFERRED from route unless landing heading verified,,"[""category:d3c6a487cf06468b""]",False,False
category:7ff1bec2925c9c86,WOMAN,,Women's Autumn Dresses,women's autumn dresses,https://www.zara.com/us/en/woman-dresses-fall-l6563.html,UNKNOWN,,,,,,legacy_checkpoint,,QUEUED,category:7ff1bec2925c9c86,https://www.zara.com/us/en/woman-dresses-fall-l6563.html,[],,INFERRED from route unless landing heading verified,,"[""category:7ff1bec2925c9c86""]",False,False
category:74dbb5d2b9a3544e,WOMAN,,Women's Pinafore & Overall Dresses,women's pinafore & overall dresses,https://www.zara.com/us/en/woman-dresses-pinafore-l2182.html,UNKNOWN,,,,,,legacy_checkpoint,,QUEUED,category:74dbb5d2b9a3544e,https://www.zara.com/us/en/woman-dresses-pinafore-l2182.html,[],,INFERRED from route unless landing heading verified,,"[""category:74dbb5d2b9a3544e""]",False,False
category:63816d823735488d,WOMAN,,Women´s Plus Size Dresses,women´s plus size dresses,https://www.zara.com/us/en/woman-dresses-plus-l7799.html,UNKNOWN,,,,,,legacy_checkpoint,,QUEUED,category:63816d823735488d,https://www.zara.com/us/en/woman-dresses-plus-l7799.html,[],,INFERRED from route unless landing heading verified,,"[""category:63816d823735488d""]",False,False
category:b6a0cf00a2333fc5,WOMAN,,Women's Shirt Dresses,women's shirt dresses,https://www.zara.com/us/en/woman-dresses-shirt-l1091.html,UNKNOWN,,,,,,legacy_checkpoint,,QUEUED,category:b6a0cf00a2333fc5,https://www.zara.com/us/en/woman-dresses-shirt-l1091.html,[],,INFERRED from route unless landing heading verified,,"[""category:b6a0cf00a2333fc5""]",False,False
category:29e5fac1bfecf16a,WOMAN,,Women's Floral Dresses,women's floral dresses,https://www.zara.com/us/en/woman-dresses-floral-l1077.html,UNKNOWN,,,,,,legacy_checkpoint,,QUEUED,category:29e5fac1bfecf16a,https://www.zara.com/us/en/woman-dresses-floral-l1077.html,[],,INFERRED from route unless landing heading verified,,"[""category:29e5fac1bfecf16a""]",False,False
category:b07ba6b7e622920d,WOMAN,,Women's Kaftan Dresses,women's kaftan dresses,https://www.zara.com/us/en/woman-dresses-kaftan-l5733.html,UNKNOWN,,,,,,legacy_checkpoint,,QUEUED,category:b07ba6b7e622920d,https://www.zara.com/us/en/woman-dresses-kaftan-l5733.html,[],,INFERRED from route unless landing heading verified,,"[""category:b07ba6b7e622920d""]",False,False
category:2f5119b0ce450bdb,WOMAN,,Women's Spring Dresses,women's spring dresses,https://www.zara.com/us/en/woman-dresses-spring-l6562.html,UNKNOWN,,,,,,legacy_checkpoint,,QUEUED,category:2f5119b0ce450bdb,https://www.zara.com/us/en/woman-dresses-spring-l6562.html,[],,INFERRED from route unless landing heading verified,,"[""category:2f5119b0ce450bdb""]",False,False
category:c8cf2588f7312c69,WOMAN,,Women's Trench Coats,women's trench coats,https://www.zara.com/us/en/woman-outerwear-trench-l1202.html,UNKNOWN,,,,,,legacy_checkpoint,,QUEUED,category:c8cf2588f7312c69,https://www.zara.com/us/en/woman-outerwear-trench-l1202.html,[],,INFERRED from route unless landing heading verified,,"[""category:c8cf2588f7312c69""]",False,False
category:8fc01a4b9b27d2da,WOMAN,,Women's Gilets & Vests,women's gilets & vests,https://www.zara.com/us/en/woman-outerwear-vests-l1204.html,UNKNOWN,,,,,,legacy_checkpoint,,QUEUED,category:8fc01a4b9b27d2da,https://www.zara.com/us/en/woman-outerwear-vests-l1204.html,[],,INFERRED from route unless landing heading verified,,"[""category:8fc01a4b9b27d2da""]",False,False
category:308511bb0633822d,WOMAN,,Women's High Waisted Pants,women's high waisted pants,https://www.zara.com/us/en/woman-trousers-high-waist-l1779.html,UNKNOWN,,,,,,legacy_checkpoint,,QUEUED,category:308511bb0633822d,https://www.zara.com/us/en/woman-trousers-high-waist-l1779.html,[],,INFERRED from route unless landing heading verified,,"[""category:308511bb0633822d""]",False,False
category:4120cf0af0efb754,WOMAN,,Wide Leg Pants,wide leg pants,https://www.zara.com/us/en/woman-trousers-wide-l1360.html,UNKNOWN,,,,,,legacy_checkpoint,,QUEUED,category:4120cf0af0efb754,https://www.zara.com/us/en/woman-trousers-wide-l1360.html,[],,INFERRED from route unless landing heading verified,,"[""category:4120cf0af0efb754""]",False,False
category:45a4ea43f3604106,WOMAN,,Women's Pleated Pants,women's pleated pants,https://www.zara.com/us/en/woman-trousers-tailored-l15853.html,UNKNOWN,,,,,,legacy_checkpoint,,QUEUED,category:45a4ea43f3604106,https://www.zara.com/us/en/woman-trousers-tailored-l15853.html,[],,INFERRED from route unless landing heading verified,,"[""category:45a4ea43f3604106""]",False,False
category:2f99de5eeaa08caf,WOMAN,,Women's Joggers,women's joggers,https://www.zara.com/us/en/woman-trousers-joggers-l1346.html,UNKNOWN,,,,,,legacy_checkpoint,,QUEUED,category:2f99de5eeaa08caf,https://www.zara.com/us/en/woman-trousers-joggers-l1346.html,[],,INFERRED from route unless landing heading verified,,"[""category:2f99de5eeaa08caf""]",False,False
category:6b4593e2c2147cd7,WOMAN,,Women's High Waisted Jeans,women's high waisted jeans,https://www.zara.com/us/en/woman-jeans-high-waist-l1134.html,UNKNOWN,,,,,,legacy_checkpoint,,QUEUED,category:6b4593e2c2147cd7,https://www.zara.com/us/en/woman-jeans-high-waist-l1134.html,[],,INFERRED from route unless landing heading verified,,"[""category:6b4593e2c2147cd7""]",False,False
category:7e3cf0d3e06fd36f,WOMAN,,Women's Wide Leg Jeans,women's wide leg jeans,https://www.zara.com/us/en/woman-jeans-wide-leg-l2241.html,UNKNOWN,,,,,,legacy_checkpoint,,QUEUED,category:7e3cf0d3e06fd36f,https://www.zara.com/us/en/woman-jeans-wide-leg-l2241.html,[],,INFERRED from route unless landing heading verified,,"[""category:7e3cf0d3e06fd36f""]",False,False
category:dca06048f5e4d521,WOMAN,,Women's Straight Leg Jeans,women's straight leg jeans,https://www.zara.com/us/en/woman-jeans-regular-l1140.html,UNKNOWN,,,,,,legacy_checkpoint,,QUEUED,category:dca06048f5e4d521,https://www.zara.com/us/en/woman-jeans-regular-l1140.html,[],,INFERRED from route unless landing heading verified,,"[""category:dca06048f5e4d521""]",False,False
category:3479ad16a858e1b0,WOMAN,,Women's Flared Jeans,women's flared jeans,https://www.zara.com/us/en/woman-jeans-flare-l1132.html,UNKNOWN,,,,,,legacy_checkpoint,,QUEUED,category:3479ad16a858e1b0,https://www.zara.com/us/en/woman-jeans-flare-l1132.html,[],,INFERRED from route unless landing heading verified,,"[""category:3479ad16a858e1b0""]",False,False
category:29026c362e120d32,WOMAN,,Women's Blouses,women's blouses,https://www.zara.com/us/en/woman-shirts-blouses-l1221.html,UNKNOWN,,,,,,legacy_checkpoint,,QUEUED,category:29026c362e120d32,https://www.zara.com/us/en/woman-shirts-blouses-l1221.html,[],,INFERRED from route unless landing heading verified,,"[""category:29026c362e120d32""]",False,False
category:bf3c889910ed8146,WOMAN,,Women´s Satin Shirts,women´s satin shirts,https://www.zara.com/us/en/woman-shirts-satin-l4089.html,UNKNOWN,,,,,,legacy_checkpoint,,QUEUED,category:bf3c889910ed8146,https://www.zara.com/us/en/woman-shirts-satin-l4089.html,[],,INFERRED from route unless landing heading verified,,"[""category:bf3c889910ed8146""]",False,False
category:c494b55445cabd02,WOMAN,,Women's Long Sleeve T-shirts,women's long sleeve t-shirts,https://www.zara.com/us/en/woman-tshirts-long-sleeved-l1373.html,UNKNOWN,,,,,,legacy_checkpoint,,QUEUED,category:c494b55445cabd02,https://www.zara.com/us/en/woman-tshirts-long-sleeved-l1373.html,[],,INFERRED from route unless landing heading verified,,"[""category:c494b55445cabd02""]",False,False
category:0c976819321c5c82,WOMAN,,Women´s Short Sleeve T-Shirts,women´s short sleeve t-shirts,https://www.zara.com/us/en/woman-tshirts-short-sleeved-l1380.html,UNKNOWN,,,,,,legacy_checkpoint,,QUEUED,category:0c976819321c5c82,https://www.zara.com/us/en/woman-tshirts-short-sleeved-l1380.html,[],,INFERRED from route unless landing heading verified,,"[""category:0c976819321c5c82""]",False,False
category:0f23bb8500b43b3d,WOMAN,,Women's Sweaters,women's sweaters,https://www.zara.com/us/en/woman-knitwear-sweaters-l1165.html,UNKNOWN,,,,,,legacy_checkpoint,,QUEUED,category:0f23bb8500b43b3d,https://www.zara.com/us/en/woman-knitwear-sweaters-l1165.html,[],,INFERRED from route unless landing heading verified,,"[""category:0f23bb8500b43b3d""]",False,False
category:85c872696efa21be,WOMAN,,BEACHWEAR,beachwear,https://www.zara.com/us/en/woman-total-look-beachwear-l18125.html,UNKNOWN,,,,,,legacy_checkpoint,,QUEUED,category:85c872696efa21be,https://www.zara.com/us/en/woman-total-look-beachwear-l18125.html,[],,INFERRED from route unless landing heading verified,,"[""category:85c872696efa21be""]",False,False
category:ce7d31441e6f9e47,WOMAN,,Women's Knitwear,women's knitwear,https://www.zara.com/us/en/woman-co-ords-knit-l6875.html,UNKNOWN,,,,,,legacy_checkpoint,,QUEUED,category:ce7d31441e6f9e47,https://www.zara.com/us/en/woman-co-ords-knit-l6875.html,[],,INFERRED from route unless landing heading verified,,"[""category:ce7d31441e6f9e47""]",False,False
category:c331eb2cdb42904f,WOMAN,,Women's Skirts,women's skirts,https://www.zara.com/us/en/woman-skirts-l1299.html,UNKNOWN,,,,,,legacy_checkpoint,,QUEUED,category:c331eb2cdb42904f,https://www.zara.com/us/en/woman-skirts-l1299.html,[],,INFERRED from route unless landing heading verified,,"[""category:c331eb2cdb42904f""]",False,False
category:72ff55c2686e33c7,WOMAN,,Women's Midi Skirts,women's midi skirts,https://www.zara.com/us/en/woman-skirts-midi-l1305.html,UNKNOWN,,,,,,legacy_checkpoint,,QUEUED,category:72ff55c2686e33c7,https://www.zara.com/us/en/woman-skirts-midi-l1305.html,[],,INFERRED from route unless landing heading verified,,"[""category:72ff55c2686e33c7""]",False,False
category:86c2173798278a21,WOMAN,,Women's Mini Skirts,women's mini skirts,https://www.zara.com/us/en/woman-skirts-mini-l1307.html,UNKNOWN,,,,,,legacy_checkpoint,,QUEUED,category:86c2173798278a21,https://www.zara.com/us/en/woman-skirts-mini-l1307.html,[],,INFERRED from route unless landing heading verified,,"[""category:86c2173798278a21""]",False,False
category:d7d569464aa0e57e,WOMAN,,Women's Denim Skirts,women's denim skirts,https://www.zara.com/us/en/woman-skirts-denim-l1703.html,UNKNOWN,,,,,,legacy_checkpoint,,QUEUED,category:d7d569464aa0e57e,https://www.zara.com/us/en/woman-skirts-denim-l1703.html,[],,INFERRED from route unless landing heading verified,,"[""category:d7d569464aa0e57e""]",False,False
category:6a5c8cdb02998906,WOMAN,,Women's Shorts,women's shorts,https://www.zara.com/us/en/woman-trousers-shorts-l1355.html,UNKNOWN,,,,,,legacy_checkpoint,,QUEUED,category:6a5c8cdb02998906,https://www.zara.com/us/en/woman-trousers-shorts-l1355.html,[],,INFERRED from route unless landing heading verified,,"[""category:6a5c8cdb02998906""]",False,False
category:802633b0ce862039,WOMAN,,Women's Skorts,women's skorts,https://www.zara.com/us/en/woman-shorts-skorts-l1297.html,UNKNOWN,,,,,,legacy_checkpoint,,QUEUED,category:802633b0ce862039,https://www.zara.com/us/en/woman-shorts-skorts-l1297.html,[],,INFERRED from route unless landing heading verified,,"[""category:802633b0ce862039""]",False,False
category:7d0144646bee1f6d,WOMAN,,Women's Suits,women's suits,https://www.zara.com/us/en/woman-suits-l1437.html,UNKNOWN,,,,,,legacy_checkpoint,,QUEUED,category:7d0144646bee1f6d,https://www.zara.com/us/en/woman-suits-l1437.html,[],,INFERRED from route unless landing heading verified,,"[""category:7d0144646bee1f6d""]",False,False
category:296af2e068220c22,WOMAN,,Women's Heeled Shoes,women's heeled shoes,https://www.zara.com/us/en/woman-shoes-heeled-l1271.html,UNKNOWN,,,,,,legacy_checkpoint,,QUEUED,category:296af2e068220c22,https://www.zara.com/us/en/woman-shoes-heeled-l1271.html,[],,INFERRED from route unless landing heading verified,,"[""category:296af2e068220c22""]",False,False
category:51df456251c4986a,WOMAN,,Women's Evening Dresses,women's evening dresses,https://www.zara.com/us/en/woman-dresses-evening-l1073.html,UNKNOWN,,,,,,legacy_checkpoint,,QUEUED,category:51df456251c4986a,https://www.zara.com/us/en/woman-dresses-evening-l1073.html,[],,INFERRED from route unless landing heading verified,,"[""category:51df456251c4986a""]",False,False
category:a52d2bbd64d8cba2,WOMAN,,Fitted Dresses Woman,fitted dresses woman,https://www.zara.com/us/en/woman-fitted-dresses-l19135.html,UNKNOWN,,,,,,legacy_checkpoint,,QUEUED,category:a52d2bbd64d8cba2,https://www.zara.com/us/en/woman-fitted-dresses-l19135.html,[],,INFERRED from route unless landing heading verified,,"[""category:a52d2bbd64d8cba2""]",False,False
category:8af8fa7edb568f6a,WOMAN,,New Dresses Woman,new dresses woman,https://www.zara.com/us/en/woman-new-dresses-l19139.html,UNKNOWN,,,,,,legacy_checkpoint,,QUEUED,category:8af8fa7edb568f6a,https://www.zara.com/us/en/woman-new-dresses-l19139.html,[],,INFERRED from route unless landing heading verified,,"[""category:8af8fa7edb568f6a""]",False,False
category:a0d9fc95aa507977,WOMAN,,Strappy Dresses Woman,strappy dresses woman,https://www.zara.com/us/en/woman-strappy-dresses-l19134.html,UNKNOWN,,,,,,legacy_checkpoint,,QUEUED,category:a0d9fc95aa507977,https://www.zara.com/us/en/woman-strappy-dresses-l19134.html,[],,INFERRED from route unless landing heading verified,,"[""category:a0d9fc95aa507977""]",False,False
category:17ff82b2b8c2a189,WOMAN,,Black Formal Dresses Woman,black formal dresses woman,https://www.zara.com/us/en/woman-black-formal-dresses-l18464.html,UNKNOWN,,,,,,legacy_checkpoint,,QUEUED,category:17ff82b2b8c2a189,https://www.zara.com/us/en/woman-black-formal-dresses-l18464.html,[],,INFERRED from route unless landing heading verified,,"[""category:17ff82b2b8c2a189""]",False,False
category:05d5443c091a1822,WOMAN,,Black Dresses For Wedding Woman,black dresses for wedding woman,https://www.zara.com/us/en/woman-black-dresses-for-wedding-l18171.html,UNKNOWN,,,,,,legacy_checkpoint,,QUEUED,category:05d5443c091a1822,https://www.zara.com/us/en/woman-black-dresses-for-wedding-l18171.html,[],,INFERRED from route unless landing heading verified,,"[""category:05d5443c091a1822""]",False,False
category:1be0d2d3116b5929,WOMAN,,Holiday Dresses Woman,holiday dresses woman,https://www.zara.com/us/en/woman-holiday-dresses-l18899.html,UNKNOWN,,,,,,legacy_checkpoint,,QUEUED,category:1be0d2d3116b5929,https://www.zara.com/us/en/woman-holiday-dresses-l18899.html,[],,INFERRED from route unless landing heading verified,,"[""category:1be0d2d3116b5929""]",False,False
category:2c19efd85b0bf4d3,WOMAN,,White Formal Dresses Woman,white formal dresses woman,https://www.zara.com/us/en/woman-white-formal-dresses-l18481.html,UNKNOWN,,,,,,legacy_checkpoint,,QUEUED,category:2c19efd85b0bf4d3,https://www.zara.com/us/en/woman-white-formal-dresses-l18481.html,[],,INFERRED from route unless landing heading verified,,"[""category:2c19efd85b0bf4d3""]",False,False
category:c83be7fdd0bccc9c,WOMAN,,Long Formal Dresses Woman,long formal dresses woman,https://www.zara.com/us/en/woman-long-formal-dresses-l18913.html,UNKNOWN,,,,,,legacy_checkpoint,,QUEUED,category:c83be7fdd0bccc9c,https://www.zara.com/us/en/woman-long-formal-dresses-l18913.html,[],,INFERRED from route unless landing heading verified,,"[""category:c83be7fdd0bccc9c""]",False,False
category:5a427b6511646d4a,WOMAN,,Casual Summer Dresses Woman,casual summer dresses woman,https://www.zara.com/us/en/woman-casual-summer-dresses-l18902.html,UNKNOWN,,,,,,legacy_checkpoint,,QUEUED,category:5a427b6511646d4a,https://www.zara.com/us/en/woman-casual-summer-dresses-l18902.html,[],,INFERRED from route unless landing heading verified,,"[""category:5a427b6511646d4a""]",False,False
category:2e465e9d9ec1c14e,WOMAN,,Khaki Dresses Woman,khaki dresses woman,https://www.zara.com/us/en/woman-khaki-dresses-l18774.html,UNKNOWN,,,,,,legacy_checkpoint,,QUEUED,category:2e465e9d9ec1c14e,https://www.zara.com/us/en/woman-khaki-dresses-l18774.html,[],,INFERRED from route unless landing heading verified,,"[""category:2e465e9d9ec1c14e""]",False,False
category:ce73194e6766579e,WOMAN,,Linen Shirt Dresses Woman,linen shirt dresses woman,https://www.zara.com/us/en/woman-linen-shirt-dresses-l18630.html,UNKNOWN,,,,,,legacy_checkpoint,,QUEUED,category:ce73194e6766579e,https://www.zara.com/us/en/woman-linen-shirt-dresses-l18630.html,[],,INFERRED from route unless landing heading verified,,"[""category:ce73194e6766579e""]",False,False
category:a843e7d16659b36f,WOMAN,,Black Dress With Sleeves Woman,black dress with sleeves woman,https://www.zara.com/us/en/woman-black-dress-with-sleeves-l18486.html,UNKNOWN,,,,,,legacy_checkpoint,,QUEUED,category:a843e7d16659b36f,https://www.zara.com/us/en/woman-black-dress-with-sleeves-l18486.html,[],,INFERRED from route unless landing heading verified,,"[""category:a843e7d16659b36f""]",False,False
category:bec2846b32bd8487,WOMAN,,Cocktail Dresses For Wedding Woman,cocktail dresses for wedding woman,https://www.zara.com/us/en/woman-cocktail-dresses-for-wedding-l18777.html,UNKNOWN,,,,,,legacy_checkpoint,,QUEUED,category:bec2846b32bd8487,https://www.zara.com/us/en/woman-cocktail-dresses-for-wedding-l18777.html,[],,INFERRED from route unless landing heading verified,,"[""category:bec2846b32bd8487""]",False,False
category:9732bfdef43bea16,WOMAN,,White Dress With Sleeves Woman,white dress with sleeves woman,https://www.zara.com/us/en/woman-white-dress-with-sleeves-l18484.html,UNKNOWN,,,,,,legacy_checkpoint,,QUEUED,category:9732bfdef43bea16,https://www.zara.com/us/en/woman-white-dress-with-sleeves-l18484.html,[],,INFERRED from route unless landing heading verified,,"[""category:9732bfdef43bea16""]",False,False
category:3b758fa957e3e91f,WOMAN,,Cocktail Formal Dresses Woman,cocktail formal dresses woman,https://www.zara.com/us/en/woman-cocktail-formal-dresses-l18889.html,UNKNOWN,,,,,,legacy_checkpoint,,QUEUED,category:3b758fa957e3e91f,https://www.zara.com/us/en/woman-cocktail-formal-dresses-l18889.html,[],,INFERRED from route unless landing heading verified,,"[""category:3b758fa957e3e91f""]",False,False
category:e02a9f9a66c6eade,WOMAN,,Black And White Dress Woman,black and white dress woman,https://www.zara.com/us/en/woman-black-and-white-dress-l18415.html,UNKNOWN,,,,,,legacy_checkpoint,,QUEUED,category:e02a9f9a66c6eade,https://www.zara.com/us/en/woman-black-and-white-dress-l18415.html,[],,INFERRED from route unless landing heading verified,,"[""category:e02a9f9a66c6eade""]",False,False
category:4ebd25ce6a78b8e3,WOMAN,,Formal Wedding Guest Dresses Woman,formal wedding guest dresses woman,https://www.zara.com/us/en/woman-formal-wedding-guest-dresses-l18182.html,UNKNOWN,,,,,,legacy_checkpoint,,QUEUED,category:4ebd25ce6a78b8e3,https://www.zara.com/us/en/woman-formal-wedding-guest-dresses-l18182.html,[],,INFERRED from route unless landing heading verified,,"[""category:4ebd25ce6a78b8e3""]",False,False
category:2f4cf2139637e8db,WOMAN,,Winter Wedding Guest Dresses Woman,winter wedding guest dresses woman,https://www.zara.com/us/en/woman-winter-wedding-guest-dresses-l18168.html,UNKNOWN,,,,,,legacy_checkpoint,,QUEUED,category:2f4cf2139637e8db,https://www.zara.com/us/en/woman-winter-wedding-guest-dresses-l18168.html,[],,INFERRED from route unless landing heading verified,,"[""category:2f4cf2139637e8db""]",False,False
category:b36dbaff7ed69aca,WOMAN,,Black And White Polka Dot Dress Woman,black and white polka dot dress woman,https://www.zara.com/us/en/woman-black-and-white-polka-dot-dress-l18437.html,UNKNOWN,,,,,,legacy_checkpoint,,QUEUED,category:b36dbaff7ed69aca,https://www.zara.com/us/en/woman-black-and-white-polka-dot-dress-l18437.html,[],,INFERRED from route unless landing heading verified,,"[""category:b36dbaff7ed69aca""]",False,False
category:81699ec04f53458b,WOMAN,,Midi Dress With Sleeves Woman,midi dress with sleeves woman,https://www.zara.com/us/en/woman-midi-dress-with-sleeves-l18919.html,UNKNOWN,,,,,,legacy_checkpoint,,QUEUED,category:81699ec04f53458b,https://www.zara.com/us/en/woman-midi-dress-with-sleeves-l18919.html,[],,INFERRED from route unless landing heading verified,,"[""category:81699ec04f53458b""]",False,False
category:dcb8957038241b81,WOMAN,,Long Sleeve Mini Dress Woman,long sleeve mini dress woman,https://www.zara.com/us/en/woman-long-sleeve-mini-dress-l17962.html,UNKNOWN,,,,,,legacy_checkpoint,,QUEUED,category:dcb8957038241b81,https://www.zara.com/us/en/woman-long-sleeve-mini-dress-l17962.html,[],,INFERRED from route unless landing heading verified,,"[""category:dcb8957038241b81""]",False,False
category:4b3c553ddabd298a,WOMAN,,Elegant White Dresses Woman,elegant white dresses woman,https://www.zara.com/us/en/woman-elegant-white-dresses-l18782.html,UNKNOWN,,,,,,legacy_checkpoint,,QUEUED,category:4b3c553ddabd298a,https://www.zara.com/us/en/woman-elegant-white-dresses-l18782.html,[],,INFERRED from route unless landing heading verified,,"[""category:4b3c553ddabd298a""]",False,False
category:70302df9bb9abf2e,WOMAN,,Floral Embroidered Dress Woman,floral embroidered dress woman,https://www.zara.com/us/en/woman-floral-embroidered-dress-l18398.html,UNKNOWN,,,,,,legacy_checkpoint,,QUEUED,category:70302df9bb9abf2e,https://www.zara.com/us/en/woman-floral-embroidered-dress-l18398.html,[],,INFERRED from route unless landing heading verified,,"[""category:70302df9bb9abf2e""]",False,False
category:c5b061b3c0120724,WOMAN,,Black Formal Dresses Long Woman,black formal dresses long woman,https://www.zara.com/us/en/woman-black-formal-dresses-long-l18948.html,UNKNOWN,,,,,,legacy_checkpoint,,QUEUED,category:c5b061b3c0120724,https://www.zara.com/us/en/woman-black-formal-dresses-long-l18948.html,[],,INFERRED from route unless landing heading verified,,"[""category:c5b061b3c0120724""]",False,False
category:22267222c9bae0dd,WOMAN,,Summer Office Dresses Woman,summer office dresses woman,https://www.zara.com/us/en/woman-summer-office-dresses-l18903.html,UNKNOWN,,,,,,legacy_checkpoint,,QUEUED,category:22267222c9bae0dd,https://www.zara.com/us/en/woman-summer-office-dresses-l18903.html,[],,INFERRED from route unless landing heading verified,,"[""category:22267222c9bae0dd""]",False,False
category:c84949c7164be3ee,WOMAN,,A-line Mini Dress Woman,a-line mini dress woman,https://www.zara.com/us/en/woman-a-line-mini-dress-l18079.html,UNKNOWN,,,,,,legacy_checkpoint,,QUEUED,category:c84949c7164be3ee,https://www.zara.com/us/en/woman-a-line-mini-dress-l18079.html,[],,INFERRED from route unless landing heading verified,,"[""category:c84949c7164be3ee""]",False,False
category:6caf9d515db5a43f,WOMAN,,Pink Formal Dress Woman,pink formal dress woman,https://www.zara.com/us/en/woman-pink-formal-dress-l18468.html,UNKNOWN,,,,,,legacy_checkpoint,,QUEUED,category:6caf9d515db5a43f,https://www.zara.com/us/en/woman-pink-formal-dress-l18468.html,[],,INFERRED from route unless landing heading verified,,"[""category:6caf9d515db5a43f""]",False,False
category:2f1300e24e2800c9,WOMAN,,Wrap Mini Dress Woman,wrap mini dress woman,https://www.zara.com/us/en/woman-wrap-mini-dress-l18112.html,UNKNOWN,,,,,,legacy_checkpoint,,QUEUED,category:2f1300e24e2800c9,https://www.zara.com/us/en/woman-wrap-mini-dress-l18112.html,[],,INFERRED from route unless landing heading verified,,"[""category:2f1300e24e2800c9""]",False,False
category:947a7ae92da2416b,WOMAN,,Leopard Print Dress Woman,leopard print dress woman,https://www.zara.com/us/en/woman-leopard-print-dress-l18880.html,UNKNOWN,,,,,,legacy_checkpoint,,QUEUED,category:947a7ae92da2416b,https://www.zara.com/us/en/woman-leopard-print-dress-l18880.html,[],,INFERRED from route unless landing heading verified,,"[""category:947a7ae92da2416b""]",False,False
category:c51885ff2147079a,WOMAN,,Magenta Dress Woman,magenta dress woman,https://www.zara.com/us/en/woman-magenta-dress-l18907.html,UNKNOWN,,,,,,legacy_checkpoint,,QUEUED,category:c51885ff2147079a,https://www.zara.com/us/en/woman-magenta-dress-l18907.html,[],,INFERRED from route unless landing heading verified,,"[""category:c51885ff2147079a""]",False,False
category:2eba643c2ce3634e,WOMAN,,Midi Evening Dresses Woman,midi evening dresses woman,https://www.zara.com/us/en/woman-midi-evening-dresses-l18920.html,UNKNOWN,,,,,,legacy_checkpoint,,QUEUED,category:2eba643c2ce3634e,https://www.zara.com/us/en/woman-midi-evening-dresses-l18920.html,[],,INFERRED from route unless landing heading verified,,"[""category:2eba643c2ce3634e""]",False,False
category:1b94e03d927218b6,WOMAN,,Work Skirts Woman,work skirts woman,https://www.zara.com/us/en/woman-work-skirts-l18500.html,UNKNOWN,,,,,,legacy_checkpoint,,QUEUED,category:1b94e03d927218b6,https://www.zara.com/us/en/woman-work-skirts-l18500.html,[],,INFERRED from route unless landing heading verified,,"[""category:1b94e03d927218b6""]",False,False
category:61016650da4225c3,WOMAN,,Fall Wedding Guest Dresses Woman,fall wedding guest dresses woman,https://www.zara.com/us/en/woman-fall-wedding-guest-dresses-l18166.html,UNKNOWN,,,,,,legacy_checkpoint,,QUEUED,category:61016650da4225c3,https://www.zara.com/us/en/woman-fall-wedding-guest-dresses-l18166.html,[],,INFERRED from route unless landing heading verified,,"[""category:61016650da4225c3""]",False,False
category:874fe60bb778f455,WOMAN,,Puff Sleeve Mini Dress Woman,puff sleeve mini dress woman,https://www.zara.com/us/en/woman-puff-sleeve-mini-dress-l18130.html,UNKNOWN,,,,,,legacy_checkpoint,,QUEUED,category:874fe60bb778f455,https://www.zara.com/us/en/woman-puff-sleeve-mini-dress-l18130.html,[],,INFERRED from route unless landing heading verified,,"[""category:874fe60bb778f455""]",False,False
category:cc67222106799ade,WOMAN,,Long Sleeve Floral Dress Woman,long sleeve floral dress woman,https://www.zara.com/us/en/woman-long-sleeve-floral-dress-l18392.html,UNKNOWN,,,,,,legacy_checkpoint,,QUEUED,category:cc67222106799ade,https://www.zara.com/us/en/woman-long-sleeve-floral-dress-l18392.html,[],,INFERRED from route unless landing heading verified,,"[""category:cc67222106799ade""]",False,False
category:09223c427e44d765,WOMAN,,Sparkly Mini Dress Woman,sparkly mini dress woman,https://www.zara.com/us/en/woman-sparkly-mini-dress-l18875.html,UNKNOWN,,,,,,legacy_checkpoint,,QUEUED,category:09223c427e44d765,https://www.zara.com/us/en/woman-sparkly-mini-dress-l18875.html,[],,INFERRED from route unless landing heading verified,,"[""category:09223c427e44d765""]",False,False
category:95a117eb2f61b23e,WOMAN,,Satin Mini Dress Woman,satin mini dress woman,https://www.zara.com/us/en/woman-satin-mini-dress-l18113.html,UNKNOWN,,,,,,legacy_checkpoint,,QUEUED,category:95a117eb2f61b23e,https://www.zara.com/us/en/woman-satin-mini-dress-l18113.html,[],,INFERRED from route unless landing heading verified,,"[""category:95a117eb2f61b23e""]",False,False
category:39a92565b5feebb4,WOMAN,,Pink Satin Dress Woman,pink satin dress woman,https://www.zara.com/us/en/woman-pink-satin-dress-l18411.html,UNKNOWN,,,,,,legacy_checkpoint,,QUEUED,category:39a92565b5feebb4,https://www.zara.com/us/en/woman-pink-satin-dress-l18411.html,[],,INFERRED from route unless landing heading verified,,"[""category:39a92565b5feebb4""]",False,False
category:80bdd96f168045fb,WOMAN,,Floral Mini Dress Woman,floral mini dress woman,https://www.zara.com/us/en/woman-floral-mini-dress-l17960.html,UNKNOWN,,,,,,legacy_checkpoint,,QUEUED,category:80bdd96f168045fb,https://www.zara.com/us/en/woman-floral-mini-dress-l17960.html,[],,INFERRED from route unless landing heading verified,,"[""category:80bdd96f168045fb""]",False,False
category:8ea5401b2cc312c4,WOMAN,,Strapless Mini Dress Woman,strapless mini dress woman,https://www.zara.com/us/en/woman-strapless-mini-dress-l18121.html,UNKNOWN,,,,,,legacy_checkpoint,,QUEUED,category:8ea5401b2cc312c4,https://www.zara.com/us/en/woman-strapless-mini-dress-l18121.html,[],,INFERRED from route unless landing heading verified,,"[""category:8ea5401b2cc312c4""]",False,False
category:63bd10984674603f,WOMAN,,Cotton Mini Dress Woman,cotton mini dress woman,https://www.zara.com/us/en/woman-cotton-mini-dress-l18122.html,UNKNOWN,,,,,,legacy_checkpoint,,QUEUED,category:63bd10984674603f,https://www.zara.com/us/en/woman-cotton-mini-dress-l18122.html,[],,INFERRED from route unless landing heading verified,,"[""category:63bd10984674603f""]",False,False
category:b1f38b661b3e4b71,WOMAN,,Pink Floral Dress Woman,pink floral dress woman,https://www.zara.com/us/en/woman-pink-floral-dress-l18395.html,UNKNOWN,,,,,,legacy_checkpoint,,QUEUED,category:b1f38b661b3e4b71,https://www.zara.com/us/en/woman-pink-floral-dress-l18395.html,[],,INFERRED from route unless landing heading verified,,"[""category:b1f38b661b3e4b71""]",False,False
category:37f1448bea452a16,WOMAN,,Knit Mini Dress Woman,knit mini dress woman,https://www.zara.com/us/en/woman-knit-mini-dress-l18118.html,UNKNOWN,,,,,,legacy_checkpoint,,QUEUED,category:37f1448bea452a16,https://www.zara.com/us/en/woman-knit-mini-dress-l18118.html,[],,INFERRED from route unless landing heading verified,,"[""category:37f1448bea452a16""]",False,False
category:907ab0e77bf7e7bd,WOMAN,,Wool Skirt Woman,wool skirt woman,https://www.zara.com/us/en/woman-wool-skirt-l18220.html,UNKNOWN,,,,,,legacy_checkpoint,,QUEUED,category:907ab0e77bf7e7bd,https://www.zara.com/us/en/woman-wool-skirt-l18220.html,[],,INFERRED from route unless landing heading verified,,"[""category:907ab0e77bf7e7bd""]",False,False
category:c1093ae381054338,WOMAN,,Halter Mini Dress Woman,halter mini dress woman,https://www.zara.com/us/en/woman-halter-mini-dress-l18109.html,UNKNOWN,,,,,,legacy_checkpoint,,QUEUED,category:c1093ae381054338,https://www.zara.com/us/en/woman-halter-mini-dress-l18109.html,[],,INFERRED from route unless landing heading verified,,"[""category:c1093ae381054338""]",False,False
category:1aa0290ed2bc3f7f,WOMAN,,White A-line Dress Woman,white a-line dress woman,https://www.zara.com/us/en/woman-white-a-line-dress-l18491.html,UNKNOWN,,,,,,legacy_checkpoint,,QUEUED,category:1aa0290ed2bc3f7f,https://www.zara.com/us/en/woman-white-a-line-dress-l18491.html,[],,INFERRED from route unless landing heading verified,,"[""category:1aa0290ed2bc3f7f""]",False,False
category:2f944dcf76e6553a,WOMAN,,Dresses Long Black Woman,dresses long black woman,https://www.zara.com/us/en/woman-dresses-long-black-l16975.html,UNKNOWN,,,,,,legacy_checkpoint,,QUEUED,category:2f944dcf76e6553a,https://www.zara.com/us/en/woman-dresses-long-black-l16975.html,[],,INFERRED from route unless landing heading verified,,"[""category:2f944dcf76e6553a""]",False,False
category:6c51008f1f3d1e12,WOMAN,,Womens Tailored Blazer Woman,womens tailored blazer woman,https://www.zara.com/us/en/woman-womens-tailored-blazer-l18190.html,UNKNOWN,,,,,,legacy_checkpoint,,QUEUED,category:6c51008f1f3d1e12,https://www.zara.com/us/en/woman-womens-tailored-blazer-l18190.html,[],,INFERRED from route unless landing heading verified,,"[""category:6c51008f1f3d1e12""]",False,False
category:f505f7125c0f6f67,WOMAN,,Off The Shoulder Mini Dress Woman,off the shoulder mini dress woman,https://www.zara.com/us/en/woman-off-the-shoulder-mini-dress-l18114.html,UNKNOWN,,,,,,legacy_checkpoint,,QUEUED,category:f505f7125c0f6f67,https://www.zara.com/us/en/woman-off-the-shoulder-mini-dress-l18114.html,[],,INFERRED from route unless landing heading verified,,"[""category:f505f7125c0f6f67""]",False,False
category:3c31f1710ab955bd,WOMAN,,Long Sleeve Wedding Guest Dresses Woman,long sleeve wedding guest dresses woman,https://www.zara.com/us/en/woman-long-sleeve-wedding-guest-dresses-l18170.html,UNKNOWN,,,,,,legacy_checkpoint,,QUEUED,category:3c31f1710ab955bd,https://www.zara.com/us/en/woman-long-sleeve-wedding-guest-dresses-l18170.html,[],,INFERRED from route unless landing heading verified,,"[""category:3c31f1710ab955bd""]",False,False
category:d0037aeb52bcf32f,WOMAN,,Polka Dot Mini Dress Woman,polka dot mini dress woman,https://www.zara.com/us/en/woman-polka-dot-mini-dress-l18439.html,UNKNOWN,,,,,,legacy_checkpoint,,QUEUED,category:d0037aeb52bcf32f,https://www.zara.com/us/en/woman-polka-dot-mini-dress-l18439.html,[],,INFERRED from route unless landing heading verified,,"[""category:d0037aeb52bcf32f""]",False,False
category:acbf30a13a48182a,WOMAN,,Dark Blue Dress Woman,dark blue dress woman,https://www.zara.com/us/en/woman-dark-blue-dress-l18900.html,UNKNOWN,,,,,,legacy_checkpoint,,QUEUED,category:acbf30a13a48182a,https://www.zara.com/us/en/woman-dark-blue-dress-l18900.html,[],,INFERRED from route unless landing heading verified,,"[""category:acbf30a13a48182a""]",False,False
category:bcc8bdd16b6180ce,WOMAN,,Floral Wedding Guest Dresses Woman,floral wedding guest dresses woman,https://www.zara.com/us/en/woman-floral-wedding-guest-dresses-l18183.html,UNKNOWN,,,,,,legacy_checkpoint,,QUEUED,category:bcc8bdd16b6180ce,https://www.zara.com/us/en/woman-floral-wedding-guest-dresses-l18183.html,[],,INFERRED from route unless landing heading verified,,"[""category:bcc8bdd16b6180ce""]",False,False
category:5271c49a33ca9e9e,WOMAN,,Long Sleeve Knit Dress Woman,long sleeve knit dress woman,https://www.zara.com/us/en/woman-long-sleeve-knit-dress-l18906.html,UNKNOWN,,,,,,legacy_checkpoint,,QUEUED,category:5271c49a33ca9e9e,https://www.zara.com/us/en/woman-long-sleeve-knit-dress-l18906.html,[],,INFERRED from route unless landing heading verified,,"[""category:5271c49a33ca9e9e""]",False,False
category:3a22b9d9a9440208,WOMAN,,Fall Mini Dress Woman,fall mini dress woman,https://www.zara.com/us/en/woman-fall-mini-dress-l18134.html,UNKNOWN,,,,,,legacy_checkpoint,,QUEUED,category:3a22b9d9a9440208,https://www.zara.com/us/en/woman-fall-mini-dress-l18134.html,[],,INFERRED from route unless landing heading verified,,"[""category:3a22b9d9a9440208""]",False,False
category:3ffeca1be818ee93,WOMAN,,Black Satin Dress Woman,black satin dress woman,https://www.zara.com/us/en/woman-black-satin-dress-l18410.html,UNKNOWN,,,,,,legacy_checkpoint,,QUEUED,category:3ffeca1be818ee93,https://www.zara.com/us/en/woman-black-satin-dress-l18410.html,[],,INFERRED from route unless landing heading verified,,"[""category:3ffeca1be818ee93""]",False,False
category:3b77f8ccc46eb67d,WOMAN,,Brown Polka Dot Dress Woman,brown polka dot dress woman,https://www.zara.com/us/en/woman-brown-polka-dot-dress-l18438.html,UNKNOWN,,,,,,legacy_checkpoint,,QUEUED,category:3b77f8ccc46eb67d,https://www.zara.com/us/en/woman-brown-polka-dot-dress-l18438.html,[],,INFERRED from route unless landing heading verified,,"[""category:3b77f8ccc46eb67d""]",False,False
category:3011d77f6c2da53f,WOMAN,,Pink Lace Dress Woman,pink lace dress woman,https://www.zara.com/us/en/woman-pink-lace-dress-l18407.html,UNKNOWN,,,,,,legacy_checkpoint,,QUEUED,category:3011d77f6c2da53f,https://www.zara.com/us/en/woman-pink-lace-dress-l18407.html,[],,INFERRED from route unless landing heading verified,,"[""category:3011d77f6c2da53f""]",False,False
category:a65fabbe347fa306,WOMAN,,Party Mini Dress Woman,party mini dress woman,https://www.zara.com/us/en/woman-party-mini-dress-l18115.html,UNKNOWN,,,,,,legacy_checkpoint,,QUEUED,category:a65fabbe347fa306,https://www.zara.com/us/en/woman-party-mini-dress-l18115.html,[],,INFERRED from route unless landing heading verified,,"[""category:a65fabbe347fa306""]",False,False
category:7ccb18bb176e1851,WOMAN,,Beige Mini Dress Woman,beige mini dress woman,https://www.zara.com/us/en/woman-beige-mini-dress-l18133.html,UNKNOWN,,,,,,legacy_checkpoint,,QUEUED,category:7ccb18bb176e1851,https://www.zara.com/us/en/woman-beige-mini-dress-l18133.html,[],,INFERRED from route unless landing heading verified,,"[""category:7ccb18bb176e1851""]",False,False
category:39b177b05e7e9d63,WOMAN,,Pink Ruffle Dress Woman,pink ruffle dress woman,https://www.zara.com/us/en/woman-pink-ruffle-dress-l18434.html,UNKNOWN,,,,,,legacy_checkpoint,,QUEUED,category:39b177b05e7e9d63,https://www.zara.com/us/en/woman-pink-ruffle-dress-l18434.html,[],,INFERRED from route unless landing heading verified,,"[""category:39b177b05e7e9d63""]",False,False
category:9b475912d5dc89be,WOMAN,,Denim Mini Dress Woman,denim mini dress woman,https://www.zara.com/us/en/woman-denim-mini-dress-l17961.html,UNKNOWN,,,,,,legacy_checkpoint,,QUEUED,category:9b475912d5dc89be,https://www.zara.com/us/en/woman-denim-mini-dress-l17961.html,[],,INFERRED from route unless landing heading verified,,"[""category:9b475912d5dc89be""]",False,False
category:8c0ca0a887c7c5e8,WOMAN,,Puff Sleeve Midi Dress Woman,puff sleeve midi dress woman,https://www.zara.com/us/en/woman-puff-sleeve-midi-dress-l18922.html,UNKNOWN,,,,,,legacy_checkpoint,,QUEUED,category:8c0ca0a887c7c5e8,https://www.zara.com/us/en/woman-puff-sleeve-midi-dress-l18922.html,[],,INFERRED from route unless landing heading verified,,"[""category:8c0ca0a887c7c5e8""]",False,False
category:28025d61221db0a6,WOMAN,,Lace Mini Dress Woman,lace mini dress woman,https://www.zara.com/us/en/woman-lace-mini-dress-l18116.html,UNKNOWN,,,,,,legacy_checkpoint,,QUEUED,category:28025d61221db0a6,https://www.zara.com/us/en/woman-lace-mini-dress-l18116.html,[],,INFERRED from route unless landing heading verified,,"[""category:28025d61221db0a6""]",False,False
category:06e88d268d2d1391,WOMAN,,Knee Length Skirts Woman,knee length skirts woman,https://www.zara.com/us/en/woman-knee-length-skirts-l18230.html,UNKNOWN,,,,,,legacy_checkpoint,,QUEUED,category:06e88d268d2d1391,https://www.zara.com/us/en/woman-knee-length-skirts-l18230.html,[],,INFERRED from route unless landing heading verified,,"[""category:06e88d268d2d1391""]",False,False
category:1506f60df667dbb2,WOMAN,,Cheetah Print Dress Woman,cheetah print dress woman,https://www.zara.com/us/en/woman-cheetah-print-dress-l18881.html,UNKNOWN,,,,,,legacy_checkpoint,,QUEUED,category:1506f60df667dbb2,https://www.zara.com/us/en/woman-cheetah-print-dress-l18881.html,[],,INFERRED from route unless landing heading verified,,"[""category:1506f60df667dbb2""]",False,False
category:344f1c87c35f2e65,WOMAN,,Striped Mini Dress Woman,striped mini dress woman,https://www.zara.com/us/en/woman-striped-mini-dress-l18127.html,UNKNOWN,,,,,,legacy_checkpoint,,QUEUED,category:344f1c87c35f2e65,https://www.zara.com/us/en/woman-striped-mini-dress-l18127.html,[],,INFERRED from route unless landing heading verified,,"[""category:344f1c87c35f2e65""]",False,False
category:d689bd3a6817f3c0,WOMAN,,Blue And White Dress Woman,blue and white dress woman,https://www.zara.com/us/en/woman-blue-and-white-dress-l18485.html,UNKNOWN,,,,,,legacy_checkpoint,,QUEUED,category:d689bd3a6817f3c0,https://www.zara.com/us/en/woman-blue-and-white-dress-l18485.html,[],,INFERRED from route unless landing heading verified,,"[""category:d689bd3a6817f3c0""]",False,False
category:28ed6ea20598397d,WOMAN,,,,https://www.zara.com/us/en/woman-dresses-l1066.html?page=2,UNKNOWN,,,,,,legacy_checkpoint,,QUEUED,category:28ed6ea20598397d,https://www.zara.com/us/en/woman-dresses-l1066.html?page=2,[],,INFERRED from route unless landing heading verified,,"[""category:28ed6ea20598397d""]",False,False
category:a90746e9b12ca312,MAN,,Men's Rain Jackets | ZARA United States,men's rain jackets | zara united states,https://www.zara.com/us/en/man-jackets-wind-breaker-l1651.html,UNKNOWN,,,,,,legacy_checkpoint,,PARTIAL,category:a90746e9b12ca312,https://www.zara.com/us/en/man-jackets-wind-breaker-l1651.html,[],,INFERRED from route unless landing heading verified,,"[""category:a90746e9b12ca312""]",False,False
category:d466f95da1e8eced,MAN,,view all,view all,https://www.zara.com/us/en/man-jackets-l640.html,UNKNOWN,,,,,,legacy_checkpoint,,QUEUED,category:d466f95da1e8eced,https://www.zara.com/us/en/man-jackets-l640.html,[],,INFERRED from route unless landing heading verified,,"[""category:d466f95da1e8eced""]",False,False
category:a5b3626926846f0b,MAN,,puffers,puffers,https://www.zara.com/us/en/man-outerwear-padded-l722.html,UNKNOWN,,,,,,legacy_checkpoint,,PARTIAL,category:a5b3626926846f0b,https://www.zara.com/us/en/man-outerwear-padded-l722.html,[],,INFERRED from route unless landing heading verified,,"[""category:a5b3626926846f0b""]",False,False
category:61bfa8198472b8bf,MAN,,real leather,real leather,https://www.zara.com/us/en/man-outerwear-leather-l4550.html,UNKNOWN,,,,,,legacy_checkpoint,,QUEUED,category:61bfa8198472b8bf,https://www.zara.com/us/en/man-outerwear-leather-l4550.html,[],,INFERRED from route unless landing heading verified,,"[""category:61bfa8198472b8bf""]",False,False
category:97787d9f86820684,MAN,,leather effect,leather effect,https://www.zara.com/us/en/man-jackets-faux-leather-l650.html,UNKNOWN,,,,,,legacy_checkpoint,,PARTIAL,category:97787d9f86820684,https://www.zara.com/us/en/man-jackets-faux-leather-l650.html,[],,INFERRED from route unless landing heading verified,,"[""category:97787d9f86820684""]",False,False
category:28187e18bcbcb457,MAN,,vests,vests,https://www.zara.com/us/en/man-outerwear-vests-l730.html,UNKNOWN,,,,,,legacy_checkpoint,,PARTIAL,category:28187e18bcbcb457,https://www.zara.com/us/en/man-outerwear-vests-l730.html,[],,INFERRED from route unless landing heading verified,,"[""category:28187e18bcbcb457""]",False,False
category:5069281f29a1ff75,MAN,,denim,denim,https://www.zara.com/us/en/man-jackets-denim-l648.html,UNKNOWN,,,,,,legacy_checkpoint,,PARTIAL,category:5069281f29a1ff75,https://www.zara.com/us/en/man-jackets-denim-l648.html,[],,INFERRED from route unless landing heading verified,,"[""category:5069281f29a1ff75""]",False,False
category:7d11bbc8108fb596,MAN,,water resistant,water resistant,https://www.zara.com/us/en/man-outerwear-rain-l4547.html,UNKNOWN,,,,,,legacy_checkpoint,,PARTIAL,category:7d11bbc8108fb596,https://www.zara.com/us/en/man-outerwear-rain-l4547.html,[],,INFERRED from route unless landing heading verified,,"[""category:7d11bbc8108fb596""]",False,False
category:37dc724bd80c1c40,MAN,,bomber,bomber,https://www.zara.com/us/en/man-jackets-bombers-l645.html,UNKNOWN,,,,,,legacy_checkpoint,,QUEUED,category:37dc724bd80c1c40,https://www.zara.com/us/en/man-jackets-bombers-l645.html,[],,INFERRED from route unless landing heading verified,,"[""category:37dc724bd80c1c40""]",False,False
category:7646b21c5fe650c0,MAN,,overshirts,overshirts,https://www.zara.com/us/en/man-overshirts-l3174.html,UNKNOWN,,,,,,legacy_checkpoint,,PARTIAL,category:7646b21c5fe650c0,https://www.zara.com/us/en/man-overshirts-l3174.html,[],,INFERRED from route unless landing heading verified,,"[""category:7646b21c5fe650c0""]",False,False
category:24daa9d3ba40a780,MAN,,hooded jackets,hooded jackets,https://www.zara.com/us/en/man-jackets-with-hood-l1652.html,UNKNOWN,,,,,,legacy_checkpoint,,QUEUED,category:24daa9d3ba40a780,https://www.zara.com/us/en/man-jackets-with-hood-l1652.html,[],,INFERRED from route unless landing heading verified,,"[""category:24daa9d3ba40a780""]",False,False
category:4432feb00c7edf95,MAN,,Men's Must Haves,men's must haves,https://www.zara.com/us/en/man-must-have-l5015.html,UNKNOWN,,,,,,legacy_checkpoint,,QUEUED,category:4432feb00c7edf95,https://www.zara.com/us/en/man-must-have-l5015.html,[],,INFERRED from route unless landing heading verified,,"[""category:4432feb00c7edf95""]",False,False
category:28572a343e2c429d,MAN,,BLAZERS,blazers,https://www.zara.com/us/en/man-outgarments-blazers-l17415.html,UNKNOWN,,,,,,legacy_checkpoint,,QUEUED,category:28572a343e2c429d,https://www.zara.com/us/en/man-outgarments-blazers-l17415.html,[],,INFERRED from route unless landing heading verified,,"[""category:28572a343e2c429d""]",False,False
category:fed151a9d65b8ad3,MAN,,TRENCH COATS,trench coats,https://www.zara.com/us/en/man-outerwear-trench-l728.html,UNKNOWN,,,,,,legacy_checkpoint,,QUEUED,category:fed151a9d65b8ad3,https://www.zara.com/us/en/man-outerwear-trench-l728.html,[],,INFERRED from route unless landing heading verified,,"[""category:fed151a9d65b8ad3""]",False,False
category:8b8145fc7f2ad196,MAN,,BENITO ANTONIO,benito antonio,https://www.zara.com/us/en/man-event-5-l6055.html,UNKNOWN,,,,,,legacy_checkpoint,,QUEUED,category:8b8145fc7f2ad196,https://www.zara.com/us/en/man-event-5-l6055.html,[],,INFERRED from route unless landing heading verified,,"[""category:8b8145fc7f2ad196""]",False,False
category:8c927193a3b40740,MAN,,Men's Shearling Jackets,men's shearling jackets,https://www.zara.com/us/en/man-jackets-shearling-l4543.html,UNKNOWN,,,,,,legacy_checkpoint,,QUEUED,category:8c927193a3b40740,https://www.zara.com/us/en/man-jackets-shearling-l4543.html,[],,INFERRED from route unless landing heading verified,,"[""category:8c927193a3b40740""]",False,False
category:4fabffd358edf819,MAN,,ACTIVEWEAR,activewear,https://www.zara.com/us/en/man-event-9-l6657.html,UNKNOWN,,,,,,legacy_checkpoint,,QUEUED,category:4fabffd358edf819,https://www.zara.com/us/en/man-event-9-l6657.html,[],,INFERRED from route unless landing heading verified,,"[""category:4fabffd358edf819""]",False,False
category:7ff51dc7957a0a2c,MAN,,Men´s Red Jackets,men´s red jackets,https://www.zara.com/us/en/man-jackets-red-l2499.html,UNKNOWN,,,,,,legacy_checkpoint,,QUEUED,category:7ff51dc7957a0a2c,https://www.zara.com/us/en/man-jackets-red-l2499.html,[],,INFERRED from route unless landing heading verified,,"[""category:7ff51dc7957a0a2c""]",False,False
category:734578e41a3f8fea,MAN,,Men's Winter Jackets,men's winter jackets,https://www.zara.com/us/en/man-jackets-winter-l4541.html,UNKNOWN,,,,,,legacy_checkpoint,,QUEUED,category:734578e41a3f8fea,https://www.zara.com/us/en/man-jackets-winter-l4541.html,[],,INFERRED from route unless landing heading verified,,"[""category:734578e41a3f8fea""]",False,False
category:0c73b89bcddff9ce,MAN,,Men´s Navy and Blue Jackets,men´s navy and blue jackets,https://www.zara.com/us/en/man-jackets-navy-l2494.html,UNKNOWN,,,,,,legacy_checkpoint,,QUEUED,category:0c73b89bcddff9ce,https://www.zara.com/us/en/man-jackets-navy-l2494.html,[],,INFERRED from route unless landing heading verified,,"[""category:0c73b89bcddff9ce""]",False,False
category:7e50906a999ec3af,MAN,,Men´s White Jackets,men´s white jackets,https://www.zara.com/us/en/man-jackets-white-l2495.html,UNKNOWN,,,,,,legacy_checkpoint,,QUEUED,category:7e50906a999ec3af,https://www.zara.com/us/en/man-jackets-white-l2495.html,[],,INFERRED from route unless landing heading verified,,"[""category:7e50906a999ec3af""]",False,False
category:d0f80555e2c06f52,MAN,,Men´s Beige Jackets,men´s beige jackets,https://www.zara.com/us/en/man-jackets-beige-l2497.html,UNKNOWN,,,,,,legacy_checkpoint,,QUEUED,category:d0f80555e2c06f52,https://www.zara.com/us/en/man-jackets-beige-l2497.html,[],,INFERRED from route unless landing heading verified,,"[""category:d0f80555e2c06f52""]",False,False
category:1fd02aa46dd180cf,WOMAN,,Men´s Brown Jackets,men´s brown jackets,https://www.zara.com/us/en/woman-jackets-brown-l16768.html,UNKNOWN,,,,,,legacy_checkpoint,,QUEUED,category:1fd02aa46dd180cf,https://www.zara.com/us/en/woman-jackets-brown-l16768.html,[],,INFERRED from route unless landing heading verified,,"[""category:1fd02aa46dd180cf""]",False,False
category:37a4fc360fc57a38,MAN,,Men´s Grey Jackets,men´s grey jackets,https://www.zara.com/us/en/man-jackets-grey-l2498.html,UNKNOWN,,,,,,legacy_checkpoint,,QUEUED,category:37a4fc360fc57a38,https://www.zara.com/us/en/man-jackets-grey-l2498.html,[],,INFERRED from route unless landing heading verified,,"[""category:37a4fc360fc57a38""]",False,False
category:54cdda3c354f0d77,MAN,,Men's Biker Jackets,men's biker jackets,https://www.zara.com/us/en/man-jackets-biker-l1653.html,UNKNOWN,,,,,,legacy_checkpoint,,QUEUED,category:54cdda3c354f0d77,https://www.zara.com/us/en/man-jackets-biker-l1653.html,[],,INFERRED from route unless landing heading verified,,"[""category:54cdda3c354f0d77""]",False,False
category:d3dcf6c68807049d,MAN,,Men´s Quilted Jackets and Coats,men´s quilted jackets and coats,https://www.zara.com/us/en/man-jackets-quilted-l2491.html,UNKNOWN,,,,,,legacy_checkpoint,,QUEUED,category:d3dcf6c68807049d,https://www.zara.com/us/en/man-jackets-quilted-l2491.html,[],,INFERRED from route unless landing heading verified,,"[""category:d3dcf6c68807049d""]",False,False
category:93bb337d27e06b4d,MAN,,Men's Suede Jackets,men's suede jackets,https://www.zara.com/us/en/man-jackets-faux-suede-l1447.html,UNKNOWN,,,,,,legacy_checkpoint,,QUEUED,category:93bb337d27e06b4d,https://www.zara.com/us/en/man-jackets-faux-suede-l1447.html,[],,INFERRED from route unless landing heading verified,,"[""category:93bb337d27e06b4d""]",False,False
category:5c7dd0615b3b0aa8,MAN,,Men's Green Jackets,men's green jackets,https://www.zara.com/us/en/man-jackets-green-l4542.html,UNKNOWN,,,,,,legacy_checkpoint,,QUEUED,category:5c7dd0615b3b0aa8,https://www.zara.com/us/en/man-jackets-green-l4542.html,[],,INFERRED from route unless landing heading verified,,"[""category:5c7dd0615b3b0aa8""]",False,False
category:eb5bae8f1b82f340,MAN,,Men's Casual Jackets,men's casual jackets,https://www.zara.com/us/en/man-jackets-casual-l646.html,UNKNOWN,,,,,,legacy_checkpoint,,QUEUED,category:eb5bae8f1b82f340,https://www.zara.com/us/en/man-jackets-casual-l646.html,[],,INFERRED from route unless landing heading verified,,"[""category:eb5bae8f1b82f340""]",False,False
category:2b6d0cbeb1053c3c,MAN,,Men's Leather Jackets and Coats,men's leather jackets and coats,https://www.zara.com/us/en/man-jackets-leather-l652.html,UNKNOWN,,,,,,legacy_checkpoint,,QUEUED,category:2b6d0cbeb1053c3c,https://www.zara.com/us/en/man-jackets-leather-l652.html,[],,INFERRED from route unless landing heading verified,,"[""category:2b6d0cbeb1053c3c""]",False,False
category:b4a263e99cecb697,MAN,,SPECIAL PRICES,special prices,https://www.zara.com/us/en/man-jackets-special-prices-l658.html,UNKNOWN,,,,,,legacy_checkpoint,,QUEUED,category:b4a263e99cecb697,https://www.zara.com/us/en/man-jackets-special-prices-l658.html,[],,INFERRED from route unless landing heading verified,,"[""category:b4a263e99cecb697""]",False,False
category:c02c58555d24d51a,MAN,,Men's Jeans,men's jeans,https://www.zara.com/us/en/man-jeans-l659.html,UNKNOWN,,,,,,legacy_checkpoint,,PARTIAL,category:c02c58555d24d51a,https://www.zara.com/us/en/man-jeans-l659.html,[],,INFERRED from route unless landing heading verified,,"[""category:c02c58555d24d51a""]",False,False
category:51722dd38abdd1cb,MAN,,Men's Coats,men's coats,https://www.zara.com/us/en/man-outerwear-l715.html,UNKNOWN,,,,,,legacy_checkpoint,,PARTIAL,category:51722dd38abdd1cb,https://www.zara.com/us/en/man-outerwear-l715.html,[],,INFERRED from route unless landing heading verified,,"[""category:51722dd38abdd1cb""]",False,False
category:b8f2003d5b630a6d,MAN,,Men's Knitwear,men's knitwear,https://www.zara.com/us/en/man-knitwear-l681.html,UNKNOWN,,,,,,legacy_checkpoint,,QUEUED,category:b8f2003d5b630a6d,https://www.zara.com/us/en/man-knitwear-l681.html,[],,INFERRED from route unless landing heading verified,,"[""category:b8f2003d5b630a6d""]",False,False
category:31967ffd8526d619,MAN,,Men´s Sweatshirts,men´s sweatshirts,https://www.zara.com/us/en/man-sweatshirts-l821.html,UNKNOWN,,,,,,legacy_checkpoint,,QUEUED,category:31967ffd8526d619,https://www.zara.com/us/en/man-sweatshirts-l821.html,[],,INFERRED from route unless landing heading verified,,"[""category:31967ffd8526d619""]",False,False
category:ef79297b7a465839,MAN,,Men's Suits,men's suits,https://www.zara.com/us/en/man-suits-l808.html,UNKNOWN,,,,,,legacy_checkpoint,,PARTIAL,category:ef79297b7a465839,https://www.zara.com/us/en/man-suits-l808.html,[],,INFERRED from route unless landing heading verified,,"[""category:ef79297b7a465839""]",False,False
category:de8b8e048badf9de,MAN,,Men´s Shoes,men´s shoes,https://www.zara.com/us/en/man-shoes-l769.html,UNKNOWN,,,,,,legacy_checkpoint,,QUEUED,category:de8b8e048badf9de,https://www.zara.com/us/en/man-shoes-l769.html,[],,INFERRED from route unless landing heading verified,,"[""category:de8b8e048badf9de""]",False,False
category:92d87157bfe4c137,MAN,,Men´s Loafers,men´s loafers,https://www.zara.com/us/en/man-shoes-moccasins-l789.html,UNKNOWN,,,,,,legacy_checkpoint,,PARTIAL,category:92d87157bfe4c137,https://www.zara.com/us/en/man-shoes-moccasins-l789.html,[],,INFERRED from route unless landing heading verified,,"[""category:92d87157bfe4c137""]",False,False
category:d9d8e46557c98bec,MAN,,Men´s Sneakers,men´s sneakers,https://www.zara.com/us/en/man-shoes-sneakers-l797.html,UNKNOWN,,,,,,legacy_checkpoint,,PARTIAL,category:d9d8e46557c98bec,https://www.zara.com/us/en/man-shoes-sneakers-l797.html,[],,INFERRED from route unless landing heading verified,,"[""category:d9d8e46557c98bec""]",False,False
category:5d492e64a36987f3,MAN,,Men´s Boots,men´s boots,https://www.zara.com/us/en/man-shoes-boots-l781.html,UNKNOWN,,,,,,legacy_checkpoint,,PARTIAL,category:5d492e64a36987f3,https://www.zara.com/us/en/man-shoes-boots-l781.html,[],,INFERRED from route unless landing heading verified,,"[""category:5d492e64a36987f3""]",False,False
category:e571a2bc5f5180d9,MAN,,Men´s Bags,men´s bags,https://www.zara.com/us/en/man-bags-l563.html,UNKNOWN,,,,,,legacy_checkpoint,,PARTIAL,category:e571a2bc5f5180d9,https://www.zara.com/us/en/man-bags-l563.html,[],,INFERRED from route unless landing heading verified,,"[""category:e571a2bc5f5180d9""]",False,False
category:5f56f3c1ba2c98ca,MAN,,2,2,https://www.zara.com/us/en/man-jackets-wind-breaker-l1651.html?page=2,UNKNOWN,,,,,,legacy_checkpoint,,QUEUED,category:5f56f3c1ba2c98ca,https://www.zara.com/us/en/man-jackets-wind-breaker-l1651.html?page=2,[],,INFERRED from route unless landing heading verified,,"[""category:5f56f3c1ba2c98ca""]",False,False
category:5fef2668deb47355,MAN,,Men's Floral Shirts | ZARA United States,men's floral shirts | zara united states,https://www.zara.com/us/en/man-shirts-floral-l1657.html,UNKNOWN,,,,,,legacy_checkpoint,,PARTIAL,category:5fef2668deb47355,https://www.zara.com/us/en/man-shirts-floral-l1657.html,[],,INFERRED from route unless landing heading verified,,"[""category:5fef2668deb47355""]",False,False
category:25c9417fba67de39,MAN,,view all,view all,https://www.zara.com/us/en/man-shirts-l737.html,PRODUCT_LISTING_CATEGORY,,True,,,False,legacy_checkpoint,2026-09-06T04:22:32.047Z,PARTIAL,category:25c9417fba67de39,https://www.zara.com/us/en/man-shirts-l737.html,[],data\raw\zara\man-shirts-listing.json,INFERRED from route unless landing heading verified,77,"[""category:25c9417fba67de39""]",False,False
category:fddee08b1d9b3ebb,MAN,,dress shirts,dress shirts,https://www.zara.com/us/en/man-shirts-formal-l751.html,UNKNOWN,,,,,,legacy_checkpoint,,PARTIAL,category:fddee08b1d9b3ebb,https://www.zara.com/us/en/man-shirts-formal-l751.html,[],,INFERRED from route unless landing heading verified,,"[""category:fddee08b1d9b3ebb""]",False,False
category:d280084976e53695,MAN,,linen,linen,https://www.zara.com/us/en/man-shirts-linen-l754.html,UNKNOWN,,,,,,legacy_checkpoint,,PARTIAL,category:d280084976e53695,https://www.zara.com/us/en/man-shirts-linen-l754.html,[],,INFERRED from route unless landing heading verified,,"[""category:d280084976e53695""]",False,False
category:467fd38657bfd668,MAN,,denim,denim,https://www.zara.com/us/en/man-shirts-denim-l748.html,UNKNOWN,,,,,,legacy_checkpoint,,PARTIAL,category:467fd38657bfd668,https://www.zara.com/us/en/man-shirts-denim-l748.html,[],,INFERRED from route unless landing heading verified,,"[""category:467fd38657bfd668""]",False,False
category:7f82aadbde310d6e,MAN,,graphic | printed,graphic | printed,https://www.zara.com/us/en/man-shirts-printed-l759.html,UNKNOWN,,,,,,legacy_checkpoint,,PARTIAL,category:7f82aadbde310d6e,https://www.zara.com/us/en/man-shirts-printed-l759.html,[],,INFERRED from route unless landing heading verified,,"[""category:7f82aadbde310d6e""]",False,False
category:c09015cfe6a984fd,MAN,,short sleeve,short sleeve,https://www.zara.com/us/en/man-shirts-short-sleeved-l762.html,UNKNOWN,,,,,,legacy_checkpoint,,PARTIAL,category:c09015cfe6a984fd,https://www.zara.com/us/en/man-shirts-short-sleeved-l762.html,[],,INFERRED from route unless landing heading verified,,"[""category:c09015cfe6a984fd""]",False,False
category:2c4a5863c813b5ee,MAN,,casual,casual,https://www.zara.com/us/en/man-shirts-casual-l743.html,UNKNOWN,,,,,,legacy_checkpoint,,PARTIAL,category:2c4a5863c813b5ee,https://www.zara.com/us/en/man-shirts-casual-l743.html,[],,INFERRED from route unless landing heading verified,,"[""category:2c4a5863c813b5ee""]",False,False
category:e5bea6e3867aa001,MAN,,long-sleeved,long-sleeved,https://www.zara.com/us/en/man-shirts-long-sleeved-l1784.html,UNKNOWN,,,,,,legacy_checkpoint,,PARTIAL,category:e5bea6e3867aa001,https://www.zara.com/us/en/man-shirts-long-sleeved-l1784.html,[],,INFERRED from route unless landing heading verified,,"[""category:e5bea6e3867aa001""]",False,False
category:9b53282c363d9d71,MAN,,SOLID,solid,https://www.zara.com/us/en/man-shirts-plain-l757.html,UNKNOWN,,,,,,legacy_checkpoint,,PARTIAL,category:9b53282c363d9d71,https://www.zara.com/us/en/man-shirts-plain-l757.html,[],,INFERRED from route unless landing heading verified,,"[""category:9b53282c363d9d71""]",False,False
category:5a9cf10d56051d37,MAN,,Men's Checked Shirts,men's checked shirts,https://www.zara.com/us/en/man-shirts-check-l745.html,UNKNOWN,,,,,,legacy_checkpoint,,PARTIAL,category:5a9cf10d56051d37,https://www.zara.com/us/en/man-shirts-check-l745.html,[],,INFERRED from route unless landing heading verified,,"[""category:5a9cf10d56051d37""]",False,False
category:7e78d3be6d7c9174,MAN,,White Shirts Men,white shirts men,https://www.zara.com/us/en/man-shirts-white-l1753.html,UNKNOWN,,,,,,legacy_checkpoint,,PARTIAL,category:7e78d3be6d7c9174,https://www.zara.com/us/en/man-shirts-white-l1753.html,[],,INFERRED from route unless landing heading verified,,"[""category:7e78d3be6d7c9174""]",False,False
category:5f59c07a6fd1725b,MAN,,BASICS,basics,https://www.zara.com/us/en/man-shirts-basics-l741.html,UNKNOWN,,,,,,legacy_checkpoint,,PARTIAL,category:5f59c07a6fd1725b,https://www.zara.com/us/en/man-shirts-basics-l741.html,[],,INFERRED from route unless landing heading verified,,"[""category:5f59c07a6fd1725b""]",False,False
category:c596c1e2efebefde,MAN,,Men's Striped Shirts,men's striped shirts,https://www.zara.com/us/en/man-shirts-striped-l766.html,UNKNOWN,,,,,,legacy_checkpoint,,PARTIAL,category:c596c1e2efebefde,https://www.zara.com/us/en/man-shirts-striped-l766.html,[],,INFERRED from route unless landing heading verified,,"[""category:c596c1e2efebefde""]",False,False
category:2e610c19e30d8431,MAN,,Men's Corduroy Shirts,men's corduroy shirts,https://www.zara.com/us/en/man-shirts-corduroy-l2517.html,UNKNOWN,,,,,,legacy_checkpoint,,PARTIAL,category:2e610c19e30d8431,https://www.zara.com/us/en/man-shirts-corduroy-l2517.html,[],,INFERRED from route unless landing heading verified,,"[""category:2e610c19e30d8431""]",False,False
category:12f261f83e72a881,MAN,,Men's Mandarin Collar Shirts,men's mandarin collar shirts,https://www.zara.com/us/en/man-shirts-mao-l755.html,UNKNOWN,,,,,,legacy_checkpoint,,PARTIAL,category:12f261f83e72a881,https://www.zara.com/us/en/man-shirts-mao-l755.html,[],,INFERRED from route unless landing heading verified,,"[""category:12f261f83e72a881""]",False,False
category:c5ab2427ffab4133,MAN,,Men's Black Shirts,men's black shirts,https://www.zara.com/us/en/man-shirts-black-l2515.html,UNKNOWN,,,,,,legacy_checkpoint,,PARTIAL,category:c5ab2427ffab4133,https://www.zara.com/us/en/man-shirts-black-l2515.html,[],,INFERRED from route unless landing heading verified,,"[""category:c5ab2427ffab4133""]",False,False
category:25247cba85667883,MAN,,Men's Blue Shirts,men's blue shirts,https://www.zara.com/us/en/man-shirts-blue-l2516.html,UNKNOWN,,,,,,legacy_checkpoint,,PARTIAL,category:25247cba85667883,https://www.zara.com/us/en/man-shirts-blue-l2516.html,[],,INFERRED from route unless landing heading verified,,"[""category:25247cba85667883""]",False,False
category:90cc12c57e779476,MAN,,Men's Slim Fit Shirts,men's slim fit shirts,https://www.zara.com/us/en/man-shirts-slim-l763.html,UNKNOWN,,,,,,legacy_checkpoint,,PARTIAL,category:90cc12c57e779476,https://www.zara.com/us/en/man-shirts-slim-l763.html,[],,INFERRED from route unless landing heading verified,,"[""category:90cc12c57e779476""]",False,False
category:4618ddd0488f15c7,MAN,,Men's Flannel Shirts,men's flannel shirts,https://www.zara.com/us/en/man-shirts-flannel-l4055.html,UNKNOWN,,,,,,legacy_checkpoint,,PARTIAL,category:4618ddd0488f15c7,https://www.zara.com/us/en/man-shirts-flannel-l4055.html,[],,INFERRED from route unless landing heading verified,,"[""category:4618ddd0488f15c7""]",False,False
category:67ae6741c8034dac,MAN,,Men´s Summer Shirts,men´s summer shirts,https://www.zara.com/us/en/man-shirts-summer-l4172.html,UNKNOWN,,,,,,legacy_checkpoint,,PARTIAL,category:67ae6741c8034dac,https://www.zara.com/us/en/man-shirts-summer-l4172.html,[],,INFERRED from route unless landing heading verified,,"[""category:67ae6741c8034dac""]",False,False
category:e16bc65c15899d9d,MAN,,Men's Dress Shirts,men's dress shirts,https://www.zara.com/us/en/man-shirts-dress-l4571.html,UNKNOWN,,,,,,legacy_checkpoint,,PARTIAL,category:e16bc65c15899d9d,https://www.zara.com/us/en/man-shirts-dress-l4571.html,[],,INFERRED from route unless landing heading verified,,"[""category:e16bc65c15899d9d""]",False,False
category:e1c79596ba9ed8b8,MAN,,Men's Oversized Shirts,men's oversized shirts,https://www.zara.com/us/en/man-shirts-oversize-l5523.html,UNKNOWN,,,,,,legacy_checkpoint,,PARTIAL,category:e1c79596ba9ed8b8,https://www.zara.com/us/en/man-shirts-oversize-l5523.html,[],,INFERRED from route unless landing heading verified,,"[""category:e1c79596ba9ed8b8""]",False,False
category:3d9f64d13a5e5b9c,MAN,,2,2,https://www.zara.com/us/en/man-shirts-white-l1753.html?page=2,UNKNOWN,,,,,,legacy_checkpoint,,QUEUED,category:3d9f64d13a5e5b9c,https://www.zara.com/us/en/man-shirts-white-l1753.html?page=2,[],,INFERRED from route unless landing heading verified,,"[""category:3d9f64d13a5e5b9c""]",False,False
category:2283ed614bb5fe78,MAN,,2,2,https://www.zara.com/us/en/man-shirts-long-sleeved-l1784.html?page=2,UNKNOWN,,,,,,legacy_checkpoint,,QUEUED,category:2283ed614bb5fe78,https://www.zara.com/us/en/man-shirts-long-sleeved-l1784.html?page=2,[],,INFERRED from route unless landing heading verified,,"[""category:2283ed614bb5fe78""]",False,False
category:42dead6ace626e8c,MAN,,2,2,https://www.zara.com/us/en/man-shirts-black-l2515.html?page=2,UNKNOWN,,,,,,legacy_checkpoint,,QUEUED,category:42dead6ace626e8c,https://www.zara.com/us/en/man-shirts-black-l2515.html?page=2,[],,INFERRED from route unless landing heading verified,,"[""category:42dead6ace626e8c""]",False,False
category:62c9ea812ac9a762,MAN,,2,2,https://www.zara.com/us/en/man-shirts-blue-l2516.html?page=2,UNKNOWN,,,,,,legacy_checkpoint,,QUEUED,category:62c9ea812ac9a762,https://www.zara.com/us/en/man-shirts-blue-l2516.html?page=2,[],,INFERRED from route unless landing heading verified,,"[""category:62c9ea812ac9a762""]",False,False
category:d4efe5de60650ba8,MAN,,2,2,https://www.zara.com/us/en/man-overshirts-l3174.html?page=2,UNKNOWN,,,,,,legacy_checkpoint,,QUEUED,category:d4efe5de60650ba8,https://www.zara.com/us/en/man-overshirts-l3174.html?page=2,[],,INFERRED from route unless landing heading verified,,"[""category:d4efe5de60650ba8""]",False,False
category:495c7ed667b04858,MAN,,2,2,https://www.zara.com/us/en/man-shirts-summer-l4172.html?page=2,UNKNOWN,,,,,,legacy_checkpoint,,QUEUED,category:495c7ed667b04858,https://www.zara.com/us/en/man-shirts-summer-l4172.html?page=2,[],,INFERRED from route unless landing heading verified,,"[""category:495c7ed667b04858""]",False,False
category:19a6dd94aa39230b,MAN,,leather,leather,https://www.zara.com/us/en/man-bags-leather-l579.html,UNKNOWN,,,,,,legacy_checkpoint,,QUEUED,category:19a6dd94aa39230b,https://www.zara.com/us/en/man-bags-leather-l579.html,[],,INFERRED from route unless landing heading verified,,"[""category:19a6dd94aa39230b""]",False,False
category:fdc035fdb36342c2,MAN,,travel,travel,https://www.zara.com/us/en/man-bags-travel-l584.html,UNKNOWN,,,,,,legacy_checkpoint,,QUEUED,category:fdc035fdb36342c2,https://www.zara.com/us/en/man-bags-travel-l584.html,[],,INFERRED from route unless landing heading verified,,"[""category:fdc035fdb36342c2""]",False,False
category:691788d11fdcf9d3,MAN,,wallets | accesories,wallets | accesories,https://www.zara.com/us/en/man-bags-wallets-l586.html,UNKNOWN,,,,,,legacy_checkpoint,,QUEUED,category:691788d11fdcf9d3,https://www.zara.com/us/en/man-bags-wallets-l586.html,[],,INFERRED from route unless landing heading verified,,"[""category:691788d11fdcf9d3""]",False,False
category:76993baa294b3f9f,MAN,,backpacks,backpacks,https://www.zara.com/us/en/man-bags-backpacks-l565.html,UNKNOWN,,,,,,legacy_checkpoint,,QUEUED,category:76993baa294b3f9f,https://www.zara.com/us/en/man-bags-backpacks-l565.html,[],,INFERRED from route unless landing heading verified,,"[""category:76993baa294b3f9f""]",False,False
category:686ddf6afb5d4c49,MAN,,bags,bags,https://www.zara.com/us/en/man-bags-garment-bag-l5060.html,UNKNOWN,,,,,,legacy_checkpoint,,QUEUED,category:686ddf6afb5d4c49,https://www.zara.com/us/en/man-bags-garment-bag-l5060.html,[],,INFERRED from route unless landing heading verified,,"[""category:686ddf6afb5d4c49""]",False,False
category:7e38fb1089d772c5,MAN,,crossbody bags,crossbody bags,https://www.zara.com/us/en/man-bags-crossbody-l573.html,UNKNOWN,,,,,,legacy_checkpoint,,QUEUED,category:7e38fb1089d772c5,https://www.zara.com/us/en/man-bags-crossbody-l573.html,[],,INFERRED from route unless landing heading verified,,"[""category:7e38fb1089d772c5""]",False,False
category:575bce77fecfb568,MAN,,large bags,large bags,https://www.zara.com/us/en/man-bags-large-l578.html,UNKNOWN,,,,,,legacy_checkpoint,,QUEUED,category:575bce77fecfb568,https://www.zara.com/us/en/man-bags-large-l578.html,[],,INFERRED from route unless landing heading verified,,"[""category:575bce77fecfb568""]",False,False
category:f801c3b930f43b0d,MAN,,business bags,business bags,https://www.zara.com/us/en/man-bags-business-l571.html,UNKNOWN,,,,,,legacy_checkpoint,,QUEUED,category:f801c3b930f43b0d,https://www.zara.com/us/en/man-bags-business-l571.html,[],,INFERRED from route unless landing heading verified,,"[""category:f801c3b930f43b0d""]",False,False
category:6e92465cde5cc815,MAN,,Men's Bags,men's bags,https://www.zara.com/us/en/man-bags-handbags-l5378.html,UNKNOWN,,,,,,legacy_checkpoint,,QUEUED,category:6e92465cde5cc815,https://www.zara.com/us/en/man-bags-handbags-l5378.html,[],,INFERRED from route unless landing heading verified,,"[""category:6e92465cde5cc815""]",False,False
category:4049c58824c38795,MAN,,SUITCASES,suitcases,https://www.zara.com/us/en/man-bags-suitcases-l5061.html,UNKNOWN,,,,,,legacy_checkpoint,,QUEUED,category:4049c58824c38795,https://www.zara.com/us/en/man-bags-suitcases-l5061.html,[],,INFERRED from route unless landing heading verified,,"[""category:4049c58824c38795""]",False,False
category:6ea736b2bea7bc6b,MAN,,GYM BAGS,gym bags,https://www.zara.com/us/en/man-training-bags-l19349.html,UNKNOWN,,,,,,legacy_checkpoint,,QUEUED,category:6ea736b2bea7bc6b,https://www.zara.com/us/en/man-training-bags-l19349.html,[],,INFERRED from route unless landing heading verified,,"[""category:6ea736b2bea7bc6b""]",False,False
category:883a0d42b3ca4a98,MAN,,BRIEFCASES,briefcases,https://www.zara.com/us/en/man-bags-portfolio-l5056.html,UNKNOWN,,,,,,legacy_checkpoint,,QUEUED,category:883a0d42b3ca4a98,https://www.zara.com/us/en/man-bags-portfolio-l5056.html,[],,INFERRED from route unless landing heading verified,,"[""category:883a0d42b3ca4a98""]",False,False
category:a834a1e4069ceb36,MAN,,LEATHER WALLETS,leather wallets,https://www.zara.com/us/en/man-bags-leather-wallet-l5059.html,UNKNOWN,,,,,,legacy_checkpoint,,QUEUED,category:a834a1e4069ceb36,https://www.zara.com/us/en/man-bags-leather-wallet-l5059.html,[],,INFERRED from route unless landing heading verified,,"[""category:a834a1e4069ceb36""]",False,False
category:376a52d4e95d541b,MAN,,TOILETRY BAGS,toiletry bags,https://www.zara.com/us/en/man-bags-toiletry-bag-l5036.html,UNKNOWN,,,,,,legacy_checkpoint,,QUEUED,category:376a52d4e95d541b,https://www.zara.com/us/en/man-bags-toiletry-bag-l5036.html,[],,INFERRED from route unless landing heading verified,,"[""category:376a52d4e95d541b""]",False,False
category:0fdce009e67eb18c,MAN,,CLUTCHES,clutches,https://www.zara.com/us/en/man-bags-clutch-bag-l19319.html,UNKNOWN,,,,,,legacy_checkpoint,,QUEUED,category:0fdce009e67eb18c,https://www.zara.com/us/en/man-bags-clutch-bag-l19319.html,[],,INFERRED from route unless landing heading verified,,"[""category:0fdce009e67eb18c""]",False,False
category:1edcfef629b642eb,MAN,,BAG,bag,https://www.zara.com/us/en/man-bags-handbag-l5033.html,UNKNOWN,,,,,,legacy_checkpoint,,QUEUED,category:1edcfef629b642eb,https://www.zara.com/us/en/man-bags-handbag-l5033.html,[],,INFERRED from route unless landing heading verified,,"[""category:1edcfef629b642eb""]",False,False
category:6c4c161f59dae123,MAN,,CARD HOLDERS,card holders,https://www.zara.com/us/en/man-bags-cardholder-l5058.html,UNKNOWN,,,,,,legacy_checkpoint,,QUEUED,category:6c4c161f59dae123,https://www.zara.com/us/en/man-bags-cardholder-l5058.html,[],,INFERRED from route unless landing heading verified,,"[""category:6c4c161f59dae123""]",False,False
category:4a73d0ffb2114821,MAN,,TOTE BAGS,tote bags,https://www.zara.com/us/en/man-bags-tote-l5032.html,UNKNOWN,,,,,,legacy_checkpoint,,QUEUED,category:4a73d0ffb2114821,https://www.zara.com/us/en/man-bags-tote-l5032.html,[],,INFERRED from route unless landing heading verified,,"[""category:4a73d0ffb2114821""]",False,False
category:b7431cbee5c0fcf6,MAN,,Men's Summer Bags,men's summer bags,https://www.zara.com/us/en/man-bags-summer-l4497.html,UNKNOWN,,,,,,legacy_checkpoint,,QUEUED,category:b7431cbee5c0fcf6,https://www.zara.com/us/en/man-bags-summer-l4497.html,[],,INFERRED from route unless landing heading verified,,"[""category:b7431cbee5c0fcf6""]",False,False
category:237a07244d3ae02e,MAN,,BELT BAGS,belt bags,https://www.zara.com/us/en/man-bags-fanny-pack-l5035.html,UNKNOWN,,,,,,legacy_checkpoint,,QUEUED,category:237a07244d3ae02e,https://www.zara.com/us/en/man-bags-fanny-pack-l5035.html,[],,INFERRED from route unless landing heading verified,,"[""category:237a07244d3ae02e""]",False,False
category:33ef15e54b045ae6,MAN,,2,2,https://www.zara.com/us/en/man-bags-l563.html?page=2,UNKNOWN,,,,,,legacy_checkpoint,,QUEUED,category:33ef15e54b045ae6,https://www.zara.com/us/en/man-bags-l563.html?page=2,[],,INFERRED from route unless landing heading verified,,"[""category:33ef15e54b045ae6""]",False,False
category:8d4e81f4b620cdcc,MAN,,black jacket,black jacket,https://www.zara.com/us/en/man-jackets-black-l2570.html,UNKNOWN,,,,,,legacy_checkpoint,,QUEUED,category:8d4e81f4b620cdcc,https://www.zara.com/us/en/man-jackets-black-l2570.html,[],,INFERRED from route unless landing heading verified,,"[""category:8d4e81f4b620cdcc""]",False,False
category:dba9c107518a1632,MAN,,casual wear,casual wear,https://www.zara.com/us/en/man-jackets-sport-l4078.html,UNKNOWN,,,,,,legacy_checkpoint,,QUEUED,category:dba9c107518a1632,https://www.zara.com/us/en/man-jackets-sport-l4078.html,[],,INFERRED from route unless landing heading verified,,"[""category:dba9c107518a1632""]",False,False
category:2d1aa939f9529801,MAN,,2,2,https://www.zara.com/us/en/man-jackets-denim-l648.html?page=2,UNKNOWN,,,,,,legacy_checkpoint,,QUEUED,category:2d1aa939f9529801,https://www.zara.com/us/en/man-jackets-denim-l648.html?page=2,[],,INFERRED from route unless landing heading verified,,"[""category:2d1aa939f9529801""]",False,False
category:59ffc35717e82d31,MAN,,brown,brown,https://www.zara.com/us/en/man-jackets-brown-l2496.html,UNKNOWN,,,,,,legacy_checkpoint,,QUEUED,category:59ffc35717e82d31,https://www.zara.com/us/en/man-jackets-brown-l2496.html,[],,INFERRED from route unless landing heading verified,,"[""category:59ffc35717e82d31""]",False,False
category:ff859f79b481a2b2,MAN,,2,2,https://www.zara.com/us/en/man-jackets-faux-leather-l650.html?page=2,UNKNOWN,,,,,,legacy_checkpoint,,QUEUED,category:ff859f79b481a2b2,https://www.zara.com/us/en/man-jackets-faux-leather-l650.html?page=2,[],,INFERRED from route unless landing heading verified,,"[""category:ff859f79b481a2b2""]",False,False
category:95e5cfecdb516acf,MAN,,Men's Knitwear | ZARA United States,men's knitwear | zara united states,https://www.zara.com/us/en/man-knitwear-l681.html?v1=2432265,UNKNOWN,,,,,,legacy_checkpoint,,PARTIAL,category:95e5cfecdb516acf,https://www.zara.com/us/en/man-knitwear-l681.html?v1=2432265,[],,INFERRED from route unless landing heading verified,,"[""category:95e5cfecdb516acf""]",False,False
category:7a752eb68f1cae0e,MAN,,basics,basics,https://www.zara.com/us/en/man-knitwear-basics-l683.html,UNKNOWN,,,,,,legacy_checkpoint,,QUEUED,category:7a752eb68f1cae0e,https://www.zara.com/us/en/man-knitwear-basics-l683.html,[],,INFERRED from route unless landing heading verified,,"[""category:7a752eb68f1cae0e""]",False,False
category:e632f55b0d5079fa,MAN,,long sleeve,long sleeve,https://www.zara.com/us/en/man-knitwear-long-sleeve-l15978.html,UNKNOWN,,,,,,legacy_checkpoint,,QUEUED,category:e632f55b0d5079fa,https://www.zara.com/us/en/man-knitwear-long-sleeve-l15978.html,[],,INFERRED from route unless landing heading verified,,"[""category:e632f55b0d5079fa""]",False,False
category:8d250ac17ea28fc3,MAN,,short sleeve,short sleeve,https://www.zara.com/us/en/man-knitwear-short-sleeved-l698.html,UNKNOWN,,,,,,legacy_checkpoint,,QUEUED,category:8d250ac17ea28fc3,https://www.zara.com/us/en/man-knitwear-short-sleeved-l698.html,[],,INFERRED from route unless landing heading verified,,"[""category:8d250ac17ea28fc3""]",False,False
category:821995052cd71215,MAN,,linen | hemp,linen | hemp,https://www.zara.com/us/en/man-linen-sweaters-l17547.html,UNKNOWN,,,,,,legacy_checkpoint,,QUEUED,category:821995052cd71215,https://www.zara.com/us/en/man-linen-sweaters-l17547.html,[],,INFERRED from route unless landing heading verified,,"[""category:821995052cd71215""]",False,False
category:2d49f486bd2ed5b0,MAN,,polos,polos,https://www.zara.com/us/en/man-polos-knitwear-l1701.html,UNKNOWN,,,,,,legacy_checkpoint,,QUEUED,category:2d49f486bd2ed5b0,https://www.zara.com/us/en/man-polos-knitwear-l1701.html,[],,INFERRED from route unless landing heading verified,,"[""category:2d49f486bd2ed5b0""]",False,False
category:edf74258aea68d6d,MAN,,cardigans,cardigans,https://www.zara.com/us/en/man-knitwear-cardigans-l685.html,UNKNOWN,,,,,,legacy_checkpoint,,QUEUED,category:edf74258aea68d6d,https://www.zara.com/us/en/man-knitwear-cardigans-l685.html,[],,INFERRED from route unless landing heading verified,,"[""category:edf74258aea68d6d""]",False,False
category:d9696bea43959cb4,MAN,,plain,plain,https://www.zara.com/us/en/man-knitwear-plain-l694.html,UNKNOWN,,,,,,legacy_checkpoint,,QUEUED,category:d9696bea43959cb4,https://www.zara.com/us/en/man-knitwear-plain-l694.html,[],,INFERRED from route unless landing heading verified,,"[""category:d9696bea43959cb4""]",False,False
category:bbe22ad06abeeb73,MAN,,stripes,stripes,https://www.zara.com/us/en/man-sweaters-stripes-l18764.html,UNKNOWN,,,,,,legacy_checkpoint,,QUEUED,category:bbe22ad06abeeb73,https://www.zara.com/us/en/man-sweaters-stripes-l18764.html,[],,INFERRED from route unless landing heading verified,,"[""category:bbe22ad06abeeb73""]",False,False
category:59b71b7f3cba026f,MAN,,henley,henley,https://www.zara.com/us/en/man-sweaters-henley-l17765.html,UNKNOWN,,,,,,legacy_checkpoint,,QUEUED,category:59b71b7f3cba026f,https://www.zara.com/us/en/man-sweaters-henley-l17765.html,[],,INFERRED from route unless landing heading verified,,"[""category:59b71b7f3cba026f""]",False,False
category:2fd2524a9b1dd71b,MAN,,quarter zip,quarter zip,https://www.zara.com/us/en/man-knitwear-quarter-zip-l7129.html,UNKNOWN,,,,,,legacy_checkpoint,,QUEUED,category:2fd2524a9b1dd71b,https://www.zara.com/us/en/man-knitwear-quarter-zip-l7129.html,[],,INFERRED from route unless landing heading verified,,"[""category:2fd2524a9b1dd71b""]",False,False
category:9d2200b6160148da,MAN,,casual,casual,https://www.zara.com/us/en/man-knitwear-casual-l689.html,UNKNOWN,,,,,,legacy_checkpoint,,QUEUED,category:9d2200b6160148da,https://www.zara.com/us/en/man-knitwear-casual-l689.html,[],,INFERRED from route unless landing heading verified,,"[""category:9d2200b6160148da""]",False,False
category:3a48f9c2d568b2bc,MAN,,v-neck,v-neck,https://www.zara.com/us/en/man-knitwear-vneck-l2523.html,UNKNOWN,,,,,,legacy_checkpoint,,QUEUED,category:3a48f9c2d568b2bc,https://www.zara.com/us/en/man-knitwear-vneck-l2523.html,[],,INFERRED from route unless landing heading verified,,"[""category:3a48f9c2d568b2bc""]",False,False
category:f8f9710b43e07408,MAN,,crew-neck,crew-neck,https://www.zara.com/us/en/man-knitwear-crewneck-l2522.html,UNKNOWN,,,,,,legacy_checkpoint,,QUEUED,category:f8f9710b43e07408,https://www.zara.com/us/en/man-knitwear-crewneck-l2522.html,[],,INFERRED from route unless landing heading verified,,"[""category:f8f9710b43e07408""]",False,False
category:020b9b86d6e16443,MAN,,sweaters,sweaters,https://www.zara.com/us/en/man-knitwear-sweaters-l701.html,UNKNOWN,,,,,,legacy_checkpoint,,QUEUED,category:020b9b86d6e16443,https://www.zara.com/us/en/man-knitwear-sweaters-l701.html,[],,INFERRED from route unless landing heading verified,,"[""category:020b9b86d6e16443""]",False,False
category:b1d2c0ce125c6d18,MAN,,Men´s Vest,men´s vest,https://www.zara.com/us/en/man-knitwear-vest-l4384.html,UNKNOWN,,,,,,legacy_checkpoint,,QUEUED,category:b1d2c0ce125c6d18,https://www.zara.com/us/en/man-knitwear-vest-l4384.html,[],,INFERRED from route unless landing heading verified,,"[""category:b1d2c0ce125c6d18""]",False,False
category:846cf17ed47850d4,MAN,,Men's Turtlenecks Sweaters,men's turtlenecks sweaters,https://www.zara.com/us/en/man-knitwear-turtleneck-l2518.html,UNKNOWN,,,,,,legacy_checkpoint,,QUEUED,category:846cf17ed47850d4,https://www.zara.com/us/en/man-knitwear-turtleneck-l2518.html,[],,INFERRED from route unless landing heading verified,,"[""category:846cf17ed47850d4""]",False,False
category:6ab8bd534d27c530,MAN,,Men's Cashmere Sweaters,men's cashmere sweaters,https://www.zara.com/us/en/man-knitwear-cashmere-l687.html,UNKNOWN,,,,,,legacy_checkpoint,,QUEUED,category:6ab8bd534d27c530,https://www.zara.com/us/en/man-knitwear-cashmere-l687.html,[],,INFERRED from route unless landing heading verified,,"[""category:6ab8bd534d27c530""]",False,False
category:55f9e2d28d9cc83c,MAN,,Men's Blue Sweaters,men's blue sweaters,https://www.zara.com/us/en/man-knitwear-blue-l4570.html,UNKNOWN,,,,,,legacy_checkpoint,,QUEUED,category:55f9e2d28d9cc83c,https://www.zara.com/us/en/man-knitwear-blue-l4570.html,[],,INFERRED from route unless landing heading verified,,"[""category:55f9e2d28d9cc83c""]",False,False
category:38bc8882fbd58b3d,MAN,,Men's Beige Sweater,men's beige sweater,https://www.zara.com/us/en/man-knitwear-beige-l4552.html,UNKNOWN,,,,,,legacy_checkpoint,,QUEUED,category:38bc8882fbd58b3d,https://www.zara.com/us/en/man-knitwear-beige-l4552.html,[],,INFERRED from route unless landing heading verified,,"[""category:38bc8882fbd58b3d""]",False,False
category:1472a70685109e9b,MAN,,Men's Gray Sweaters,men's gray sweaters,https://www.zara.com/us/en/man-knitwear-grey-l4554.html,UNKNOWN,,,,,,legacy_checkpoint,,QUEUED,category:1472a70685109e9b,https://www.zara.com/us/en/man-knitwear-grey-l4554.html,[],,INFERRED from route unless landing heading verified,,"[""category:1472a70685109e9b""]",False,False
category:9575ffcb4f8104f6,MAN,,Men's Chunky Sweaters,men's chunky sweaters,https://www.zara.com/us/en/man-knitwear-chunky-l4555.html,UNKNOWN,,,,,,legacy_checkpoint,,QUEUED,category:9575ffcb4f8104f6,https://www.zara.com/us/en/man-knitwear-chunky-l4555.html,[],,INFERRED from route unless landing heading verified,,"[""category:9575ffcb4f8104f6""]",False,False
category:3510bf5cf26ec531,MAN,,2,2,https://www.zara.com/us/en/man-knitwear-l681.html?page=2,UNKNOWN,,,,,,legacy_checkpoint,,QUEUED,category:3510bf5cf26ec531,https://www.zara.com/us/en/man-knitwear-l681.html?page=2,[],,INFERRED from route unless landing heading verified,,"[""category:3510bf5cf26ec531""]",False,False
category:aabdae03b998407c,MAN,,lightweight,lightweight,https://www.zara.com/us/en/man-jackets-lightweight-l2492.html,UNKNOWN,,,,,,legacy_checkpoint,,QUEUED,category:aabdae03b998407c,https://www.zara.com/us/en/man-jackets-lightweight-l2492.html,[],,INFERRED from route unless landing heading verified,,"[""category:aabdae03b998407c""]",False,False
category:7993f8a2faf2396d,MAN,,2,2,https://www.zara.com/us/en/man-shirts-casual-l743.html?page=2,UNKNOWN,,,,,,legacy_checkpoint,,QUEUED,category:7993f8a2faf2396d,https://www.zara.com/us/en/man-shirts-casual-l743.html?page=2,[],,INFERRED from route unless landing heading verified,,"[""category:7993f8a2faf2396d""]",False,False
category:dfbe0cd4554311ce,MAN,,2,2,https://www.zara.com/us/en/man-shirts-check-l745.html?page=2,UNKNOWN,,,,,,legacy_checkpoint,,QUEUED,category:dfbe0cd4554311ce,https://www.zara.com/us/en/man-shirts-check-l745.html?page=2,[],,INFERRED from route unless landing heading verified,,"[""category:dfbe0cd4554311ce""]",False,False
category:04521d782e930967,MAN,,2,2,https://www.zara.com/us/en/man-shirts-denim-l748.html?page=2,UNKNOWN,,,,,,legacy_checkpoint,,QUEUED,category:04521d782e930967,https://www.zara.com/us/en/man-shirts-denim-l748.html?page=2,[],,INFERRED from route unless landing heading verified,,"[""category:04521d782e930967""]",False,False
category:96a1c3d7c881b5df,MAN,,2,2,https://www.zara.com/us/en/man-shirts-linen-l754.html?page=2,UNKNOWN,,,,,,legacy_checkpoint,,QUEUED,category:96a1c3d7c881b5df,https://www.zara.com/us/en/man-shirts-linen-l754.html?page=2,[],,INFERRED from route unless landing heading verified,,"[""category:96a1c3d7c881b5df""]",False,False
category:b96de1c117d82813,MAN,,2,2,https://www.zara.com/us/en/man-shirts-plain-l757.html?page=2,UNKNOWN,,,,,,legacy_checkpoint,,QUEUED,category:b96de1c117d82813,https://www.zara.com/us/en/man-shirts-plain-l757.html?page=2,[],,INFERRED from route unless landing heading verified,,"[""category:b96de1c117d82813""]",False,False
category:666065586ca85c71,MAN,,2,2,https://www.zara.com/us/en/man-shirts-printed-l759.html?page=2,UNKNOWN,,,,,,legacy_checkpoint,,QUEUED,category:666065586ca85c71,https://www.zara.com/us/en/man-shirts-printed-l759.html?page=2,[],,INFERRED from route unless landing heading verified,,"[""category:666065586ca85c71""]",False,False
category:2259ec24b277841f,MAN,,2,2,https://www.zara.com/us/en/man-shirts-short-sleeved-l762.html?page=2,UNKNOWN,,,,,,legacy_checkpoint,,QUEUED,category:2259ec24b277841f,https://www.zara.com/us/en/man-shirts-short-sleeved-l762.html?page=2,[],,INFERRED from route unless landing heading verified,,"[""category:2259ec24b277841f""]",False,False
category:792551b4c1e94e3f,MAN,,shoes,shoes,https://www.zara.com/us/en/man-shoes-laceup-l4378.html,UNKNOWN,,,,,,legacy_checkpoint,,QUEUED,category:792551b4c1e94e3f,https://www.zara.com/us/en/man-shoes-laceup-l4378.html,[],,INFERRED from route unless landing heading verified,,"[""category:792551b4c1e94e3f""]",False,False
category:f5a2eb6c30f555a8,MAN,,barefoot,barefoot,https://www.zara.com/us/en/man-shoes-barefoot-l17530.html,UNKNOWN,,,,,,legacy_checkpoint,,QUEUED,category:f5a2eb6c30f555a8,https://www.zara.com/us/en/man-shoes-barefoot-l17530.html,[],,INFERRED from route unless landing heading verified,,"[""category:f5a2eb6c30f555a8""]",False,False
category:31d8ff83360da984,MAN,,clogs | sandals,clogs | sandals,https://www.zara.com/us/en/man-shoes-sandals-l794.html,UNKNOWN,,,,,,legacy_checkpoint,,QUEUED,category:31d8ff83360da984,https://www.zara.com/us/en/man-shoes-sandals-l794.html,[],,INFERRED from route unless landing heading verified,,"[""category:31d8ff83360da984""]",False,False
category:6488d0997b0b950c,MAN,,leather,leather,https://www.zara.com/us/en/man-shoes-leather-l788.html,UNKNOWN,,,,,,legacy_checkpoint,,QUEUED,category:6488d0997b0b950c,https://www.zara.com/us/en/man-shoes-leather-l788.html,[],,INFERRED from route unless landing heading verified,,"[""category:6488d0997b0b950c""]",False,False
category:a36d6277c49ec188,MAN,,DRESS SHOES,dress shoes,https://www.zara.com/us/en/man-shoes-formal-l17531.html,UNKNOWN,,,,,,legacy_checkpoint,,QUEUED,category:a36d6277c49ec188,https://www.zara.com/us/en/man-shoes-formal-l17531.html,[],,INFERRED from route unless landing heading verified,,"[""category:a36d6277c49ec188""]",False,False
category:cf0690a7e7d5bdc0,MAN,,RUCHED LOAFERS,ruched loafers,https://www.zara.com/us/en/man-shoes-penny-loafers-l19172.html,UNKNOWN,,,,,,legacy_checkpoint,,QUEUED,category:cf0690a7e7d5bdc0,https://www.zara.com/us/en/man-shoes-penny-loafers-l19172.html,[],,INFERRED from route unless landing heading verified,,"[""category:cf0690a7e7d5bdc0""]",False,False
category:f8638fc754084c48,MAN,,LEATHER LOAFERS,leather loafers,https://www.zara.com/us/en/man-shoes-leather-loafers-l5018.html,UNKNOWN,,,,,,legacy_checkpoint,,QUEUED,category:f8638fc754084c48,https://www.zara.com/us/en/man-shoes-leather-loafers-l5018.html,[],,INFERRED from route unless landing heading verified,,"[""category:f8638fc754084c48""]",False,False
category:2935fd6bba34b7a0,MAN,,Men´s Black Shoes,men´s black shoes,https://www.zara.com/us/en/man-shoes-black-l2566.html,UNKNOWN,,,,,,legacy_checkpoint,,QUEUED,category:2935fd6bba34b7a0,https://www.zara.com/us/en/man-shoes-black-l2566.html,[],,INFERRED from route unless landing heading verified,,"[""category:2935fd6bba34b7a0""]",False,False
category:e98d696997f0b175,MAN,,CLOGS,clogs,https://www.zara.com/us/en/man-shoes-clogs-l4674.html,UNKNOWN,,,,,,legacy_checkpoint,,QUEUED,category:e98d696997f0b175,https://www.zara.com/us/en/man-shoes-clogs-l4674.html,[],,INFERRED from route unless landing heading verified,,"[""category:e98d696997f0b175""]",False,False
category:d51b793e8fd18716,MAN,,BASIC SNEAKERS,basic sneakers,https://www.zara.com/us/en/man-shoes-basic-sneakers-l19332.html,UNKNOWN,,,,,,legacy_checkpoint,,QUEUED,category:d51b793e8fd18716,https://www.zara.com/us/en/man-shoes-basic-sneakers-l19332.html,[],,INFERRED from route unless landing heading verified,,"[""category:d51b793e8fd18716""]",False,False
category:e31cf7812ab69c06,MAN,,RUNNING SHOES,running shoes,https://www.zara.com/us/en/man-running-sneakers-l19311.html,UNKNOWN,,,,,,legacy_checkpoint,,QUEUED,category:e31cf7812ab69c06,https://www.zara.com/us/en/man-running-sneakers-l19311.html,[],,INFERRED from route unless landing heading verified,,"[""category:e31cf7812ab69c06""]",False,False
category:e070200440d0ba1b,MAN,,WHITE SNEAKERS,white sneakers,https://www.zara.com/us/en/man-shoes-white-sneakers-l19333.html,UNKNOWN,,,,,,legacy_checkpoint,,QUEUED,category:e070200440d0ba1b,https://www.zara.com/us/en/man-shoes-white-sneakers-l19333.html,[],,INFERRED from route unless landing heading verified,,"[""category:e070200440d0ba1b""]",False,False
category:fbcf6a661fb2f926,MAN,,Men´s Black Sneakers,men´s black sneakers,https://www.zara.com/us/en/man-shoes-sneakers-black-l2560.html,UNKNOWN,,,,,,legacy_checkpoint,,QUEUED,category:fbcf6a661fb2f926,https://www.zara.com/us/en/man-shoes-sneakers-black-l2560.html,[],,INFERRED from route unless landing heading verified,,"[""category:fbcf6a661fb2f926""]",False,False
category:0cd92cca2eb45ecb,MAN,,Men´s Dress Shoes,men´s dress shoes,https://www.zara.com/us/en/man-shoes-evening-l2569.html,UNKNOWN,,,,,,legacy_checkpoint,,QUEUED,category:0cd92cca2eb45ecb,https://www.zara.com/us/en/man-shoes-evening-l2569.html,[],,INFERRED from route unless landing heading verified,,"[""category:0cd92cca2eb45ecb""]",False,False
category:f873e721dd0d6a34,MAN,,CHELSEA BOOTS,chelsea boots,https://www.zara.com/us/en/man-shoes-chelsea-boots-l4639.html,UNKNOWN,,,,,,legacy_checkpoint,,QUEUED,category:f873e721dd0d6a34,https://www.zara.com/us/en/man-shoes-chelsea-boots-l4639.html,[],,INFERRED from route unless landing heading verified,,"[""category:f873e721dd0d6a34""]",False,False
category:56ec9f26c464d93b,UNCLASSIFIED,,ATHLETICZ,athleticz,https://www.zara.com/us/en/zara-athleticz-shoes-l4658.html,UNKNOWN,,,,,,legacy_checkpoint,,QUEUED,category:56ec9f26c464d93b,https://www.zara.com/us/en/zara-athleticz-shoes-l4658.html,[],,INFERRED from route unless landing heading verified,,"[""category:56ec9f26c464d93b""]",False,False
category:2fa06e7361c9b526,MAN,,CHUNKY SNEAKERS,chunky sneakers,https://www.zara.com/us/en/man-shoes-chunky-trainers-l4492.html,UNKNOWN,,,,,,legacy_checkpoint,,QUEUED,category:2fa06e7361c9b526,https://www.zara.com/us/en/man-shoes-chunky-trainers-l4492.html,[],,INFERRED from route unless landing heading verified,,"[""category:2fa06e7361c9b526""]",False,False
category:e1c8332ae5007dc4,MAN,,CHUNKY SHOES,chunky shoes,https://www.zara.com/us/en/man-chunky-shoes-l19342.html,UNKNOWN,,,,,,legacy_checkpoint,,QUEUED,category:e1c8332ae5007dc4,https://www.zara.com/us/en/man-chunky-shoes-l19342.html,[],,INFERRED from route unless landing heading verified,,"[""category:e1c8332ae5007dc4""]",False,False
category:5000b8dcb4265c3a,MAN,,Men´s Black Boots,men´s black boots,https://www.zara.com/us/en/man-shoes-boots-black-l2555.html,UNKNOWN,,,,,,legacy_checkpoint,,QUEUED,category:5000b8dcb4265c3a,https://www.zara.com/us/en/man-shoes-boots-black-l2555.html,[],,INFERRED from route unless landing heading verified,,"[""category:5000b8dcb4265c3a""]",False,False
category:be841513e327a3b6,MAN,,LEATHER BOOTS,leather boots,https://www.zara.com/us/en/man-shoes-leather-boots-l5019.html,UNKNOWN,,,,,,legacy_checkpoint,,QUEUED,category:be841513e327a3b6,https://www.zara.com/us/en/man-shoes-leather-boots-l5019.html,[],,INFERRED from route unless landing heading verified,,"[""category:be841513e327a3b6""]",False,False
category:ef63c8842e3b13bd,MAN,,TRAINING SHOES,training shoes,https://www.zara.com/us/en/man-sneakers-training-l19306.html,UNKNOWN,,,,,,legacy_checkpoint,,QUEUED,category:ef63c8842e3b13bd,https://www.zara.com/us/en/man-sneakers-training-l19306.html,[],,INFERRED from route unless landing heading verified,,"[""category:ef63c8842e3b13bd""]",False,False
category:544387ad048c8a1b,MAN,,COWBOY BOOTS,cowboy boots,https://www.zara.com/us/en/man-boots-cowboy-l19309.html,UNKNOWN,,,,,,legacy_checkpoint,,QUEUED,category:544387ad048c8a1b,https://www.zara.com/us/en/man-boots-cowboy-l19309.html,[],,INFERRED from route unless landing heading verified,,"[""category:544387ad048c8a1b""]",False,False
category:a624e5251cbd5a0d,MAN,,Men's Oxford Shoes,men's oxford shoes,https://www.zara.com/us/en/man-shoes-oxfords-l4496.html,UNKNOWN,,,,,,legacy_checkpoint,,QUEUED,category:a624e5251cbd5a0d,https://www.zara.com/us/en/man-shoes-oxfords-l4496.html,[],,INFERRED from route unless landing heading verified,,"[""category:a624e5251cbd5a0d""]",False,False
category:a6f1cc52519b2699,MAN,,Men´s Boat Shoes,men´s boat shoes,https://www.zara.com/us/en/man-shoes-boat-l2562.html,UNKNOWN,,,,,,legacy_checkpoint,,QUEUED,category:a6f1cc52519b2699,https://www.zara.com/us/en/man-shoes-boat-l2562.html,[],,INFERRED from route unless landing heading verified,,"[""category:a6f1cc52519b2699""]",False,False
category:f0f24a2b8fea20c6,MAN,,Men´s Summer Shoes,men´s summer shoes,https://www.zara.com/us/en/man-shoes-summer-l4377.html,UNKNOWN,,,,,,legacy_checkpoint,,QUEUED,category:f0f24a2b8fea20c6,https://www.zara.com/us/en/man-shoes-summer-l4377.html,[],,INFERRED from route unless landing heading verified,,"[""category:f0f24a2b8fea20c6""]",False,False
category:cde9d493510c4686,MAN,,LEATHER SANDALS,leather sandals,https://www.zara.com/us/en/man-shoes-leather-sandals-l5029.html,UNKNOWN,,,,,,legacy_checkpoint,,QUEUED,category:cde9d493510c4686,https://www.zara.com/us/en/man-shoes-leather-sandals-l5029.html,[],,INFERRED from route unless landing heading verified,,"[""category:cde9d493510c4686""]",False,False
category:a41b2c72ea13400d,MAN,,Men´s Brown Shoes,men´s brown shoes,https://www.zara.com/us/en/man-shoes-brown-l2565.html,UNKNOWN,,,,,,legacy_checkpoint,,QUEUED,category:a41b2c72ea13400d,https://www.zara.com/us/en/man-shoes-brown-l2565.html,[],,INFERRED from route unless landing heading verified,,"[""category:a41b2c72ea13400d""]",False,False
category:a39af491de02bee5,MAN,,casual shoes,casual shoes,https://www.zara.com/us/en/man-shoes-casual-l2567.html,UNKNOWN,,,,,,legacy_checkpoint,,QUEUED,category:a39af491de02bee5,https://www.zara.com/us/en/man-shoes-casual-l2567.html,[],,INFERRED from route unless landing heading verified,,"[""category:a39af491de02bee5""]",False,False
category:e6db5dc5686ce69c,MAN,,2,2,https://www.zara.com/us/en/man-shoes-moccasins-l789.html?page=2,UNKNOWN,,,,,,legacy_checkpoint,,QUEUED,category:e6db5dc5686ce69c,https://www.zara.com/us/en/man-shoes-moccasins-l789.html?page=2,[],,INFERRED from route unless landing heading verified,,"[""category:e6db5dc5686ce69c""]",False,False
category:81013872aa97d760,MAN,,Ruched LoafersDiscover our collection of ruched loafers,ruched loafersdiscover our collection of ruched loafers,https://www.zara.com/us/en/man-shoes-penny-loafers-l19172.html?v1=2727949,UNKNOWN,,,,,,legacy_checkpoint,,QUEUED,category:81013872aa97d760,https://www.zara.com/us/en/man-shoes-penny-loafers-l19172.html?v1=2727949,[],,INFERRED from route unless landing heading verified,,"[""category:81013872aa97d760""]",False,False
category:a1469b89bd37ad70,MAN,,white,white,https://www.zara.com/us/en/man-shoes-sneakers-white-l2559.html,UNKNOWN,,,,,,legacy_checkpoint,,QUEUED,category:a1469b89bd37ad70,https://www.zara.com/us/en/man-shoes-sneakers-white-l2559.html,[],,INFERRED from route unless landing heading verified,,"[""category:a1469b89bd37ad70""]",False,False
category:fdd89fd6b2ae92e2,MAN,,2,2,https://www.zara.com/us/en/man-shoes-sneakers-l797.html?page=2,UNKNOWN,,,,,,legacy_checkpoint,,QUEUED,category:fdd89fd6b2ae92e2,https://www.zara.com/us/en/man-shoes-sneakers-l797.html?page=2,[],,INFERRED from route unless landing heading verified,,"[""category:fdd89fd6b2ae92e2""]",False,False
category:a491271fc38c7358,MAN,,BAREFOOTDiscover our new Barefoot collection,barefootdiscover our new barefoot collection,https://www.zara.com/us/en/man-shoes-barefoot-l17530.html?v1=2436343,UNKNOWN,,,,,,legacy_checkpoint,,QUEUED,category:a491271fc38c7358,https://www.zara.com/us/en/man-shoes-barefoot-l17530.html?v1=2436343,[],,INFERRED from route unless landing heading verified,,"[""category:a491271fc38c7358""]",False,False
category:26e5803efbb78a60,MAN,,formal suits,formal suits,https://www.zara.com/us/en/man-suits-formal-l813.html,UNKNOWN,,,,,,legacy_checkpoint,,QUEUED,category:26e5803efbb78a60,https://www.zara.com/us/en/man-suits-formal-l813.html,[],,INFERRED from route unless landing heading verified,,"[""category:26e5803efbb78a60""]",False,False
category:3ffcf9a0fc798632,MAN,,sartorial suits,sartorial suits,https://www.zara.com/us/en/man-suits-sartorial-l19091.html,UNKNOWN,,,,,,legacy_checkpoint,,QUEUED,category:3ffcf9a0fc798632,https://www.zara.com/us/en/man-suits-sartorial-l19091.html,[],,INFERRED from route unless landing heading verified,,"[""category:3ffcf9a0fc798632""]",False,False
category:0ce323e6d8bbf27b,MAN,,basic suits,basic suits,https://www.zara.com/us/en/man-suits-basics-l811.html,UNKNOWN,,,,,,legacy_checkpoint,,QUEUED,category:0ce323e6d8bbf27b,https://www.zara.com/us/en/man-suits-basics-l811.html,[],,INFERRED from route unless landing heading verified,,"[""category:0ce323e6d8bbf27b""]",False,False
category:b826522a3d042190,MAN,,shirts,shirts,https://www.zara.com/us/en/man-suits-shirts-l814.html,UNKNOWN,,,,,,legacy_checkpoint,,QUEUED,category:b826522a3d042190,https://www.zara.com/us/en/man-suits-shirts-l814.html,[],,INFERRED from route unless landing heading verified,,"[""category:b826522a3d042190""]",False,False
category:b41685cd21f8d2fb,MAN,,shoes,shoes,https://www.zara.com/us/en/man-suits-accessories-l810.html,UNKNOWN,,,,,,legacy_checkpoint,,QUEUED,category:b41685cd21f8d2fb,https://www.zara.com/us/en/man-suits-accessories-l810.html,[],,INFERRED from route unless landing heading verified,,"[""category:b41685cd21f8d2fb""]",False,False
category:2fadd230ae7cb527,MAN,,,,https://www.zara.com/us/en/man-suits-trend-l5265.html,UNKNOWN,,,,,,legacy_checkpoint,,QUEUED,category:2fadd230ae7cb527,https://www.zara.com/us/en/man-suits-trend-l5265.html,[],,INFERRED from route unless landing heading verified,,"[""category:2fadd230ae7cb527""]",False,False
category:e9a8b06a4e0d8fb5,MAN,,LINEN,linen,https://www.zara.com/us/en/man-suits-linen-l7285.html,UNKNOWN,,,,,,legacy_checkpoint,,QUEUED,category:e9a8b06a4e0d8fb5,https://www.zara.com/us/en/man-suits-linen-l7285.html,[],,INFERRED from route unless landing heading verified,,"[""category:e9a8b06a4e0d8fb5""]",False,False
category:a41dde4b047e0ef1,MAN,,Men's Blazers,men's blazers,https://www.zara.com/us/en/man-blazers-l608.html,UNKNOWN,,,,,,legacy_checkpoint,,QUEUED,category:a41dde4b047e0ef1,https://www.zara.com/us/en/man-blazers-l608.html,[],,INFERRED from route unless landing heading verified,,"[""category:a41dde4b047e0ef1""]",False,False
category:feaea88124282770,MAN,,Men´s Ties & Bow Ties,men´s ties & bow ties,https://www.zara.com/us/en/man-accessories-ties-bows-l560.html,UNKNOWN,,,,,,legacy_checkpoint,,QUEUED,category:feaea88124282770,https://www.zara.com/us/en/man-accessories-ties-bows-l560.html,[],,INFERRED from route unless landing heading verified,,"[""category:feaea88124282770""]",False,False
category:53e97f703414970d,MAN,,Men's Pants,men's pants,https://www.zara.com/us/en/man-suits-trousers-l18095.html,UNKNOWN,,,,,,legacy_checkpoint,,QUEUED,category:53e97f703414970d,https://www.zara.com/us/en/man-suits-trousers-l18095.html,[],,INFERRED from route unless landing heading verified,,"[""category:53e97f703414970d""]",False,False
category:bca0fc7393527fc3,MAN,,EDITORIAL,editorial,https://www.zara.com/us/en/man-suits-editorial-l17390.html,UNKNOWN,,,,,,legacy_checkpoint,,QUEUED,category:bca0fc7393527fc3,https://www.zara.com/us/en/man-suits-editorial-l17390.html,[],,INFERRED from route unless landing heading verified,,"[""category:bca0fc7393527fc3""]",False,False
category:8f4f28e2a14c11bb,MAN,,Men's Black Suits,men's black suits,https://www.zara.com/us/en/man-suits-black-l2509.html,UNKNOWN,,,,,,legacy_checkpoint,,QUEUED,category:8f4f28e2a14c11bb,https://www.zara.com/us/en/man-suits-black-l2509.html,[],,INFERRED from route unless landing heading verified,,"[""category:8f4f28e2a14c11bb""]",False,False
category:b454c42b2bea840c,MAN,,Men's Blue and Navy Suits,men's blue and navy suits,https://www.zara.com/us/en/man-suits-blue-l2508.html,UNKNOWN,,,,,,legacy_checkpoint,,QUEUED,category:b454c42b2bea840c,https://www.zara.com/us/en/man-suits-blue-l2508.html,[],,INFERRED from route unless landing heading verified,,"[""category:b454c42b2bea840c""]",False,False
category:5b09f96e5e627a6a,MAN,,Men's Suits,men's suits,https://www.zara.com/us/en/man-suits-double-breasted-l15721.html,UNKNOWN,,,,,,legacy_checkpoint,,QUEUED,category:5b09f96e5e627a6a,https://www.zara.com/us/en/man-suits-double-breasted-l15721.html,[],,INFERRED from route unless landing heading verified,,"[""category:5b09f96e5e627a6a""]",False,False
category:445963bbe168a471,MAN,,ACCESSORIES,accessories,https://www.zara.com/us/en/man-accessories-mkt-l6029.html,UNKNOWN,,,,,,legacy_checkpoint,,QUEUED,category:445963bbe168a471,https://www.zara.com/us/en/man-accessories-mkt-l6029.html,[],,INFERRED from route unless landing heading verified,,"[""category:445963bbe168a471""]",False,False
category:a715ab89f765087a,MAN,,VIEW ALL,view all,https://www.zara.com/us/en/man-trend-89-l6153.html,UNKNOWN,,,,,,legacy_checkpoint,,QUEUED,category:a715ab89f765087a,https://www.zara.com/us/en/man-trend-89-l6153.html,[],,INFERRED from route unless landing heading verified,,"[""category:a715ab89f765087a""]",False,False
category:1efeceec3da4d6e1,MAN,,EVENTS,events,https://www.zara.com/us/en/man-suits-events-l6275.html,UNKNOWN,,,,,,legacy_checkpoint,,QUEUED,category:1efeceec3da4d6e1,https://www.zara.com/us/en/man-suits-events-l6275.html,[],,INFERRED from route unless landing heading verified,,"[""category:1efeceec3da4d6e1""]",False,False
category:fe3b348f229cad71,MAN,,Men's Slim Fit Suits,men's slim fit suits,https://www.zara.com/us/en/man-suits-slim-l816.html,UNKNOWN,,,,,,legacy_checkpoint,,QUEUED,category:fe3b348f229cad71,https://www.zara.com/us/en/man-suits-slim-l816.html,[],,INFERRED from route unless landing heading verified,,"[""category:fe3b348f229cad71""]",False,False
category:7dee4991ea9761f3,MAN,,REGULAR FIT,regular fit,https://www.zara.com/us/en/man-suits-relaxed-l5570.html,UNKNOWN,,,,,,legacy_checkpoint,,QUEUED,category:7dee4991ea9761f3,https://www.zara.com/us/en/man-suits-relaxed-l5570.html,[],,INFERRED from route unless landing heading verified,,"[""category:7dee4991ea9761f3""]",False,False
category:89b73721efacfea1,MAN,,Men's Casual Suits,men's casual suits,https://www.zara.com/us/en/man-suits-casual-l812.html,UNKNOWN,,,,,,legacy_checkpoint,,QUEUED,category:89b73721efacfea1,https://www.zara.com/us/en/man-suits-casual-l812.html,[],,INFERRED from route unless landing heading verified,,"[""category:89b73721efacfea1""]",False,False
category:a5ee2ed5106e9b97,MAN,,Men's Wedding & Special Occasions Suits,men's wedding & special occasions suits,https://www.zara.com/us/en/man-suits-tailored-l819.html,UNKNOWN,,,,,,legacy_checkpoint,,QUEUED,category:a5ee2ed5106e9b97,https://www.zara.com/us/en/man-suits-tailored-l819.html,[],,INFERRED from route unless landing heading verified,,"[""category:a5ee2ed5106e9b97""]",False,False
category:f9e2ed9b1733f551,MAN,,Men's Summer and Linen Suits,men's summer and linen suits,https://www.zara.com/us/en/man-suits-summer-l2513.html,UNKNOWN,,,,,,legacy_checkpoint,,QUEUED,category:f9e2ed9b1733f551,https://www.zara.com/us/en/man-suits-summer-l2513.html,[],,INFERRED from route unless landing heading verified,,"[""category:f9e2ed9b1733f551""]",False,False
category:e2e0c82873751a63,MAN,,Men's Grey Suits,men's grey suits,https://www.zara.com/us/en/man-suits-grey-l2510.html,UNKNOWN,,,,,,legacy_checkpoint,,QUEUED,category:e2e0c82873751a63,https://www.zara.com/us/en/man-suits-grey-l2510.html,[],,INFERRED from route unless landing heading verified,,"[""category:e2e0c82873751a63""]",False,False
category:023c7d700e187fde,MAN,,Men's Checked Suits,men's checked suits,https://www.zara.com/us/en/man-suits-checked-l2512.html,UNKNOWN,,,,,,legacy_checkpoint,,QUEUED,category:023c7d700e187fde,https://www.zara.com/us/en/man-suits-checked-l2512.html,[],,INFERRED from route unless landing heading verified,,"[""category:023c7d700e187fde""]",False,False
category:e05e94f64ad1dc35,MAN,,Men's Wool Suits,men's wool suits,https://www.zara.com/us/en/man-suits-wool-l2514.html,UNKNOWN,,,,,,legacy_checkpoint,,QUEUED,category:e05e94f64ad1dc35,https://www.zara.com/us/en/man-suits-wool-l2514.html,[],,INFERRED from route unless landing heading verified,,"[""category:e05e94f64ad1dc35""]",False,False
category:7328db0a0dd96e4c,MAN,,2,2,https://www.zara.com/us/en/man-shirts-l737.html?page=2,UNKNOWN,,,,,,legacy_checkpoint,,QUEUED,category:7328db0a0dd96e4c,https://www.zara.com/us/en/man-shirts-l737.html?page=2,[],,INFERRED from route unless landing heading verified,,"[""category:7328db0a0dd96e4c""]",False,False
category:6884ee20701f15b5,WOMAN,,WOMAN,woman,https://www.zara.com/us/en/woman-mkt1000.html,NAVIGATION_PAGE,0,False,,,True,https://www.zara.com/us/en/woman-dresses-l1066.html,2026-09-06T04:46:29.761Z,PARTIAL,category:6884ee20701f15b5,https://www.zara.com/us/en/woman-mkt1000.html,[],data\raw\zara\repair\woman.json,PUBLICLY OBSERVED landing heading/title,0,[],False,True
category:4f1a863445927eee,MAN,,MAN,man,https://www.zara.com/us/en/man-l534.html,PRODUCT_LISTING_CATEGORY,0,True,,,False,https://www.zara.com/us/en/woman-dresses-l1066.html,2026-09-06T04:46:43.425Z,PARTIAL,category:4f1a863445927eee,https://www.zara.com/us/en/man-l534.html,"[""https://www.zara.com/us/en/man-l534.html#main""]",data\raw\zara\repair\man.json,PUBLICLY OBSERVED landing heading/title,80,[],False,True
category:04bd82dffbe7dad2,KIDS,,KIDS,kids,https://www.zara.com/us/en/kids-mkt1.html,NAVIGATION_PAGE,0,False,,,True,https://www.zara.com/us/en/woman-dresses-l1066.html,2026-09-06T04:46:58.079Z,PARTIAL,category:04bd82dffbe7dad2,https://www.zara.com/us/en/kids-mkt1.html,[],data\raw\zara\repair\kids.json,PUBLICLY OBSERVED landing heading/title,0,[],False,True
category:04ff1d5a820a8cce,ZARA HOME,,ZARA HOME,zara home,https://www.zara.com/us/en/home-mkt2085.html,NAVIGATION_PAGE,0,False,,,True,https://www.zara.com/us/en/woman-dresses-l1066.html,2026-09-06T04:47:05.185Z,PARTIAL,category:04ff1d5a820a8cce,https://www.zara.com/us/en/home-mkt2085.html,[],data\raw\zara\repair\zara_home.json,PUBLICLY OBSERVED landing heading/title,0,[],False,True
category:f4227d7cf53670ca,BEAUTY,,BEAUTY,beauty,https://www.zara.com/us/en/woman-beauty-mkt1414.html,NAVIGATION_PAGE,0,False,,,True,https://www.zara.com/us/en/woman-dresses-l1066.html,2026-09-06T04:47:34.449Z,PARTIAL,category:f4227d7cf53670ca,https://www.zara.com/us/en/woman-beauty-mkt1414.html,[],data\raw\zara\repair\beauty.json,PUBLICLY OBSERVED landing heading/title,0,[],False,True
category:c3940047a9b2d223,MASSIMO DUTTI,,MASSIMO DUTTI,massimo dutti,https://www.zara.com/us/en/massimo-dutti-mkt5753.html,NAVIGATION_PAGE,0,False,,,True,https://www.zara.com/us/en/woman-dresses-l1066.html,2026-09-06T04:50:58.483Z,PARTIAL,category:c3940047a9b2d223,https://www.zara.com/us/en/massimo-dutti-mkt5753.html,[],data\raw\zara\repair\massimo_dutti.json,PUBLICLY OBSERVED landing heading/title,0,[],False,True
category:64a87687285d0655,PRE-OWNED,,PRE-OWNED,pre-owned,https://www.zara.com/us/en/preowned-mkt5794.html,NAVIGATION_PAGE,0,False,,,True,https://www.zara.com/us/en/woman-dresses-l1066.html,2026-09-06T04:51:00.447Z,PARTIAL,category:64a87687285d0655,https://www.zara.com/us/en/preowned-mkt5794.html,[],data\raw\zara\repair\pre-owned.json,PUBLICLY OBSERVED landing heading/title,0,[],False,True
category:fecc1b20b3108996,TRAVEL MODE,,TRAVEL MODE,travel mode,https://www.zara.com/us/en/zara-travel-mkt15659.html,NAVIGATION_PAGE,0,False,,,True,https://www.zara.com/us/en/woman-dresses-l1066.html,2026-09-06T04:51:08.672Z,PARTIAL,category:fecc1b20b3108996,https://www.zara.com/us/en/zara-travel-mkt15659.html,[],data\raw\zara\repair\travel_mode.json,PUBLICLY OBSERVED landing heading/title,0,[],False,True
category:782dc649d80e7fc2,WOMAN,,THE NEW,the new,https://www.zara.com/us/en/woman-new-in-l1180.html,UNKNOWN,,,,,,https://www.zara.com/us/en/woman-dresses-l1066.html,,DISCOVERED,category:782dc649d80e7fc2,https://www.zara.com/us/en/woman-new-in-l1180.html,[],,INFERRED from route unless landing heading verified,,[],False,False
category:9be78623888074ad,WOMAN,category:6884ee20701f15b5,03COLLECTION,03collection,https://www.zara.com/us/en/woman-collections-l2158.html,UNKNOWN,1,,,,,https://www.zara.com/us/en/woman-dresses-l1066.html,,DISCOVERED,category:9be78623888074ad,https://www.zara.com/us/en/woman-collections-l2158.html,[],,INFERRED from route unless landing heading verified,,[],False,False
category:01f3c8e9cb75f7a5,WOMAN,,BEST SELLERS,best sellers,https://www.zara.com/us/en/woman-best-sellers-l5912.html,UNKNOWN,,,,,,https://www.zara.com/us/en/woman-dresses-l1066.html,,DISCOVERED,category:01f3c8e9cb75f7a5,https://www.zara.com/us/en/woman-best-sellers-l5912.html,[],,INFERRED from route unless landing heading verified,,[],False,False
category:e139de82138f9f44,WOMAN,,JACKETS,jackets,https://www.zara.com/us/en/woman-jackets-l1114.html,UNKNOWN,,,,,,https://www.zara.com/us/en/woman-dresses-l1066.html,,DISCOVERED,category:e139de82138f9f44,https://www.zara.com/us/en/woman-jackets-l1114.html,[],,INFERRED from route unless landing heading verified,,[],False,False
category:0421dc420492c1d8,WOMAN,,COATS | TRENCHES,coats | trenches,https://www.zara.com/us/en/woman-outerwear-l1184.html,UNKNOWN,,,,,,https://www.zara.com/us/en/woman-dresses-l1066.html,,DISCOVERED,category:0421dc420492c1d8,https://www.zara.com/us/en/woman-outerwear-l1184.html,[],,INFERRED from route unless landing heading verified,,[],False,False
category:91695f626fcdd051,WOMAN,,BLAZERS,blazers,https://www.zara.com/us/en/woman-blazers-l1055.html,UNKNOWN,,,,,,https://www.zara.com/us/en/woman-dresses-l1066.html,,DISCOVERED,category:91695f626fcdd051,https://www.zara.com/us/en/woman-blazers-l1055.html,[],,INFERRED from route unless landing heading verified,,[],False,False
category:0b10c43c8c2757dc,WOMAN,,KNITWEAR,knitwear,https://www.zara.com/us/en/woman-knitwear-l1152.html,UNKNOWN,,,,,,https://www.zara.com/us/en/woman-dresses-l1066.html,,DISCOVERED,category:0b10c43c8c2757dc,https://www.zara.com/us/en/woman-knitwear-l1152.html,[],,INFERRED from route unless landing heading verified,,[],False,False
category:fb8c0296db90eeb4,WOMAN,,PANTS,pants,https://www.zara.com/us/en/woman-trousers-l1335.html,UNKNOWN,,,,,,https://www.zara.com/us/en/woman-dresses-l1066.html,,DISCOVERED,category:fb8c0296db90eeb4,https://www.zara.com/us/en/woman-trousers-l1335.html,[],,INFERRED from route unless landing heading verified,,[],False,False
category:91eb7d59044af9c3,WOMAN,,JEANS,jeans,https://www.zara.com/us/en/woman-jeans-l1119.html,UNKNOWN,,,,,,https://www.zara.com/us/en/woman-dresses-l1066.html,,DISCOVERED,category:91eb7d59044af9c3,https://www.zara.com/us/en/woman-jeans-l1119.html,[],,INFERRED from route unless landing heading verified,,[],False,False
category:a71cee0ce33aaa59,WOMAN,,SHIRTS | BLOUSES,shirts | blouses,https://www.zara.com/us/en/woman-shirts-l1217.html,UNKNOWN,,,,,,https://www.zara.com/us/en/woman-dresses-l1066.html,,DISCOVERED,category:a71cee0ce33aaa59,https://www.zara.com/us/en/woman-shirts-l1217.html,[],,INFERRED from route unless landing heading verified,,[],False,False
category:1e5c4ccee0a2b987,WOMAN,,TOPS | BODYSUITS,tops | bodysuits,https://www.zara.com/us/en/woman-tops-l1322.html,UNKNOWN,,,,,,https://www.zara.com/us/en/woman-dresses-l1066.html,,DISCOVERED,category:1e5c4ccee0a2b987,https://www.zara.com/us/en/woman-tops-l1322.html,[],,INFERRED from route unless landing heading verified,,[],False,False
category:cf514885e64d8768,WOMAN,,T-SHIRTS,t-shirts,https://www.zara.com/us/en/woman-tshirts-l1362.html,UNKNOWN,,,,,,https://www.zara.com/us/en/woman-dresses-l1066.html,,DISCOVERED,category:cf514885e64d8768,https://www.zara.com/us/en/woman-tshirts-l1362.html,[],,INFERRED from route unless landing heading verified,,[],False,False
category:6d369fce772295c9,WOMAN,,SWEATERS | CARDIGANS,sweaters | cardigans,https://www.zara.com/us/en/woman-cardigans-sweaters-l8322.html,UNKNOWN,,,,,,https://www.zara.com/us/en/woman-dresses-l1066.html,,DISCOVERED,category:6d369fce772295c9,https://www.zara.com/us/en/woman-cardigans-sweaters-l8322.html,[],,INFERRED from route unless landing heading verified,,[],False,False
category:3587c390940c23bd,UNCLASSIFIED,,TANK TOPS,tank tops,https://www.zara.com/us/en/-c2732954.html,UNKNOWN,,,,,,https://www.zara.com/us/en/woman-dresses-l1066.html,,DISCOVERED,category:3587c390940c23bd,https://www.zara.com/us/en/-c2732954.html,[],,INFERRED from route unless landing heading verified,,[],False,False
category:b2f455a3b9fa85e4,WOMAN,,CO-ORD SETS,co-ord sets,https://www.zara.com/us/en/woman-co-ords-l1061.html,UNKNOWN,,,,,,https://www.zara.com/us/en/woman-dresses-l1066.html,,DISCOVERED,category:b2f455a3b9fa85e4,https://www.zara.com/us/en/woman-co-ords-l1061.html,[],,INFERRED from route unless landing heading verified,,[],False,False
category:14254699144c9cc9,WOMAN,,SWEATSHIRTS | SWEATPANTS,sweatshirts | sweatpants,https://www.zara.com/us/en/woman-sweatshirts-l1320.html,UNKNOWN,,,,,,https://www.zara.com/us/en/woman-dresses-l1066.html,,DISCOVERED,category:14254699144c9cc9,https://www.zara.com/us/en/woman-sweatshirts-l1320.html,[],,INFERRED from route unless landing heading verified,,[],False,False
category:c6d9365f0b332a53,WOMAN,,SUEDE | LEATHER,suede | leather,https://www.zara.com/us/en/woman-leather-l1174.html,UNKNOWN,,,,,,https://www.zara.com/us/en/woman-dresses-l1066.html,,DISCOVERED,category:c6d9365f0b332a53,https://www.zara.com/us/en/woman-leather-l1174.html,[],,INFERRED from route unless landing heading verified,,[],False,False
category:373a1f800203d48e,WOMAN,,LINGERIE,lingerie,https://www.zara.com/us/en/woman-lingerie-l4021.html,UNKNOWN,,,,,,https://www.zara.com/us/en/woman-dresses-l1066.html,,DISCOVERED,category:373a1f800203d48e,https://www.zara.com/us/en/woman-lingerie-l4021.html,[],,INFERRED from route unless landing heading verified,,[],False,False
category:717218ce836ea334,WOMAN,,BACK TO WORK,back to work,https://www.zara.com/us/en/woman-back-to-office-l19161.html,UNKNOWN,,,,,,https://www.zara.com/us/en/woman-dresses-l1066.html,,DISCOVERED,category:717218ce836ea334,https://www.zara.com/us/en/woman-back-to-office-l19161.html,[],,INFERRED from route unless landing heading verified,,[],False,False
category:7f4f364fbb946907,WOMAN,,SHOES,shoes,https://www.zara.com/us/en/woman-shoes-l1251.html,UNKNOWN,,,,,,https://www.zara.com/us/en/woman-dresses-l1066.html,,DISCOVERED,category:7f4f364fbb946907,https://www.zara.com/us/en/woman-shoes-l1251.html,[],,INFERRED from route unless landing heading verified,,[],False,False
category:e6af1dbd999b57ac,WOMAN,,BAGS,bags,https://www.zara.com/us/en/woman-bags-l1024.html,UNKNOWN,,,,,,https://www.zara.com/us/en/woman-dresses-l1066.html,,DISCOVERED,category:e6af1dbd999b57ac,https://www.zara.com/us/en/woman-bags-l1024.html,[],,INFERRED from route unless landing heading verified,,[],False,False
category:847e683fc046f50a,WOMAN,,ACCESSORIES | JEWELRY,accessories | jewelry,https://www.zara.com/us/en/woman-accessories-l1003.html,UNKNOWN,,,,,,https://www.zara.com/us/en/woman-dresses-l1066.html,,DISCOVERED,category:847e683fc046f50a,https://www.zara.com/us/en/woman-accessories-l1003.html,[],,INFERRED from route unless landing heading verified,,[],False,False
category:1d06358b2b90c030,BEAUTY,,PERFUMES,perfumes,https://www.zara.com/us/en/woman-beauty-perfumes-l1415.html,UNKNOWN,,,,,,https://www.zara.com/us/en/woman-dresses-l1066.html,,DISCOVERED,category:1d06358b2b90c030,https://www.zara.com/us/en/woman-beauty-perfumes-l1415.html,[],,INFERRED from route unless landing heading verified,,[],False,False
category:d76a0be8f624be64,WOMAN,,ZARA HAIR,zara hair,https://www.zara.com/us/en/woman-hair-l7345.html,UNKNOWN,,,,,,https://www.zara.com/us/en/woman-dresses-l1066.html,,DISCOVERED,category:d76a0be8f624be64,https://www.zara.com/us/en/woman-hair-l7345.html,[],,INFERRED from route unless landing heading verified,,[],False,False
category:50282081b0e1cada,BEAUTY,,BEAUTY,beauty,https://www.zara.com/us/en/woman-beauty-makeup-l4414.html,PRODUCT_LISTING_CATEGORY,,True,,,False,https://www.zara.com/us/en/woman-dresses-l1066.html,2026-09-06T04:50:04.983Z,PARTIAL,category:50282081b0e1cada,https://www.zara.com/us/en/woman-beauty-makeup-l4414.html,"[""https://www.zara.com/us/en/woman-beauty-makeup-l4414.html?v1=1881272""]",data\raw\zara\repair\beauty_makeup.json,INFERRED from route unless landing heading verified,37,[],False,True
category:1ecc6c26ceb3402b,PRE-OWNED,,SECONDHAND,secondhand,https://www.zara.com/us/en/preowned-woman-mkt7630.html,UNKNOWN,,,,,,https://www.zara.com/us/en/woman-dresses-l1066.html,,DISCOVERED,category:1ecc6c26ceb3402b,https://www.zara.com/us/en/preowned-woman-mkt7630.html,[],,INFERRED from route unless landing heading verified,,[],False,False
category:6b3df47c7d2d8fa9,WOMAN,,07SPECIAL EDITION,07special edition,https://www.zara.com/us/en/woman-highlight-special-collections-l17362.html,UNKNOWN,,,,,,https://www.zara.com/us/en/woman-dresses-l1066.html,,DISCOVERED,category:6b3df47c7d2d8fa9,https://www.zara.com/us/en/woman-highlight-special-collections-l17362.html,[],,INFERRED from route unless landing heading verified,,[],False,False
category:a5cec677688ee863,WOMAN,,08THE FOLD-ER,08the fold-er,https://www.zara.com/us/en/woman-fold-mkt18099.html,UNKNOWN,,,,,,https://www.zara.com/us/en/woman-dresses-l1066.html,,DISCOVERED,category:a5cec677688ee863,https://www.zara.com/us/en/woman-fold-mkt18099.html,[],,INFERRED from route unless landing heading verified,,[],False,False
category:6709e720e1e70615,WOMAN,,VIEW ALL,view all,https://www.zara.com/us/en/woman-the-fold-view-all-mkt18355.html,UNKNOWN,,,,,,https://www.zara.com/us/en/woman-dresses-l1066.html,,DISCOVERED,category:6709e720e1e70615,https://www.zara.com/us/en/woman-the-fold-view-all-mkt18355.html,[],,INFERRED from route unless landing heading verified,,[],False,False
category:f4a11b4b65c016bf,WOMAN,,MAUREEN ADIM,maureen adim,https://www.zara.com/us/en/woman-the-folder-maureen-mkt19382.html,UNKNOWN,,,,,,https://www.zara.com/us/en/woman-dresses-l1066.html,,DISCOVERED,category:f4a11b4b65c016bf,https://www.zara.com/us/en/woman-the-folder-maureen-mkt19382.html,[],,INFERRED from route unless landing heading verified,,[],False,False
category:db14429b9e69751d,WOMAN,,VERONIKA HEILBRUNNER,veronika heilbrunner,https://www.zara.com/us/en/woman-the-fold-veronika-heilbrunner-mkt19412.html,UNKNOWN,,,,,,https://www.zara.com/us/en/woman-dresses-l1066.html,,DISCOVERED,category:db14429b9e69751d,https://www.zara.com/us/en/woman-the-fold-veronika-heilbrunner-mkt19412.html,[],,INFERRED from route unless landing heading verified,,[],False,False
category:4ae6a249dbe0d65f,WOMAN,,MARIE VON BEHRENS,marie von behrens,https://www.zara.com/us/en/woman-the-fold-marie-von-behrens-mkt19413.html,UNKNOWN,,,,,,https://www.zara.com/us/en/woman-dresses-l1066.html,,DISCOVERED,category:4ae6a249dbe0d65f,https://www.zara.com/us/en/woman-the-fold-marie-von-behrens-mkt19413.html,[],,INFERRED from route unless landing heading verified,,[],False,False
category:d561fd4eb8fe71ee,WOMAN,,LILLY SISTO,lilly sisto,https://www.zara.com/us/en/woman-the-fold-lilly-sisto-mkt19414.html,UNKNOWN,,,,,,https://www.zara.com/us/en/woman-dresses-l1066.html,,DISCOVERED,category:d561fd4eb8fe71ee,https://www.zara.com/us/en/woman-the-fold-lilly-sisto-mkt19414.html,[],,INFERRED from route unless landing heading verified,,[],False,False
category:ea0793c67662bf0c,WOMAN,,LARISSA MILLS,larissa mills,https://www.zara.com/us/en/woman-the-fold-larissa-mills-mkt19415.html,UNKNOWN,,,,,,https://www.zara.com/us/en/woman-dresses-l1066.html,,DISCOVERED,category:ea0793c67662bf0c,https://www.zara.com/us/en/woman-the-fold-larissa-mills-mkt19415.html,[],,INFERRED from route unless landing heading verified,,[],False,False
category:199c414d594fdc90,ZARA HOME,,THE NEW,the new,https://www.zara.com/us/en/home-new-collection-l15856.html,UNKNOWN,,,,,,https://www.zara.com/us/en/woman-dresses-l1066.html,,DISCOVERED,category:199c414d594fdc90,https://www.zara.com/us/en/home-new-collection-l15856.html,[],,INFERRED from route unless landing heading verified,,[],False,False
category:c78f172b8ed23732,UNCLASSIFIED,,MARIE LENNOX STUDIO,marie lennox studio,https://www.zara.com/us/en/mary-lennox-l18770.html,UNKNOWN,,,,,,https://www.zara.com/us/en/woman-dresses-l1066.html,,DISCOVERED,category:c78f172b8ed23732,https://www.zara.com/us/en/mary-lennox-l18770.html,[],,INFERRED from route unless landing heading verified,,[],False,False
category:236c3fef535eda91,ZARA HOME,,HOME OFFICE,home office,https://www.zara.com/us/en/home-living-room-stationery-l2619.html,UNKNOWN,,,,,,https://www.zara.com/us/en/woman-dresses-l1066.html,,DISCOVERED,category:236c3fef535eda91,https://www.zara.com/us/en/home-living-room-stationery-l2619.html,[],,INFERRED from route unless landing heading verified,,[],False,False
category:ada53d9ed3273582,UNCLASSIFIED,,BACK TO CAMPUS,back to campus,https://www.zara.com/us/en/back-to-university-l19182.html,UNKNOWN,,,,,,https://www.zara.com/us/en/woman-dresses-l1066.html,,DISCOVERED,category:ada53d9ed3273582,https://www.zara.com/us/en/back-to-university-l19182.html,[],,INFERRED from route unless landing heading verified,,[],False,False
category:8dec85dc8a2dbbd0,ZARA HOME,,FRAGRANCES | PUMPKIN SPICE,fragrances | pumpkin spice,https://www.zara.com/us/en/home-fragrances-l2091.html,UNKNOWN,,,,,,https://www.zara.com/us/en/woman-dresses-l1066.html,,DISCOVERED,category:8dec85dc8a2dbbd0,https://www.zara.com/us/en/home-fragrances-l2091.html,[],,INFERRED from route unless landing heading verified,,[],False,False
category:61845b37ddde3940,UNCLASSIFIED,,GIFT CARD,gift card,https://www.zara.com/us/en/z-giftcard-mkt1394.html,UNKNOWN,,,,,,https://www.zara.com/us/en/woman-dresses-l1066.html,,DISCOVERED,category:61845b37ddde3940,https://www.zara.com/us/en/z-giftcard-mkt1394.html,[],,INFERRED from route unless landing heading verified,,[],False,False
category:fc9602d11b623314,UNCLASSIFIED,,JOIN LIFE,join life,https://www.zara.com/us/en/z-join-life-mkt1399.html,UNKNOWN,,,,,,https://www.zara.com/us/en/woman-dresses-l1066.html,,DISCOVERED,category:fc9602d11b623314,https://www.zara.com/us/en/z-join-life-mkt1399.html,[],,INFERRED from route unless landing heading verified,,[],False,False
category:740a092707a34527,UNCLASSIFIED,,CAREERS,careers,https://www.zara.com/us/en/work-with-us-mkt8081.html,UNKNOWN,,,,,,https://www.zara.com/us/en/woman-dresses-l1066.html,,DISCOVERED,category:740a092707a34527,https://www.zara.com/us/en/work-with-us-mkt8081.html,[],,INFERRED from route unless landing heading verified,,[],False,False
category:b645e199cccc9afe,WOMAN,,THE NEW,the new,https://www.zara.com/us/en/woman-creativity-newin-l18378.html,UNKNOWN,,,,,,https://www.zara.com/us/en/woman-dresses-l1066.html,,DISCOVERED,category:b645e199cccc9afe,https://www.zara.com/us/en/woman-creativity-newin-l18378.html,[],,INFERRED from route unless landing heading verified,,[],False,False
category:46e25d4f198dbeb4,WOMAN,,ITEMS 40% OFF,items 40% off,https://www.zara.com/us/en/woman-creativity-20-l18571.html,UNKNOWN,,,,,,https://www.zara.com/us/en/woman-dresses-l1066.html,,DISCOVERED,category:46e25d4f198dbeb4,https://www.zara.com/us/en/woman-creativity-20-l18571.html,[],,INFERRED from route unless landing heading verified,,[],False,False
category:1dcf066360fa46bf,WOMAN,,JACKETS,jackets,https://www.zara.com/us/en/woman-creativity-07-l17921.html,UNKNOWN,,,,,,https://www.zara.com/us/en/woman-dresses-l1066.html,,DISCOVERED,category:1dcf066360fa46bf,https://www.zara.com/us/en/woman-creativity-07-l17921.html,[],,INFERRED from route unless landing heading verified,,[],False,False
category:02ec67d453bbd3ed,WOMAN,,JEANS,jeans,https://www.zara.com/us/en/woman-creativity-06-l17922.html,UNKNOWN,,,,,,https://www.zara.com/us/en/woman-dresses-l1066.html,,DISCOVERED,category:02ec67d453bbd3ed,https://www.zara.com/us/en/woman-creativity-06-l17922.html,[],,INFERRED from route unless landing heading verified,,[],False,False
category:87411e5a9e24d754,WOMAN,,KNITWEAR,knitwear,https://www.zara.com/us/en/woman-creativity-17-l18158.html,UNKNOWN,,,,,,https://www.zara.com/us/en/woman-dresses-l1066.html,,DISCOVERED,category:87411e5a9e24d754,https://www.zara.com/us/en/woman-creativity-17-l18158.html,[],,INFERRED from route unless landing heading verified,,[],False,False
category:1dbeb86c82b928bc,UNCLASSIFIED,,,,https://www.zara.com/us/en/benito-antonio-mkt18018.html,UNKNOWN,,,,,,https://www.zara.com/us/en/woman-dresses-l1066.html,,DISCOVERED,category:1dbeb86c82b928bc,https://www.zara.com/us/en/benito-antonio-mkt18018.html,[],,INFERRED from route unless landing heading verified,,[],False,False
category:9c9a0bb9ba1bfc2b,MAN,,THE NEW,the new,https://www.zara.com/us/en/man-new-in-l711.html,UNKNOWN,,,,,,https://www.zara.com/us/en/woman-dresses-l1066.html,,DISCOVERED,category:9c9a0bb9ba1bfc2b,https://www.zara.com/us/en/man-new-in-l711.html,[],,INFERRED from route unless landing heading verified,,[],False,False
category:bda7d07a493c245e,MAN,,0FR. PARIS and ZARA,0fr. paris and zara,https://www.zara.com/us/en/man-ofr-collection-l19284.html,UNKNOWN,,,,,,https://www.zara.com/us/en/woman-dresses-l1066.html,,DISCOVERED,category:bda7d07a493c245e,https://www.zara.com/us/en/man-ofr-collection-l19284.html,[],,INFERRED from route unless landing heading verified,,[],False,False
category:a2e75e05a674ec44,MAN,,POLOS | RUGBIES,polos | rugbies,https://www.zara.com/us/en/man-polos-l733.html,UNKNOWN,,,,,,https://www.zara.com/us/en/woman-dresses-l1066.html,,DISCOVERED,category:a2e75e05a674ec44,https://www.zara.com/us/en/man-polos-l733.html,[],,INFERRED from route unless landing heading verified,,[],False,False
category:b547c2f0c580d495,MAN,,PANTS,pants,https://www.zara.com/us/en/man-trousers-l838.html,UNKNOWN,,,,,,https://www.zara.com/us/en/woman-dresses-l1066.html,,DISCOVERED,category:b547c2f0c580d495,https://www.zara.com/us/en/man-trousers-l838.html,[],,INFERRED from route unless landing heading verified,,[],False,False
category:f25796d606bb880b,MAN,,ORIGINS,origins,https://www.zara.com/us/en/man-origins-l16501.html,UNKNOWN,,,,,,https://www.zara.com/us/en/woman-dresses-l1066.html,,DISCOVERED,category:f25796d606bb880b,https://www.zara.com/us/en/man-origins-l16501.html,[],,INFERRED from route unless landing heading verified,,[],False,False
category:cc91617f03b4dc64,MAN,,SPORTSWEAR,sportswear,https://www.zara.com/us/en/man-athleticz-l16648.html,UNKNOWN,,,,,,https://www.zara.com/us/en/woman-dresses-l1066.html,,DISCOVERED,category:cc91617f03b4dc64,https://www.zara.com/us/en/man-athleticz-l16648.html,[],,INFERRED from route unless landing heading verified,,[],False,False
category:e5be391cbebbda36,ZARA HOME,,,,https://www.zara.com/us/en/home-new-in-l2086.html,UNKNOWN,,,,,,https://www.zara.com/us/en/woman-dresses-l1066.html,,DISCOVERED,category:e5be391cbebbda36,https://www.zara.com/us/en/home-new-in-l2086.html,[],,INFERRED from route unless landing heading verified,,[],False,False
category:c49ece4963ccfbbf,ZARA HOME,,0FR. PARIS and ZARA,0fr. paris and zara,https://www.zara.com/us/en/home-0fr-l19252.html,UNKNOWN,,,,,,https://www.zara.com/us/en/woman-dresses-l1066.html,,DISCOVERED,category:c49ece4963ccfbbf,https://www.zara.com/us/en/home-0fr-l19252.html,[],,INFERRED from route unless landing heading verified,,[],False,False
category:0a7fe44d7e12a435,UNCLASSIFIED,,ROMANTIC COLLECTION,romantic collection,https://www.zara.com/us/en/romantic-collection-l19183.html,UNKNOWN,,,,,,https://www.zara.com/us/en/woman-dresses-l1066.html,,DISCOVERED,category:0a7fe44d7e12a435,https://www.zara.com/us/en/romantic-collection-l19183.html,[],,INFERRED from route unless landing heading verified,,[],False,False
category:8bc2ab61f4e1ce69,UNCLASSIFIED,,FRAGRANCES | PUMPKIN SPICE,fragrances | pumpkin spice,https://www.zara.com/us/en/pumpkin-spice-l19178.html,UNKNOWN,,,,,,https://www.zara.com/us/en/woman-dresses-l1066.html,,DISCOVERED,category:8bc2ab61f4e1ce69,https://www.zara.com/us/en/pumpkin-spice-l19178.html,[],,INFERRED from route unless landing heading verified,,[],False,False
category:26d5c2489af47267,ZARA HOME,,ADVENTURES,adventures,https://www.zara.com/us/en/home-adventures-l18729.html,UNKNOWN,,,,,,https://www.zara.com/us/en/woman-dresses-l1066.html,,DISCOVERED,category:26d5c2489af47267,https://www.zara.com/us/en/home-adventures-l18729.html,[],,INFERRED from route unless landing heading verified,,[],False,False
category:2b9c31507cc00363,ZARA HOME,category:e8c57bd685bf505a,Children’s Home Collection | ZARA United States,children’s home collection | zara united states,https://www.zara.com/us/en/home-kids-new-in-l3974.html,PRODUCT_LISTING_CATEGORY,2,True,,,False,https://www.zara.com/us/en/woman-dresses-l1066.html,2026-09-06T04:49:47.082Z,PARTIAL,category:2b9c31507cc00363,https://www.zara.com/us/en/home-kids-new-in-l3974.html,"[""https://www.zara.com/us/en/home-kids-new-in-l3974.html#main""]",data\raw\zara\repair\home_kids.json,INFERRED from route unless landing heading verified,154,[],False,True
category:9c62f5f76cdec6d4,ZARA HOME,,VIEW ALL,view all,https://www.zara.com/us/en/home-kids-view-all-l3049.html,UNKNOWN,,,,,,https://www.zara.com/us/en/woman-dresses-l1066.html,,DISCOVERED,category:9c62f5f76cdec6d4,https://www.zara.com/us/en/home-kids-view-all-l3049.html,[],,INFERRED from route unless landing heading verified,,[],False,False
category:5ea61145d5f95482,ZARA HOME,,BACK TO SCHOOL EDIT,back to school edit,https://www.zara.com/us/en/home-back-to-school-editorial-l19259.html,UNKNOWN,,,,,,https://www.zara.com/us/en/woman-dresses-l1066.html,,DISCOVERED,category:5ea61145d5f95482,https://www.zara.com/us/en/home-back-to-school-editorial-l19259.html,[],,INFERRED from route unless landing heading verified,,[],False,False
category:d2621b25361faf87,UNCLASSIFIED,,MONSTERS INC. ©Disney/Pixar,monsters inc. ©disney/pixar,https://www.zara.com/us/en/monsters-l18726.html,UNKNOWN,,,,,,https://www.zara.com/us/en/woman-dresses-l1066.html,,DISCOVERED,category:d2621b25361faf87,https://www.zara.com/us/en/monsters-l18726.html,[],,INFERRED from route unless landing heading verified,,[],False,False
category:3da54269ca9618e9,ZARA HOME,,SPACE EXPLORERS,space explorers,https://www.zara.com/us/en/home-kids-limoncella-l17534.html,UNKNOWN,,,,,,https://www.zara.com/us/en/woman-dresses-l1066.html,,DISCOVERED,category:3da54269ca9618e9,https://www.zara.com/us/en/home-kids-limoncella-l17534.html,[],,INFERRED from route unless landing heading verified,,[],False,False
category:11d55fc495342d0b,ZARA HOME,,,,https://www.zara.com/us/en/home-kiosco-l5293.html,UNKNOWN,,,,,,https://www.zara.com/us/en/woman-dresses-l1066.html,,DISCOVERED,category:11d55fc495342d0b,https://www.zara.com/us/en/home-kiosco-l5293.html,[],,INFERRED from route unless landing heading verified,,[],False,False
category:392d46a3c4e9b240,ZARA HOME,,,,https://www.zara.com/us/en/home-games-sports-l15878.html,UNKNOWN,,,,,,https://www.zara.com/us/en/woman-dresses-l1066.html,,DISCOVERED,category:392d46a3c4e9b240,https://www.zara.com/us/en/home-games-sports-l15878.html,[],,INFERRED from route unless landing heading verified,,[],False,False
category:ac3cbcbf1c7e0065,UNCLASSIFIED,,,,https://www.zara.com/us/en/music-photography-l17870.html,UNKNOWN,,,,,,https://www.zara.com/us/en/woman-dresses-l1066.html,,DISCOVERED,category:ac3cbcbf1c7e0065,https://www.zara.com/us/en/music-photography-l17870.html,[],,INFERRED from route unless landing heading verified,,[],False,False
category:e03e33b85112bee3,ZARA HOME,,,,https://www.zara.com/us/en/home-travel-l17621.html,UNKNOWN,,,,,,https://www.zara.com/us/en/woman-dresses-l1066.html,,DISCOVERED,category:e03e33b85112bee3,https://www.zara.com/us/en/home-travel-l17621.html,[],,INFERRED from route unless landing heading verified,,[],False,False
category:5e9905b72ecfe97b,ZARA HOME,,,,https://www.zara.com/us/en/home-katherine-l18730.html,UNKNOWN,,,,,,https://www.zara.com/us/en/woman-dresses-l1066.html,,DISCOVERED,category:5e9905b72ecfe97b,https://www.zara.com/us/en/home-katherine-l18730.html,[],,INFERRED from route unless landing heading verified,,[],False,False
category:3d75b14e670e3432,ZARA HOME,,,,https://www.zara.com/us/en/home-vvd-collection-l5438.html,UNKNOWN,,,,,,https://www.zara.com/us/en/woman-dresses-l1066.html,,DISCOVERED,category:3d75b14e670e3432,https://www.zara.com/us/en/home-vvd-collection-l5438.html,[],,INFERRED from route unless landing heading verified,,[],False,False
category:4b9f0181cd3eb1fa,WOMAN,,PERFUMES,perfumes,https://www.zara.com/us/en/woman-accessories-perfumes-l1017.html,UNKNOWN,,,,,,https://www.zara.com/us/en/woman-dresses-l1066.html,,DISCOVERED,category:4b9f0181cd3eb1fa,https://www.zara.com/us/en/woman-accessories-perfumes-l1017.html,[],,INFERRED from route unless landing heading verified,,[],False,False
category:62d82008c12af522,MASSIMO DUTTI,,PANTS,pants,https://www.zara.com/us/en/massimo-dutti-woman-crochet-l7638.html,UNKNOWN,,,,,,https://www.zara.com/us/en/woman-dresses-l1066.html,,DISCOVERED,category:62d82008c12af522,https://www.zara.com/us/en/massimo-dutti-woman-crochet-l7638.html,[],,INFERRED from route unless landing heading verified,,[],False,False
category:90b82e1e419997c0,MASSIMO DUTTI,,BACK TO OFFICE,back to office,https://www.zara.com/us/en/massimo-dutti-man-miami-collection-l8182.html,UNKNOWN,,,,,,https://www.zara.com/us/en/woman-dresses-l1066.html,,DISCOVERED,category:90b82e1e419997c0,https://www.zara.com/us/en/massimo-dutti-man-miami-collection-l8182.html,[],,INFERRED from route unless landing heading verified,,[],False,False
category:5938644fa7d3f8a0,MASSIMO DUTTI,,LEATHER,leather,https://www.zara.com/us/en/massimo-dutti-woman-studio-mkt5803.html,UNKNOWN,,,,,,https://www.zara.com/us/en/woman-dresses-l1066.html,,DISCOVERED,category:5938644fa7d3f8a0,https://www.zara.com/us/en/massimo-dutti-woman-studio-mkt5803.html,[],,INFERRED from route unless landing heading verified,,[],False,False
category:852b70e7018666d1,MASSIMO DUTTI,,SHIRTS,shirts,https://www.zara.com/us/en/massimo-dutti-woman-exclusive-mkt8116.html,UNKNOWN,,,,,,https://www.zara.com/us/en/woman-dresses-l1066.html,,DISCOVERED,category:852b70e7018666d1,https://www.zara.com/us/en/massimo-dutti-woman-exclusive-mkt8116.html,[],,INFERRED from route unless landing heading verified,,[],False,False
category:587ac96c9d6ee39d,PRE-OWNED,,SECONDHAND,secondhand,https://www.zara.com/us/en/preowned-l5794.html,UNKNOWN,,,,,,https://www.zara.com/us/en/woman-dresses-l1066.html,,DISCOVERED,category:587ac96c9d6ee39d,https://www.zara.com/us/en/preowned-l5794.html,[],,INFERRED from route unless landing heading verified,,[],False,False
category:a681ccfad2d5fffb,PRE-OWNED,,REPAIR,repair,https://www.zara.com/us/en/preowned-repair-l5796.html,UNKNOWN,,,,,,https://www.zara.com/us/en/woman-dresses-l1066.html,,DISCOVERED,category:a681ccfad2d5fffb,https://www.zara.com/us/en/preowned-repair-l5796.html,[],,INFERRED from route unless landing heading verified,,[],False,False
category:edda2eb19703dce7,PRE-OWNED,,DONATE,donate,https://www.zara.com/us/en/preowned-donate-l5798.html,UNKNOWN,,,,,,https://www.zara.com/us/en/woman-dresses-l1066.html,,DISCOVERED,category:edda2eb19703dce7,https://www.zara.com/us/en/preowned-donate-l5798.html,[],,INFERRED from route unless landing heading verified,,[],False,False
category:0c56c71e54df6d86,TRAVEL MODE,,,,https://www.zara.com/us/en/zara-travel-l15659.html,UNKNOWN,,,,,,https://www.zara.com/us/en/woman-dresses-l1066.html,,DISCOVERED,category:0c56c71e54df6d86,https://www.zara.com/us/en/zara-travel-l15659.html,[],,INFERRED from route unless landing heading verified,,[],False,False
category:d938611322a35224,UNCLASSIFIED,,03,03,https://www.zara.com/us/en/-c2732946.html,UNKNOWN,,,,,,https://www.zara.com/us/en/woman-dresses-midi-l1081.html,,DISCOVERED,category:d938611322a35224,https://www.zara.com/us/en/-c2732946.html,[],,INFERRED from route unless landing heading verified,,[],False,False
category:36fb9a9dc17ab899,WOMAN,,WOMEN'S LOAFERS,women's loafers,https://www.zara.com/us/en/woman-shoes-moccasins-l2260.html,UNKNOWN,,,,,,https://www.zara.com/us/en/woman-dresses-midi-l1081.html,,DISCOVERED,category:36fb9a9dc17ab899,https://www.zara.com/us/en/woman-shoes-moccasins-l2260.html,[],,INFERRED from route unless landing heading verified,,[],False,False
category:a9be43ff6da80742,WOMAN,,WOMEN'S ANKLE BOOTS & BOOTIES,women's ankle boots & booties,https://www.zara.com/us/en/woman-shoes-ankle-boots-l1259.html,UNKNOWN,,,,,,https://www.zara.com/us/en/woman-dresses-midi-l1081.html,,DISCOVERED,category:a9be43ff6da80742,https://www.zara.com/us/en/woman-shoes-ankle-boots-l1259.html,[],,INFERRED from route unless landing heading verified,,[],False,False
category:502752a1acab7ef8,WOMAN,,WOMEN'S SANDALS,women's sandals,https://www.zara.com/us/en/woman-shoes-sandals-l1280.html,UNKNOWN,,,,,,https://www.zara.com/us/en/woman-dresses-midi-l1081.html,,DISCOVERED,category:502752a1acab7ef8,https://www.zara.com/us/en/woman-shoes-sandals-l1280.html,[],,INFERRED from route unless landing heading verified,,[],False,False
category:984ade9ed69daa7a,WOMAN,,WOMEN'S LEATHER BAGS,women's leather bags,https://www.zara.com/us/en/woman-bags-leather-l1041.html,UNKNOWN,,,,,,https://www.zara.com/us/en/woman-dresses-midi-l1081.html,,DISCOVERED,category:984ade9ed69daa7a,https://www.zara.com/us/en/woman-bags-leather-l1041.html,[],,INFERRED from route unless landing heading verified,,[],False,False
category:252f62829774f01a,WOMAN,,,,https://www.zara.com/us/en/woman-dresses-midi-l1081.html?page=2,UNKNOWN,,,,,,https://www.zara.com/us/en/woman-dresses-midi-l1081.html,,DISCOVERED,category:252f62829774f01a,https://www.zara.com/us/en/woman-dresses-midi-l1081.html?page=2,[],,INFERRED from route unless landing heading verified,,[],False,False
category:7b52be466f40aa81,WOMAN,,SUMMER MINI DRESS WOMAN,summer mini dress woman,https://www.zara.com/us/en/woman-summer-mini-dress-l18111.html,UNKNOWN,,,,,,https://www.zara.com/us/en/woman-dresses-mini-l1083.html,,DISCOVERED,category:7b52be466f40aa81,https://www.zara.com/us/en/woman-summer-mini-dress-l18111.html,[],,INFERRED from route unless landing heading verified,,[],False,False
category:216b827ccd2aabef,WOMAN,,LINEN MINI DRESS WOMAN,linen mini dress woman,https://www.zara.com/us/en/woman-linen-mini-dress-l18129.html,UNKNOWN,,,,,,https://www.zara.com/us/en/woman-dresses-mini-l1083.html,,DISCOVERED,category:216b827ccd2aabef,https://www.zara.com/us/en/woman-linen-mini-dress-l18129.html,[],,INFERRED from route unless landing heading verified,,[],False,False
category:f60e0f7f50502cbf,WOMAN,,PINK MINI DRESS WOMAN,pink mini dress woman,https://www.zara.com/us/en/woman-pink-mini-dress-l17957.html,UNKNOWN,,,,,,https://www.zara.com/us/en/woman-dresses-mini-l1083.html,,DISCOVERED,category:f60e0f7f50502cbf,https://www.zara.com/us/en/woman-pink-mini-dress-l17957.html,[],,INFERRED from route unless landing heading verified,,[],False,False
category:7911b3f40c90dc70,WOMAN,,BLACK LACE MINI DRESS WOMAN,black lace mini dress woman,https://www.zara.com/us/en/woman-black-lace-mini-dress-l18405.html,UNKNOWN,,,,,,https://www.zara.com/us/en/woman-dresses-mini-l1083.html,,DISCOVERED,category:7911b3f40c90dc70,https://www.zara.com/us/en/woman-black-lace-mini-dress-l18405.html,[],,INFERRED from route unless landing heading verified,,[],False,False
category:33e189a25f3eeed0,WOMAN,,LACE MINI SKIRT WOMAN,lace mini skirt woman,https://www.zara.com/us/en/woman-lace-mini-skirt-l18257.html,UNKNOWN,,,,,,https://www.zara.com/us/en/woman-dresses-mini-l1083.html,,DISCOVERED,category:33e189a25f3eeed0,https://www.zara.com/us/en/woman-lace-mini-skirt-l18257.html,[],,INFERRED from route unless landing heading verified,,[],False,False
category:a6fc7c4ba94ac15e,WOMAN,,CREAM MINI DRESS WOMAN,cream mini dress woman,https://www.zara.com/us/en/woman-cream-mini-dress-l18132.html,UNKNOWN,,,,,,https://www.zara.com/us/en/woman-dresses-mini-l1083.html,,DISCOVERED,category:a6fc7c4ba94ac15e,https://www.zara.com/us/en/woman-cream-mini-dress-l18132.html,[],,INFERRED from route unless landing heading verified,,[],False,False
category:36962973c49d194e,WOMAN,,BACKLESS MINI DRESS WOMAN,backless mini dress woman,https://www.zara.com/us/en/woman-backless-mini-dress-l18117.html,UNKNOWN,,,,,,https://www.zara.com/us/en/woman-dresses-mini-l1083.html,,DISCOVERED,category:36962973c49d194e,https://www.zara.com/us/en/woman-backless-mini-dress-l18117.html,[],,INFERRED from route unless landing heading verified,,[],False,False
category:f75ad427777522c8,WOMAN,,NAVY MINI DRESS WOMAN,navy mini dress woman,https://www.zara.com/us/en/woman-navy-mini-dress-l18123.html,UNKNOWN,,,,,,https://www.zara.com/us/en/woman-dresses-mini-l1083.html,,DISCOVERED,category:f75ad427777522c8,https://www.zara.com/us/en/woman-navy-mini-dress-l18123.html,[],,INFERRED from route unless landing heading verified,,[],False,False
category:74bd62717beeaa6d,WOMAN,,WHITE LACE MINI DRESS WOMAN,white lace mini dress woman,https://www.zara.com/us/en/woman-white-lace-mini-dress-l18876.html,UNKNOWN,,,,,,https://www.zara.com/us/en/woman-dresses-mini-l1083.html,,DISCOVERED,category:74bd62717beeaa6d,https://www.zara.com/us/en/woman-white-lace-mini-dress-l18876.html,[],,INFERRED from route unless landing heading verified,,[],False,False
category:54c6ec4114b1a12f,WOMAN,,BROWN MINI DRESS WOMAN,brown mini dress woman,https://www.zara.com/us/en/woman-brown-mini-dress-l18108.html,UNKNOWN,,,,,,https://www.zara.com/us/en/woman-dresses-mini-l1083.html,,DISCOVERED,category:54c6ec4114b1a12f,https://www.zara.com/us/en/woman-brown-mini-dress-l18108.html,[],,INFERRED from route unless landing heading verified,,[],False,False
category:7870492160885f7e,WOMAN,,GREY MINI DRESS WOMAN,grey mini dress woman,https://www.zara.com/us/en/woman-grey-mini-dress-l18110.html,UNKNOWN,,,,,,https://www.zara.com/us/en/woman-dresses-mini-l1083.html,,DISCOVERED,category:7870492160885f7e,https://www.zara.com/us/en/woman-grey-mini-dress-l18110.html,[],,INFERRED from route unless landing heading verified,,[],False,False
category:a1de96c00c591e5d,WOMAN,,PLAID MINI DRESS WOMAN,plaid mini dress woman,https://www.zara.com/us/en/woman-plaid-mini-dress-l18206.html,UNKNOWN,,,,,,https://www.zara.com/us/en/woman-dresses-mini-l1083.html,,DISCOVERED,category:a1de96c00c591e5d,https://www.zara.com/us/en/woman-plaid-mini-dress-l18206.html,[],,INFERRED from route unless landing heading verified,,[],False,False
category:dfc47d0e7d20f532,WOMAN,,WHITE MINI DRESS WOMAN,white mini dress woman,https://www.zara.com/us/en/woman-white-mini-dress-l18384.html,UNKNOWN,,,,,,https://www.zara.com/us/en/woman-dresses-mini-l1083.html,,DISCOVERED,category:dfc47d0e7d20f532,https://www.zara.com/us/en/woman-white-mini-dress-l18384.html,[],,INFERRED from route unless landing heading verified,,[],False,False
category:d07b261f19a2e9f5,WOMAN,,V-NECK MINI DRESS WOMAN,v-neck mini dress woman,https://www.zara.com/us/en/woman-v-neck-mini-dress-l18128.html,UNKNOWN,,,,,,https://www.zara.com/us/en/woman-dresses-mini-l1083.html,,DISCOVERED,category:d07b261f19a2e9f5,https://www.zara.com/us/en/woman-v-neck-mini-dress-l18128.html,[],,INFERRED from route unless landing heading verified,,[],False,False
category:c87482cbfb480900,WOMAN,,PURPLE MINI DRESS WOMAN,purple mini dress woman,https://www.zara.com/us/en/woman-purple-mini-dress-l18124.html,UNKNOWN,,,,,,https://www.zara.com/us/en/woman-dresses-mini-l1083.html,,DISCOVERED,category:c87482cbfb480900,https://www.zara.com/us/en/woman-purple-mini-dress-l18124.html,[],,INFERRED from route unless landing heading verified,,[],False,False
category:c1412b0d314aba3a,WOMAN,,YELLOW MINI DRESS WOMAN,yellow mini dress woman,https://www.zara.com/us/en/woman-yellow-mini-dress-l18076.html,UNKNOWN,,,,,,https://www.zara.com/us/en/woman-dresses-mini-l1083.html,,DISCOVERED,category:c1412b0d314aba3a,https://www.zara.com/us/en/woman-yellow-mini-dress-l18076.html,[],,INFERRED from route unless landing heading verified,,[],False,False
category:3e6f5caf19d12b31,WOMAN,,ORANGE MINI DRESS WOMAN,orange mini dress woman,https://www.zara.com/us/en/woman-orange-mini-dress-l18135.html,UNKNOWN,,,,,,https://www.zara.com/us/en/woman-dresses-mini-l1083.html,,DISCOVERED,category:3e6f5caf19d12b31,https://www.zara.com/us/en/woman-orange-mini-dress-l18135.html,[],,INFERRED from route unless landing heading verified,,[],False,False
category:016d4d9e3fa8b652,WOMAN,,BLUE MINI DRESS WOMAN,blue mini dress woman,https://www.zara.com/us/en/woman-blue-mini-dress-l18077.html,UNKNOWN,,,,,,https://www.zara.com/us/en/woman-dresses-mini-l1083.html,,DISCOVERED,category:016d4d9e3fa8b652,https://www.zara.com/us/en/woman-blue-mini-dress-l18077.html,[],,INFERRED from route unless landing heading verified,,[],False,False
category:0e176e96a1756996,WOMAN,,RED MINI DRESS WOMAN,red mini dress woman,https://www.zara.com/us/en/woman-red-mini-dress-l17959.html,UNKNOWN,,,,,,https://www.zara.com/us/en/woman-dresses-mini-l1083.html,,DISCOVERED,category:0e176e96a1756996,https://www.zara.com/us/en/woman-red-mini-dress-l17959.html,[],,INFERRED from route unless landing heading verified,,[],False,False
category:94f0b241aadd69e6,WOMAN,,GREEN MINI DRESS WOMAN,green mini dress woman,https://www.zara.com/us/en/woman-green-mini-dress-l18080.html,UNKNOWN,,,,,,https://www.zara.com/us/en/woman-dresses-mini-l1083.html,,DISCOVERED,category:94f0b241aadd69e6,https://www.zara.com/us/en/woman-green-mini-dress-l18080.html,[],,INFERRED from route unless landing heading verified,,[],False,False
category:7b9532da3a601768,WOMAN,,MINI COCKTAIL DRESS WOMAN,mini cocktail dress woman,https://www.zara.com/us/en/woman-mini-cocktail-dress-l18894.html,UNKNOWN,,,,,,https://www.zara.com/us/en/woman-dresses-mini-l1083.html,,DISCOVERED,category:7b9532da3a601768,https://www.zara.com/us/en/woman-mini-cocktail-dress-l18894.html,[],,INFERRED from route unless landing heading verified,,[],False,False
category:9c294530aea2e8e8,WOMAN,,MINI DENIM SKIRT WOMAN,mini denim skirt woman,https://www.zara.com/us/en/woman-mini-denim-skirt-l18593.html,UNKNOWN,,,,,,https://www.zara.com/us/en/woman-dresses-mini-l1083.html,,DISCOVERED,category:9c294530aea2e8e8,https://www.zara.com/us/en/woman-mini-denim-skirt-l18593.html,[],,INFERRED from route unless landing heading verified,,[],False,False
category:1e1433fcbd77fb1b,WOMAN,,SPARKLY MINI SKIRT WOMAN,sparkly mini skirt woman,https://www.zara.com/us/en/woman-sparkly-mini-skirt-l18217.html,UNKNOWN,,,,,,https://www.zara.com/us/en/woman-dresses-mini-l1083.html,,DISCOVERED,category:1e1433fcbd77fb1b,https://www.zara.com/us/en/woman-sparkly-mini-skirt-l18217.html,[],,INFERRED from route unless landing heading verified,,[],False,False
category:daea62f9373ee73e,WOMAN,,DENIM MINI SKIRT WOMAN,denim mini skirt woman,https://www.zara.com/us/en/woman-denim-mini-skirt-l18222.html,UNKNOWN,,,,,,https://www.zara.com/us/en/woman-dresses-mini-l1083.html,,DISCOVERED,category:daea62f9373ee73e,https://www.zara.com/us/en/woman-denim-mini-skirt-l18222.html,[],,INFERRED from route unless landing heading verified,,[],False,False
category:64c5c7ba2f2ebf7e,WOMAN,,PLEATED MINI SKIRT WOMAN,pleated mini skirt woman,https://www.zara.com/us/en/woman-pleated-mini-skirt-l18211.html,UNKNOWN,,,,,,https://www.zara.com/us/en/woman-dresses-mini-l1083.html,,DISCOVERED,category:64c5c7ba2f2ebf7e,https://www.zara.com/us/en/woman-pleated-mini-skirt-l18211.html,[],,INFERRED from route unless landing heading verified,,[],False,False
category:46be5587af404a43,WOMAN,,SEQUIN MINI DRESS WOMAN,sequin mini dress woman,https://www.zara.com/us/en/woman-sequin-mini-dress-l17963.html,UNKNOWN,,,,,,https://www.zara.com/us/en/woman-dresses-mini-l1083.html,,DISCOVERED,category:46be5587af404a43,https://www.zara.com/us/en/woman-sequin-mini-dress-l17963.html,[],,INFERRED from route unless landing heading verified,,[],False,False
category:128678e04383fbe8,WOMAN,,PINK MINI SKIRT WOMAN,pink mini skirt woman,https://www.zara.com/us/en/woman-pink-mini-skirt-l18245.html,UNKNOWN,,,,,,https://www.zara.com/us/en/woman-dresses-mini-l1083.html,,DISCOVERED,category:128678e04383fbe8,https://www.zara.com/us/en/woman-pink-mini-skirt-l18245.html,[],,INFERRED from route unless landing heading verified,,[],False,False
category:e3550af106e7c2df,WOMAN,,LEATHER MINI SKIRT WOMAN,leather mini skirt woman,https://www.zara.com/us/en/woman-leather-mini-skirt-l18216.html,UNKNOWN,,,,,,https://www.zara.com/us/en/woman-dresses-mini-l1083.html,,DISCOVERED,category:e3550af106e7c2df,https://www.zara.com/us/en/woman-leather-mini-skirt-l18216.html,[],,INFERRED from route unless landing heading verified,,[],False,False
category:859ce5c6e0b243df,WOMAN,,RUFFLE MINI DRESS WOMAN,ruffle mini dress woman,https://www.zara.com/us/en/woman-ruffle-mini-dress-l18136.html,UNKNOWN,,,,,,https://www.zara.com/us/en/woman-dresses-mini-l1083.html,,DISCOVERED,category:859ce5c6e0b243df,https://www.zara.com/us/en/woman-ruffle-mini-dress-l18136.html,[],,INFERRED from route unless landing heading verified,,[],False,False
category:ffdfbc68b8e7865f,WOMAN,,SEQUIN MINI SKIRT WOMAN,sequin mini skirt woman,https://www.zara.com/us/en/woman-sequin-mini-skirt-l18214.html,UNKNOWN,,,,,,https://www.zara.com/us/en/woman-dresses-mini-l1083.html,,DISCOVERED,category:ffdfbc68b8e7865f,https://www.zara.com/us/en/woman-sequin-mini-skirt-l18214.html,[],,INFERRED from route unless landing heading verified,,[],False,False
category:5ceaddea4a18d7a0,WOMAN,,BROWN MINI SKIRT WOMAN,brown mini skirt woman,https://www.zara.com/us/en/woman-brown-mini-skirt-l18231.html,UNKNOWN,,,,,,https://www.zara.com/us/en/woman-dresses-mini-l1083.html,,DISCOVERED,category:5ceaddea4a18d7a0,https://www.zara.com/us/en/woman-brown-mini-skirt-l18231.html,[],,INFERRED from route unless landing heading verified,,[],False,False
category:c63013a6567642db,WOMAN,,BLACK MINI SKIRT WOMAN,black mini skirt woman,https://www.zara.com/us/en/woman-black-mini-skirt-l18223.html,UNKNOWN,,,,,,https://www.zara.com/us/en/woman-dresses-mini-l1083.html,,DISCOVERED,category:c63013a6567642db,https://www.zara.com/us/en/woman-black-mini-skirt-l18223.html,[],,INFERRED from route unless landing heading verified,,[],False,False
category:2ff285d6b9e6b9ab,WOMAN,,MINI DENIM SHORTS WOMAN,mini denim shorts woman,https://www.zara.com/us/en/woman-mini-denim-shorts-l18616.html,UNKNOWN,,,,,,https://www.zara.com/us/en/woman-dresses-mini-l1083.html,,DISCOVERED,category:2ff285d6b9e6b9ab,https://www.zara.com/us/en/woman-mini-denim-shorts-l18616.html,[],,INFERRED from route unless landing heading verified,,[],False,False
category:27646e2a3c77331a,WOMAN,,BLUE MINI SKIRT WOMAN,blue mini skirt woman,https://www.zara.com/us/en/woman-blue-mini-skirt-l18647.html,UNKNOWN,,,,,,https://www.zara.com/us/en/woman-dresses-mini-l1083.html,,DISCOVERED,category:27646e2a3c77331a,https://www.zara.com/us/en/woman-blue-mini-skirt-l18647.html,[],,INFERRED from route unless landing heading verified,,[],False,False
category:4d2871503c98bd9c,WOMAN,,BLACK MINI SHORTS WOMAN,black mini shorts woman,https://www.zara.com/us/en/woman-black-mini-shorts-l18615.html,UNKNOWN,,,,,,https://www.zara.com/us/en/woman-dresses-mini-l1083.html,,DISCOVERED,category:4d2871503c98bd9c,https://www.zara.com/us/en/woman-black-mini-shorts-l18615.html,[],,INFERRED from route unless landing heading verified,,[],False,False
category:84489c2d4d3f15e8,WOMAN,,GRADUATION MINI DRESS WOMAN,graduation mini dress woman,https://www.zara.com/us/en/woman-graduation-mini-dress-l18137.html,UNKNOWN,,,,,,https://www.zara.com/us/en/woman-dresses-mini-l1083.html,,DISCOVERED,category:84489c2d4d3f15e8,https://www.zara.com/us/en/woman-graduation-mini-dress-l18137.html,[],,INFERRED from route unless landing heading verified,,[],False,False
category:b7f62464e78aff36,WOMAN,,WHITE MINI SKIRT WOMAN,white mini skirt woman,https://www.zara.com/us/en/woman-white-mini-skirt-l18215.html,UNKNOWN,,,,,,https://www.zara.com/us/en/woman-dresses-mini-l1083.html,,DISCOVERED,category:b7f62464e78aff36,https://www.zara.com/us/en/woman-white-mini-skirt-l18215.html,[],,INFERRED from route unless landing heading verified,,[],False,False
category:4baa8a4eccc8488f,WOMAN,,GREEN MINI SKIRT WOMAN,green mini skirt woman,https://www.zara.com/us/en/woman-green-mini-skirt-l18261.html,UNKNOWN,,,,,,https://www.zara.com/us/en/woman-dresses-mini-l1083.html,,DISCOVERED,category:4baa8a4eccc8488f,https://www.zara.com/us/en/woman-green-mini-skirt-l18261.html,[],,INFERRED from route unless landing heading verified,,[],False,False
category:179fbe890de41a93,WOMAN,,LOW RISE MINI SHORTS WOMAN,low rise mini shorts woman,https://www.zara.com/us/en/woman-low-rise-mini-shorts-l18617.html,UNKNOWN,,,,,,https://www.zara.com/us/en/woman-dresses-mini-l1083.html,,DISCOVERED,category:179fbe890de41a93,https://www.zara.com/us/en/woman-low-rise-mini-shorts-l18617.html,[],,INFERRED from route unless landing heading verified,,[],False,False
category:4bfae4846347249c,WOMAN,,MINI SKORT WOMAN,mini skort woman,https://www.zara.com/us/en/woman-mini-skort-l18590.html,UNKNOWN,,,,,,https://www.zara.com/us/en/woman-dresses-mini-l1083.html,,DISCOVERED,category:4bfae4846347249c,https://www.zara.com/us/en/woman-mini-skort-l18590.html,[],,INFERRED from route unless landing heading verified,,[],False,False
category:d3d4a2107724c131,WOMAN,,RUFFLE MINI SKIRT WOMAN,ruffle mini skirt woman,https://www.zara.com/us/en/woman-ruffle-mini-skirt-l18436.html,UNKNOWN,,,,,,https://www.zara.com/us/en/woman-dresses-mini-l1083.html,,DISCOVERED,category:d3d4a2107724c131,https://www.zara.com/us/en/woman-ruffle-mini-skirt-l18436.html,[],,INFERRED from route unless landing heading verified,,[],False,False
category:514e2ffa011ee14c,WOMAN,,SHORT SLEEVE MIDI DRESS WOMAN,short sleeve midi dress woman,https://www.zara.com/us/en/woman-short-sleeve-midi-dress-l18915.html,UNKNOWN,,,,,,https://www.zara.com/us/en/woman-dresses-mini-l1083.html,,DISCOVERED,category:514e2ffa011ee14c,https://www.zara.com/us/en/woman-short-sleeve-midi-dress-l18915.html,[],,INFERRED from route unless landing heading verified,,[],False,False
category:7aba89c6bf65dd2c,WOMAN,,,,https://www.zara.com/us/en/woman-dresses-mini-l1083.html?page=2,UNKNOWN,,,,,,https://www.zara.com/us/en/woman-dresses-mini-l1083.html,,DISCOVERED,category:7aba89c6bf65dd2c,https://www.zara.com/us/en/woman-dresses-mini-l1083.html?page=2,[],,INFERRED from route unless landing heading verified,,[],False,False
category:a59e9a777d475f2a,WOMAN,,,,https://www.zara.com/us/en/woman-jumpsuits-l1150.html?page=2,UNKNOWN,,,,,,https://www.zara.com/us/en/woman-jumpsuits-l1150.html,,DISCOVERED,category:a59e9a777d475f2a,https://www.zara.com/us/en/woman-jumpsuits-l1150.html?page=2,[],,INFERRED from route unless landing heading verified,,[],False,False
category:5fb583e397978f17,WOMAN,,,,https://www.zara.com/us/en/woman-dresses-party-l1581.html?page=2,UNKNOWN,,,,,,https://www.zara.com/us/en/woman-dresses-party-l1581.html,,DISCOVERED,category:5fb583e397978f17,https://www.zara.com/us/en/woman-dresses-party-l1581.html?page=2,[],,INFERRED from route unless landing heading verified,,[],False,False
category:0d2099eb3dc18c6f,BEAUTY,,02the new,02the new,https://www.zara.com/us/en/woman-beauty-new-l7931.html,UNKNOWN,,,,,,https://www.zara.com/us/en/woman-beauty-makeup-l4414.html?v1=1881272,,DISCOVERED,category:0d2099eb3dc18c6f,https://www.zara.com/us/en/woman-beauty-new-l7931.html,[],,INFERRED from route unless landing heading verified,,[],False,False
category:c7d47fcd33289c7a,BEAUTY,,03lips,03lips,https://www.zara.com/us/en/woman-beauty-lips-l4238.html,UNKNOWN,,,,,,https://www.zara.com/us/en/woman-beauty-makeup-l4414.html?v1=1881272,,DISCOVERED,category:c7d47fcd33289c7a,https://www.zara.com/us/en/woman-beauty-lips-l4238.html,[],,INFERRED from route unless landing heading verified,,[],False,False
category:f08598e30797f77e,BEAUTY,,04eyes,04eyes,https://www.zara.com/us/en/woman-beauty-eyes-l4239.html,UNKNOWN,,,,,,https://www.zara.com/us/en/woman-beauty-makeup-l4414.html?v1=1881272,,DISCOVERED,category:f08598e30797f77e,https://www.zara.com/us/en/woman-beauty-eyes-l4239.html,[],,INFERRED from route unless landing heading verified,,[],False,False
category:0d3e33afd33ce48a,BEAUTY,,05face,05face,https://www.zara.com/us/en/woman-beauty-face-l4240.html,UNKNOWN,,,,,,https://www.zara.com/us/en/woman-beauty-makeup-l4414.html?v1=1881272,,DISCOVERED,category:0d3e33afd33ce48a,https://www.zara.com/us/en/woman-beauty-face-l4240.html,[],,INFERRED from route unless landing heading verified,,[],False,False
category:4f67d183b78641ce,BEAUTY,,2,2,https://www.zara.com/us/en/woman-beauty-makeup-l4414.html?page=2,UNKNOWN,,,,,,https://www.zara.com/us/en/woman-beauty-makeup-l4414.html?v1=1881272,,DISCOVERED,category:4f67d183b78641ce,https://www.zara.com/us/en/woman-beauty-makeup-l4414.html?page=2,[],,INFERRED from route unless landing heading verified,,[],False,False
category:e8c97459ff07c6ce,UNCLASSIFIED,,04back to school,04back to school,https://www.zara.com/us/en/back-to-school-l7763.html,UNKNOWN,,,,,,https://www.zara.com/us/en/home-kids-new-in-l3974.html,,DISCOVERED,category:e8c97459ff07c6ce,https://www.zara.com/us/en/back-to-school-l7763.html,[],,INFERRED from route unless landing heading verified,,[],False,False
category:003b8e90456ccfe7,ZARA HOME,,06newborn,06newborn,https://www.zara.com/us/en/home-kids-baby-l15846.html,UNKNOWN,,,,,,https://www.zara.com/us/en/home-kids-new-in-l3974.html,,DISCOVERED,category:003b8e90456ccfe7,https://www.zara.com/us/en/home-kids-baby-l15846.html,[],,INFERRED from route unless landing heading verified,,[],False,False
category:f0f27d1286532beb,ZARA HOME,,home-back-to-school,home-back-to-school,https://www.zara.com/us/en/home-back-to-school-c2577246.html,UNKNOWN,,,,,,https://www.zara.com/us/en/home-kids-new-in-l3974.html,,DISCOVERED,category:f0f27d1286532beb,https://www.zara.com/us/en/home-back-to-school-c2577246.html,[],,INFERRED from route unless landing heading verified,,[],False,False
category:131605673104bd2a,ZARA HOME,,2,2,https://www.zara.com/us/en/home-kids-new-in-l3974.html?page=2,UNKNOWN,,,,,,https://www.zara.com/us/en/home-kids-new-in-l3974.html,,DISCOVERED,category:131605673104bd2a,https://www.zara.com/us/en/home-kids-new-in-l3974.html?page=2,[],,INFERRED from route unless landing heading verified,,[],False,False
category:e8c57bd685bf505a,UNCLASSIFIED,category:04bd82dffbe7dad2,ZARA HOME KIDS,zara home kids,https://www.zara.com/us/en/-c2605625.html,UNKNOWN,1,,,,,https://www.zara.com/us/en/home-kids-new-in-l3974.html,,DISCOVERED,category:e8c57bd685bf505a,https://www.zara.com/us/en/-c2605625.html,[],,INFERRED from route unless landing heading verified,,[],False,False
category:88d3d61907aca2e7,KIDS,category:04bd82dffbe7dad2,Accessories | Shoes Kid´s Clothes | ZARA United States,accessories | shoes kid´s clothes | zara united states,https://www.zara.com/us/en/kids-accessories-l3.html,PRODUCT_LISTING_CATEGORY,1,True,,,False,public_index_or_observed_link,2026-09-06T04:49:20.335Z,PARTIAL,category:88d3d61907aca2e7,https://www.zara.com/us/en/kids-accessories-l3.html,"[""https://www.zara.com/us/en/kids-accessories-l3.html#main""]",data\raw\zara\repair\kids_accessories_shoes.json,INFERRED from route unless landing heading verified,80,[],False,True
category:c7380f95c6f0ff78,KIDS,,2,2,https://www.zara.com/us/en/kids-accessories-l3.html?page=2,UNKNOWN,,,,,,https://www.zara.com/us/en/kids-accessories-l3.html,,DISCOVERED,category:c7380f95c6f0ff78,https://www.zara.com/us/en/kids-accessories-l3.html?page=2,[],,INFERRED from route unless landing heading verified,,[],False,False
category:2fb546a5484fad6f,KIDS,category:04bd82dffbe7dad2,Baby Clothes | ZARA United States,baby clothes | zara united states,https://www.zara.com/us/en/kids-baby-l7244.html,PRODUCT_LISTING_CATEGORY,1,True,,,False,public_index_or_observed_link,2026-09-06T04:49:13.674Z,PARTIAL,category:2fb546a5484fad6f,https://www.zara.com/us/en/kids-baby-l7244.html,"[""https://www.zara.com/us/en/kids-baby-l7244.html#main""]",data\raw\zara\repair\kids_baby.json,INFERRED from route unless landing heading verified,74,[],False,True
category:3d330d42bf74141a,KIDS,,2,2,https://www.zara.com/us/en/kids-baby-l7244.html?page=2,UNKNOWN,,,,,,https://www.zara.com/us/en/kids-baby-l7244.html,,DISCOVERED,category:3d330d42bf74141a,https://www.zara.com/us/en/kids-baby-l7244.html?page=2,[],,INFERRED from route unless landing heading verified,,[],False,False
category:651987f04e3dd3b9,KIDS,category:04bd82dffbe7dad2,Boy Kid´s Clothes | ZARA United States,boy kid´s clothes | zara united states,https://www.zara.com/us/en/kids-boy-l173.html,PRODUCT_LISTING_CATEGORY,1,True,,,False,public_index_or_observed_link,2026-09-06T04:47:58.978Z,PARTIAL,category:651987f04e3dd3b9,https://www.zara.com/us/en/kids-boy-l173.html,"[""https://www.zara.com/us/en/kids-boy-l173.html#main""]",data\raw\zara\repair\kids_boy.json,INFERRED from route unless landing heading verified,80,[],False,True
category:74c0829a1b571305,KIDS,,2,2,https://www.zara.com/us/en/kids-boy-l173.html?page=2,UNKNOWN,,,,,,https://www.zara.com/us/en/kids-boy-l173.html,,DISCOVERED,category:74c0829a1b571305,https://www.zara.com/us/en/kids-boy-l173.html?page=2,[],,INFERRED from route unless landing heading verified,,[],False,False
category:7082f2932cdc3e4e,KIDS,category:04bd82dffbe7dad2,Girl Kid´s Clothes | ZARA United States,girl kid´s clothes | zara united states,https://www.zara.com/us/en/kids-girl-l323.html,PRODUCT_LISTING_CATEGORY,1,True,,,False,public_index_or_observed_link,2026-09-06T04:47:53.464Z,PARTIAL,category:7082f2932cdc3e4e,https://www.zara.com/us/en/kids-girl-l323.html,"[""https://www.zara.com/us/en/kids-girl-l323.html#main""]",data\raw\zara\repair\kids_girl.json,INFERRED from route unless landing heading verified,80,[],False,True
category:95ed679041b331f5,KIDS,,2,2,https://www.zara.com/us/en/kids-girl-l323.html?page=2,UNKNOWN,,,,,,https://www.zara.com/us/en/kids-girl-l323.html,,DISCOVERED,category:95ed679041b331f5,https://www.zara.com/us/en/kids-girl-l323.html?page=2,[],,INFERRED from route unless landing heading verified,,[],False,False
category:c51b135d776a9691,KIDS,category:04bd82dffbe7dad2,Toddler Boy Kid´s Clothes | ZARA United States,toddler boy kid´s clothes | zara united states,https://www.zara.com/us/en/kids-babyboy-l5.html,PRODUCT_LISTING_CATEGORY,1,True,,,False,public_index_or_observed_link,2026-09-06T04:49:01.236Z,PARTIAL,category:c51b135d776a9691,https://www.zara.com/us/en/kids-babyboy-l5.html,"[""https://www.zara.com/us/en/kids-babyboy-l5.html#main""]",data\raw\zara\repair\kids_toddler_boy.json,INFERRED from route unless landing heading verified,80,[],False,True
category:6ab555f8ec86ab51,KIDS,,2,2,https://www.zara.com/us/en/kids-babyboy-l5.html?page=2,UNKNOWN,,,,,,https://www.zara.com/us/en/kids-babyboy-l5.html,,DISCOVERED,category:6ab555f8ec86ab51,https://www.zara.com/us/en/kids-babyboy-l5.html?page=2,[],,INFERRED from route unless landing heading verified,,[],False,False
category:edfe2e1c3f5d64c3,KIDS,category:04bd82dffbe7dad2,Toddler Girl Kid´s Clothes | ZARA United States,toddler girl kid´s clothes | zara united states,https://www.zara.com/us/en/kids-babygirl-l87.html,PRODUCT_LISTING_CATEGORY,1,True,,,False,public_index_or_observed_link,2026-09-06T04:48:53.463Z,PARTIAL,category:edfe2e1c3f5d64c3,https://www.zara.com/us/en/kids-babygirl-l87.html,"[""https://www.zara.com/us/en/kids-babygirl-l87.html#main""]",data\raw\zara\repair\kids_toddler_girl.json,INFERRED from route unless landing heading verified,80,[],False,True
category:0e49ff1f411d7485,KIDS,,2,2,https://www.zara.com/us/en/kids-babygirl-l87.html?page=2,UNKNOWN,,,,,,https://www.zara.com/us/en/kids-babygirl-l87.html,,DISCOVERED,category:0e49ff1f411d7485,https://www.zara.com/us/en/kids-babygirl-l87.html?page=2,[],,INFERRED from route unless landing heading verified,,[],False,False
category:afc08632d29a8996,MAN,,2,2,https://www.zara.com/us/en/man-l534.html?page=2,UNKNOWN,,,,,,https://www.zara.com/us/en/man-l534.html,,DISCOVERED,category:afc08632d29a8996,https://www.zara.com/us/en/man-l534.html?page=2,[],,INFERRED from route unless landing heading verified,,[],False,False
