variant_id,product_id,source_variant_id,sku_or_reference,color_name,size_name,price,currency,compare_at_price,availability_status,variant_url,source_last_seen_at,evidence_file,evidence_method
zara-us:00122342:551789038-412-2,zara-us:00122342,551789038-412-2,551789038-412-2,Blue marl,S,69.90,USD,,https://schema.org/OutOfStock,https://www.zara.com/us/en/relaxed-fit-washed-effect-shirt-p00122342.html?v1=551789038,2026-09-06T04:26:33.619Z,data\raw\zara\00122342.json,JSON-LD ProductGroup.hasVariant
zara-us:00122342:551789038-412-3,zara-us:00122342,551789038-412-3,551789038-412-3,Blue marl,M,69.90,USD,,https://schema.org/OutOfStock,https://www.zara.com/us/en/relaxed-fit-washed-effect-shirt-p00122342.html?v1=551789038,2026-09-06T04:26:33.619Z,data\raw\zara\00122342.json,JSON-LD ProductGroup.hasVariant
zara-us:00122342:551789038-412-4,zara-us:00122342,551789038-412-4,551789038-412-4,Blue marl,L,69.90,USD,,https://schema.org/OutOfStock,https://www.zara.com/us/en/relaxed-fit-washed-effect-shirt-p00122342.html?v1=551789038,2026-09-06T04:26:33.619Z,data\raw\zara\00122342.json,JSON-LD ProductGroup.hasVariant
zara-us:00122342:551789038-412-5,zara-us:00122342,551789038-412-5,551789038-412-5,Blue marl,XL,69.90,USD,,https://schema.org/OutOfStock,https://www.zara.com/us/en/relaxed-fit-washed-effect-shirt-p00122342.html?v1=551789038,2026-09-06T04:26:33.619Z,data\raw\zara\00122342.json,JSON-LD ProductGroup.hasVariant
zara-us:00794102:577296192-916-2,zara-us:00794102,577296192-916-2,577296192-916-2,Gray green,S,79.90,USD,,https://schema.org/InStock,https://www.zara.com/us/en/relaxed-fit-plaid-shirt-p00794102.html?v1=577296192,2026-09-06T04:24:21.207Z,data\raw\zara\00794102.json,JSON-LD ProductGroup.hasVariant
zara-us:00794102:577296192-916-3,zara-us:00794102,577296192-916-3,577296192-916-3,Gray green,M,79.90,USD,,https://schema.org/InStock,https://www.zara.com/us/en/relaxed-fit-plaid-shirt-p00794102.html?v1=577296192,2026-09-06T04:24:21.207Z,data\raw\zara\00794102.json,JSON-LD ProductGroup.hasVariant
zara-us:00794102:577296192-916-4,zara-us:00794102,577296192-916-4,577296192-916-4,Gray green,L,79.90,USD,,https://schema.org/InStock,https://www.zara.com/us/en/relaxed-fit-plaid-shirt-p00794102.html?v1=577296192,2026-09-06T04:24:21.207Z,data\raw\zara\00794102.json,JSON-LD ProductGroup.hasVariant
zara-us:00794102:577296192-916-5,zara-us:00794102,577296192-916-5,577296192-916-5,Gray green,XL,79.90,USD,,https://schema.org/InStock,https://www.zara.com/us/en/relaxed-fit-plaid-shirt-p00794102.html?v1=577296192,2026-09-06T04:24:21.207Z,data\raw\zara\00794102.json,JSON-LD ProductGroup.hasVariant
zara-us:00975847:583785623-510-2,zara-us:00975847,583785623-510-2,583785623-510-2,Oil,S,69.90,USD,,https://schema.org/OutOfStock,https://www.zara.com/us/en/regular-fit-pocket-shirt-p00975847.html?v1=583785623,2026-09-06T04:24:34.207Z,data\raw\zara\00975847.json,JSON-LD ProductGroup.hasVariant
zara-us:00975847:583785623-510-3,zara-us:00975847,583785623-510-3,583785623-510-3,Oil,M,69.90,USD,,https://schema.org/OutOfStock,https://www.zara.com/us/en/regular-fit-pocket-shirt-p00975847.html?v1=583785623,2026-09-06T04:24:34.207Z,data\raw\zara\00975847.json,JSON-LD ProductGroup.hasVariant
zara-us:00975847:583785623-510-4,zara-us:00975847,583785623-510-4,583785623-510-4,Oil,L,69.90,USD,,https://schema.org/OutOfStock,https://www.zara.com/us/en/regular-fit-pocket-shirt-p00975847.html?v1=583785623,2026-09-06T04:24:34.207Z,data\raw\zara\00975847.json,JSON-LD ProductGroup.hasVariant
zara-us:00975847:583785623-510-5,zara-us:00975847,583785623-510-5,583785623-510-5,Oil,XL,69.90,USD,,https://schema.org/OutOfStock,https://www.zara.com/us/en/regular-fit-pocket-shirt-p00975847.html?v1=583785623,2026-09-06T04:24:34.207Z,data\raw\zara\00975847.json,JSON-LD ProductGroup.hasVariant
zara-us:00975853:574330860-044-2,zara-us:00975853,574330860-044-2,574330860-044-2,Blue / White,S,69.90,USD,,https://schema.org/InStock,https://www.zara.com/us/en/regular-fit-plaid-shirt-p00975853.html?v1=574330860,2026-09-06T04:24:22.866Z,data\raw\zara\00975853.json,JSON-LD ProductGroup.hasVariant
zara-us:00975853:574330860-044-3,zara-us:00975853,574330860-044-3,574330860-044-3,Blue / White,M,69.90,USD,,https://schema.org/InStock,https://www.zara.com/us/en/regular-fit-plaid-shirt-p00975853.html?v1=574330860,2026-09-06T04:24:22.866Z,data\raw\zara\00975853.json,JSON-LD ProductGroup.hasVariant
zara-us:00975853:574330860-044-4,zara-us:00975853,574330860-044-4,574330860-044-4,Blue / White,L,69.90,USD,,https://schema.org/InStock,https://www.zara.com/us/en/regular-fit-plaid-shirt-p00975853.html?v1=574330860,2026-09-06T04:24:22.866Z,data\raw\zara\00975853.json,JSON-LD ProductGroup.hasVariant
zara-us:00975853:574330860-044-5,zara-us:00975853,574330860-044-5,574330860-044-5,Blue / White,XL,69.90,USD,,https://schema.org/InStock,https://www.zara.com/us/en/regular-fit-plaid-shirt-p00975853.html?v1=574330860,2026-09-06T04:24:22.866Z,data\raw\zara\00975853.json,JSON-LD ProductGroup.hasVariant
zara-us:01030731:571545044-250-2,zara-us:01030731,571545044-250-2,571545044-250-2,White,S,69.90,USD,,https://schema.org/InStock,https://www.zara.com/us/en/striped-boxy-fit-shirt-p01030731.html?v1=571545044,2026-09-06T04:24:17.111Z,data\raw\zara\01030731.json,JSON-LD ProductGroup.hasVariant
zara-us:01030731:571545044-250-3,zara-us:01030731,571545044-250-3,571545044-250-3,White,M,69.90,USD,,https://schema.org/OutOfStock,https://www.zara.com/us/en/striped-boxy-fit-shirt-p01030731.html?v1=571545044,2026-09-06T04:24:17.111Z,data\raw\zara\01030731.json,JSON-LD ProductGroup.hasVariant
zara-us:01030731:571545044-250-4,zara-us:01030731,571545044-250-4,571545044-250-4,White,L,69.90,USD,,https://schema.org/InStock,https://www.zara.com/us/en/striped-boxy-fit-shirt-p01030731.html?v1=571545044,2026-09-06T04:24:17.111Z,data\raw\zara\01030731.json,JSON-LD ProductGroup.hasVariant
zara-us:01030731:571545044-250-5,zara-us:01030731,571545044-250-5,571545044-250-5,White,XL,69.90,USD,,https://schema.org/InStock,https://www.zara.com/us/en/striped-boxy-fit-shirt-p01030731.html?v1=571545044,2026-09-06T04:24:17.111Z,data\raw\zara\01030731.json,JSON-LD ProductGroup.hasVariant
zara-us:01030731:571545044-400-2,zara-us:01030731,571545044-400-2,571545044-400-2,Blue,S,69.90,USD,,https://schema.org/InStock,https://www.zara.com/us/en/striped-boxy-fit-shirt-p01030731.html?v1=571545042,2026-09-06T04:24:17.111Z,data\raw\zara\01030731.json,JSON-LD ProductGroup.hasVariant
zara-us:01030731:571545044-400-3,zara-us:01030731,571545044-400-3,571545044-400-3,Blue,M,69.90,USD,,https://schema.org/InStock,https://www.zara.com/us/en/striped-boxy-fit-shirt-p01030731.html?v1=571545042,2026-09-06T04:24:17.111Z,data\raw\zara\01030731.json,JSON-LD ProductGroup.hasVariant
zara-us:01030731:571545044-400-4,zara-us:01030731,571545044-400-4,571545044-400-4,Blue,L,69.90,USD,,https://schema.org/InStock,https://www.zara.com/us/en/striped-boxy-fit-shirt-p01030731.html?v1=571545042,2026-09-06T04:24:17.111Z,data\raw\zara\01030731.json,JSON-LD ProductGroup.hasVariant
zara-us:01030731:571545044-400-5,zara-us:01030731,571545044-400-5,571545044-400-5,Blue,XL,69.90,USD,,https://schema.org/InStock,https://www.zara.com/us/en/striped-boxy-fit-shirt-p01030731.html?v1=571545042,2026-09-06T04:24:17.111Z,data\raw\zara\01030731.json,JSON-LD ProductGroup.hasVariant
zara-us:01030731:571545044-403-2,zara-us:01030731,571545044-403-2,571545044-403-2,Sky blue,S,69.90,USD,,https://schema.org/InStock,https://www.zara.com/us/en/striped-boxy-fit-shirt-p01030731.html?v1=571545043,2026-09-06T04:24:17.111Z,data\raw\zara\01030731.json,JSON-LD ProductGroup.hasVariant
zara-us:01030731:571545044-403-3,zara-us:01030731,571545044-403-3,571545044-403-3,Sky blue,M,69.90,USD,,https://schema.org/LimitedAvailability,https://www.zara.com/us/en/striped-boxy-fit-shirt-p01030731.html?v1=571545043,2026-09-06T04:24:17.111Z,data\raw\zara\01030731.json,JSON-LD ProductGroup.hasVariant
zara-us:01030731:571545044-403-4,zara-us:01030731,571545044-403-4,571545044-403-4,Sky blue,L,69.90,USD,,https://schema.org/InStock,https://www.zara.com/us/en/striped-boxy-fit-shirt-p01030731.html?v1=571545043,2026-09-06T04:24:17.111Z,data\raw\zara\01030731.json,JSON-LD ProductGroup.hasVariant
zara-us:01030731:571545044-403-5,zara-us:01030731,571545044-403-5,571545044-403-5,Sky blue,XL,69.90,USD,,https://schema.org/InStock,https://www.zara.com/us/en/striped-boxy-fit-shirt-p01030731.html?v1=571545043,2026-09-06T04:24:17.111Z,data\raw\zara\01030731.json,JSON-LD ProductGroup.hasVariant
zara-us:01038623:572088106-802-2,zara-us:01038623,572088106-802-2,572088106-802-2,Gray,S,79.90,USD,,https://schema.org/InStock,https://www.zara.com/us/en/oversized-patch-pocket-shirt-p01038623.html?v1=572088106,2026-09-06T04:26:30.569Z,data\raw\zara\01038623.json,JSON-LD ProductGroup.hasVariant
zara-us:01038623:572088106-802-3,zara-us:01038623,572088106-802-3,572088106-802-3,Gray,M,79.90,USD,,https://schema.org/InStock,https://www.zara.com/us/en/oversized-patch-pocket-shirt-p01038623.html?v1=572088106,2026-09-06T04:26:30.569Z,data\raw\zara\01038623.json,JSON-LD ProductGroup.hasVariant
zara-us:01038623:572088106-802-4,zara-us:01038623,572088106-802-4,572088106-802-4,Gray,L,79.90,USD,,https://schema.org/InStock,https://www.zara.com/us/en/oversized-patch-pocket-shirt-p01038623.html?v1=572088106,2026-09-06T04:26:30.569Z,data\raw\zara\01038623.json,JSON-LD ProductGroup.hasVariant
zara-us:01038623:572088106-802-5,zara-us:01038623,572088106-802-5,572088106-802-5,Gray,XL,79.90,USD,,https://schema.org/InStock,https://www.zara.com/us/en/oversized-patch-pocket-shirt-p01038623.html?v1=572088106,2026-09-06T04:26:30.569Z,data\raw\zara\01038623.json,JSON-LD ProductGroup.hasVariant
zara-us:01063447:555454976-445-2,zara-us:01063447,555454976-445-2,555454976-445-2,Blue / Green,S,59.90,USD,,https://schema.org/InStock,https://www.zara.com/us/en/checked-regular-fit-shirt-p01063447.html?v1=555454976,2026-09-06T04:26:51.345Z,data\raw\zara\01063447.json,JSON-LD ProductGroup.hasVariant
zara-us:01063447:555454976-445-3,zara-us:01063447,555454976-445-3,555454976-445-3,Blue / Green,M,59.90,USD,,https://schema.org/InStock,https://www.zara.com/us/en/checked-regular-fit-shirt-p01063447.html?v1=555454976,2026-09-06T04:26:51.345Z,data\raw\zara\01063447.json,JSON-LD ProductGroup.hasVariant
zara-us:01063447:555454976-445-4,zara-us:01063447,555454976-445-4,555454976-445-4,Blue / Green,L,59.90,USD,,https://schema.org/InStock,https://www.zara.com/us/en/checked-regular-fit-shirt-p01063447.html?v1=555454976,2026-09-06T04:26:51.345Z,data\raw\zara\01063447.json,JSON-LD ProductGroup.hasVariant
zara-us:01063447:555454976-445-5,zara-us:01063447,555454976-445-5,555454976-445-5,Blue / Green,XL,59.90,USD,,https://schema.org/InStock,https://www.zara.com/us/en/checked-regular-fit-shirt-p01063447.html?v1=555454976,2026-09-06T04:26:51.345Z,data\raw\zara\01063447.json,JSON-LD ProductGroup.hasVariant
zara-us:01210228:556190896-066-1,zara-us:01210228,556190896-066-1,556190896-066-1,Ecru / Navy,XS,59.90,USD,,https://schema.org/OutOfStock,https://www.zara.com/us/en/plaid-short-jumpsuit-with-tabs-p01210228.html?v1=556190896,2026-09-06T04:28:49.600Z,data\raw\zara\01210228.json,JSON-LD ProductGroup.hasVariant
zara-us:01210228:556190896-066-2,zara-us:01210228,556190896-066-2,556190896-066-2,Ecru / Navy,S,59.90,USD,,https://schema.org/OutOfStock,https://www.zara.com/us/en/plaid-short-jumpsuit-with-tabs-p01210228.html?v1=556190896,2026-09-06T04:28:49.600Z,data\raw\zara\01210228.json,JSON-LD ProductGroup.hasVariant
zara-us:01210228:556190896-066-3,zara-us:01210228,556190896-066-3,556190896-066-3,Ecru / Navy,M,59.90,USD,,https://schema.org/OutOfStock,https://www.zara.com/us/en/plaid-short-jumpsuit-with-tabs-p01210228.html?v1=556190896,2026-09-06T04:28:49.600Z,data\raw\zara\01210228.json,JSON-LD ProductGroup.hasVariant
zara-us:01210228:556190896-066-4,zara-us:01210228,556190896-066-4,556190896-066-4,Ecru / Navy,L,59.90,USD,,https://schema.org/OutOfStock,https://www.zara.com/us/en/plaid-short-jumpsuit-with-tabs-p01210228.html?v1=556190896,2026-09-06T04:28:49.600Z,data\raw\zara\01210228.json,JSON-LD ProductGroup.hasVariant
zara-us:01210228:556190896-066-5,zara-us:01210228,556190896-066-5,556190896-066-5,Ecru / Navy,XL,59.90,USD,,https://schema.org/OutOfStock,https://www.zara.com/us/en/plaid-short-jumpsuit-with-tabs-p01210228.html?v1=556190896,2026-09-06T04:28:49.600Z,data\raw\zara\01210228.json,JSON-LD ProductGroup.hasVariant
zara-us:01210228:556190896-066-6,zara-us:01210228,556190896-066-6,556190896-066-6,Ecru / Navy,XXL,59.90,USD,,https://schema.org/OutOfStock,https://www.zara.com/us/en/plaid-short-jumpsuit-with-tabs-p01210228.html?v1=556190896,2026-09-06T04:28:49.600Z,data\raw\zara\01210228.json,JSON-LD ProductGroup.hasVariant
zara-us:01437358:550491689-507-2,zara-us:01437358,550491689-507-2,550491689-507-2,Dark khaki,S,79.90,USD,,https://schema.org/OutOfStock,https://www.zara.com/us/en/fluid-relaxed-fit-polo-shirt-p01437358.html?v1=550491689,2026-09-06T04:26:32.279Z,data\raw\zara\01437358.json,JSON-LD ProductGroup.hasVariant
zara-us:01437358:550491689-507-3,zara-us:01437358,550491689-507-3,550491689-507-3,Dark khaki,M,79.90,USD,,https://schema.org/OutOfStock,https://www.zara.com/us/en/fluid-relaxed-fit-polo-shirt-p01437358.html?v1=550491689,2026-09-06T04:26:32.279Z,data\raw\zara\01437358.json,JSON-LD ProductGroup.hasVariant
zara-us:01437358:550491689-507-4,zara-us:01437358,550491689-507-4,550491689-507-4,Dark khaki,L,79.90,USD,,https://schema.org/OutOfStock,https://www.zara.com/us/en/fluid-relaxed-fit-polo-shirt-p01437358.html?v1=550491689,2026-09-06T04:26:32.279Z,data\raw\zara\01437358.json,JSON-LD ProductGroup.hasVariant
zara-us:01437358:550491689-507-5,zara-us:01437358,550491689-507-5,550491689-507-5,Dark khaki,XL,79.90,USD,,https://schema.org/OutOfStock,https://www.zara.com/us/en/fluid-relaxed-fit-polo-shirt-p01437358.html?v1=550491689,2026-09-06T04:26:32.279Z,data\raw\zara\01437358.json,JSON-LD ProductGroup.hasVariant
zara-us:01758151:560284699-745-1,zara-us:01758151,560284699-745-1,560284699-745-1,Toffee,XS,169.00,USD,,https://schema.org/InStock,https://www.zara.com/us/en/lace-underwire-spaghetti-strap-dress-p01758151.html?v1=560284699,2026-09-06T04:27:59.033Z,data\raw\zara\01758151.json,JSON-LD ProductGroup.hasVariant
zara-us:01758151:560284699-745-2,zara-us:01758151,560284699-745-2,560284699-745-2,Toffee,S,169.00,USD,,https://schema.org/InStock,https://www.zara.com/us/en/lace-underwire-spaghetti-strap-dress-p01758151.html?v1=560284699,2026-09-06T04:27:59.033Z,data\raw\zara\01758151.json,JSON-LD ProductGroup.hasVariant
zara-us:01758151:560284699-745-3,zara-us:01758151,560284699-745-3,560284699-745-3,Toffee,M,169.00,USD,,https://schema.org/InStock,https://www.zara.com/us/en/lace-underwire-spaghetti-strap-dress-p01758151.html?v1=560284699,2026-09-06T04:27:59.033Z,data\raw\zara\01758151.json,JSON-LD ProductGroup.hasVariant
zara-us:01758151:560284699-745-4,zara-us:01758151,560284699-745-4,560284699-745-4,Toffee,L,169.00,USD,,https://schema.org/InStock,https://www.zara.com/us/en/lace-underwire-spaghetti-strap-dress-p01758151.html?v1=560284699,2026-09-06T04:27:59.033Z,data\raw\zara\01758151.json,JSON-LD ProductGroup.hasVariant
zara-us:01758151:560284699-745-5,zara-us:01758151,560284699-745-5,560284699-745-5,Toffee,XL,169.00,USD,,https://schema.org/InStock,https://www.zara.com/us/en/lace-underwire-spaghetti-strap-dress-p01758151.html?v1=560284699,2026-09-06T04:27:59.033Z,data\raw\zara\01758151.json,JSON-LD ProductGroup.hasVariant
zara-us:01957102:545461653-052-2,zara-us:01957102,545461653-052-2,545461653-052-2,Light beige,S,69.90,USD,,https://schema.org/InStock,https://www.zara.com/us/en/100-linen-regular-fit-shirt-p01957102.html?v1=545461653,2026-09-06T04:26:47.811Z,data\raw\zara\01957102.json,JSON-LD ProductGroup.hasVariant
zara-us:01957102:545461653-052-3,zara-us:01957102,545461653-052-3,545461653-052-3,Light beige,M,69.90,USD,,https://schema.org/InStock,https://www.zara.com/us/en/100-linen-regular-fit-shirt-p01957102.html?v1=545461653,2026-09-06T04:26:47.811Z,data\raw\zara\01957102.json,JSON-LD ProductGroup.hasVariant
zara-us:01957102:545461653-052-4,zara-us:01957102,545461653-052-4,545461653-052-4,Light beige,L,69.90,USD,,https://schema.org/InStock,https://www.zara.com/us/en/100-linen-regular-fit-shirt-p01957102.html?v1=545461653,2026-09-06T04:26:47.811Z,data\raw\zara\01957102.json,JSON-LD ProductGroup.hasVariant
zara-us:01957102:545461653-052-5,zara-us:01957102,545461653-052-5,545461653-052-5,Light beige,XL,69.90,USD,,https://schema.org/InStock,https://www.zara.com/us/en/100-linen-regular-fit-shirt-p01957102.html?v1=545461653,2026-09-06T04:26:47.811Z,data\raw\zara\01957102.json,JSON-LD ProductGroup.hasVariant
zara-us:01957102:545461653-250-2,zara-us:01957102,545461653-250-2,545461653-250-2,White,S,69.90,USD,,https://schema.org/InStock,https://www.zara.com/us/en/100-linen-regular-fit-shirt-p01957102.html?v1=545461652,2026-09-06T04:26:47.811Z,data\raw\zara\01957102.json,JSON-LD ProductGroup.hasVariant
zara-us:01957102:545461653-250-3,zara-us:01957102,545461653-250-3,545461653-250-3,White,M,69.90,USD,,https://schema.org/InStock,https://www.zara.com/us/en/100-linen-regular-fit-shirt-p01957102.html?v1=545461652,2026-09-06T04:26:47.811Z,data\raw\zara\01957102.json,JSON-LD ProductGroup.hasVariant
zara-us:01957102:545461653-250-4,zara-us:01957102,545461653-250-4,545461653-250-4,White,L,69.90,USD,,https://schema.org/InStock,https://www.zara.com/us/en/100-linen-regular-fit-shirt-p01957102.html?v1=545461652,2026-09-06T04:26:47.811Z,data\raw\zara\01957102.json,JSON-LD ProductGroup.hasVariant
zara-us:01957102:545461653-250-5,zara-us:01957102,545461653-250-5,545461653-250-5,White,XL,69.90,USD,,https://schema.org/InStock,https://www.zara.com/us/en/100-linen-regular-fit-shirt-p01957102.html?v1=545461652,2026-09-06T04:26:47.811Z,data\raw\zara\01957102.json,JSON-LD ProductGroup.hasVariant
zara-us:01957102:545461653-411-2,zara-us:01957102,545461653-411-2,545461653-411-2,Faded sky blue,S,69.90,USD,,https://schema.org/InStock,https://www.zara.com/us/en/100-linen-regular-fit-shirt-p01957102.html?v1=545461655,2026-09-06T04:26:47.811Z,data\raw\zara\01957102.json,JSON-LD ProductGroup.hasVariant
zara-us:01957102:545461653-411-3,zara-us:01957102,545461653-411-3,545461653-411-3,Faded sky blue,M,69.90,USD,,https://schema.org/OutOfStock,https://www.zara.com/us/en/100-linen-regular-fit-shirt-p01957102.html?v1=545461655,2026-09-06T04:26:47.811Z,data\raw\zara\01957102.json,JSON-LD ProductGroup.hasVariant
zara-us:01957102:545461653-411-4,zara-us:01957102,545461653-411-4,545461653-411-4,Faded sky blue,L,69.90,USD,,https://schema.org/LimitedAvailability,https://www.zara.com/us/en/100-linen-regular-fit-shirt-p01957102.html?v1=545461655,2026-09-06T04:26:47.811Z,data\raw\zara\01957102.json,JSON-LD ProductGroup.hasVariant
zara-us:01957102:545461653-411-5,zara-us:01957102,545461653-411-5,545461653-411-5,Faded sky blue,XL,69.90,USD,,https://schema.org/LimitedAvailability,https://www.zara.com/us/en/100-linen-regular-fit-shirt-p01957102.html?v1=545461655,2026-09-06T04:26:47.811Z,data\raw\zara\01957102.json,JSON-LD ProductGroup.hasVariant
zara-us:01957102:545461653-422-2,zara-us:01957102,545461653-422-2,545461653-422-2,Dark navy,S,69.90,USD,,https://schema.org/InStock,https://www.zara.com/us/en/100-linen-regular-fit-shirt-p01957102.html?v1=545461654,2026-09-06T04:26:47.811Z,data\raw\zara\01957102.json,JSON-LD ProductGroup.hasVariant
zara-us:01957102:545461653-422-3,zara-us:01957102,545461653-422-3,545461653-422-3,Dark navy,M,69.90,USD,,https://schema.org/InStock,https://www.zara.com/us/en/100-linen-regular-fit-shirt-p01957102.html?v1=545461654,2026-09-06T04:26:47.811Z,data\raw\zara\01957102.json,JSON-LD ProductGroup.hasVariant
zara-us:01957102:545461653-422-4,zara-us:01957102,545461653-422-4,545461653-422-4,Dark navy,L,69.90,USD,,https://schema.org/InStock,https://www.zara.com/us/en/100-linen-regular-fit-shirt-p01957102.html?v1=545461654,2026-09-06T04:26:47.811Z,data\raw\zara\01957102.json,JSON-LD ProductGroup.hasVariant
zara-us:01957102:545461653-422-5,zara-us:01957102,545461653-422-5,545461653-422-5,Dark navy,XL,69.90,USD,,https://schema.org/InStock,https://www.zara.com/us/en/100-linen-regular-fit-shirt-p01957102.html?v1=545461654,2026-09-06T04:26:47.811Z,data\raw\zara\01957102.json,JSON-LD ProductGroup.hasVariant
zara-us:01957102:545461653-445-2,zara-us:01957102,545461653-445-2,545461653-445-2,Blue / Green,S,69.90,USD,,https://schema.org/InStock,https://www.zara.com/us/en/100-linen-regular-fit-shirt-p01957102.html?v1=545461658,2026-09-06T04:26:47.811Z,data\raw\zara\01957102.json,JSON-LD ProductGroup.hasVariant
zara-us:01957102:545461653-445-3,zara-us:01957102,545461653-445-3,545461653-445-3,Blue / Green,M,69.90,USD,,https://schema.org/OutOfStock,https://www.zara.com/us/en/100-linen-regular-fit-shirt-p01957102.html?v1=545461658,2026-09-06T04:26:47.811Z,data\raw\zara\01957102.json,JSON-LD ProductGroup.hasVariant
zara-us:01957102:545461653-445-4,zara-us:01957102,545461653-445-4,545461653-445-4,Blue / Green,L,69.90,USD,,https://schema.org/OutOfStock,https://www.zara.com/us/en/100-linen-regular-fit-shirt-p01957102.html?v1=545461658,2026-09-06T04:26:47.811Z,data\raw\zara\01957102.json,JSON-LD ProductGroup.hasVariant
zara-us:01957102:545461653-445-5,zara-us:01957102,545461653-445-5,545461653-445-5,Blue / Green,XL,69.90,USD,,https://schema.org/OutOfStock,https://www.zara.com/us/en/100-linen-regular-fit-shirt-p01957102.html?v1=545461658,2026-09-06T04:26:47.811Z,data\raw\zara\01957102.json,JSON-LD ProductGroup.hasVariant
zara-us:01957102:545461653-732-2,zara-us:01957102,545461653-732-2,545461653-732-2,Caramel,S,69.90,USD,,https://schema.org/InStock,https://www.zara.com/us/en/100-linen-regular-fit-shirt-p01957102.html?v1=545461659,2026-09-06T04:26:47.811Z,data\raw\zara\01957102.json,JSON-LD ProductGroup.hasVariant
zara-us:01957102:545461653-732-3,zara-us:01957102,545461653-732-3,545461653-732-3,Caramel,M,69.90,USD,,https://schema.org/OutOfStock,https://www.zara.com/us/en/100-linen-regular-fit-shirt-p01957102.html?v1=545461659,2026-09-06T04:26:47.811Z,data\raw\zara\01957102.json,JSON-LD ProductGroup.hasVariant
zara-us:01957102:545461653-732-4,zara-us:01957102,545461653-732-4,545461653-732-4,Caramel,L,69.90,USD,,https://schema.org/OutOfStock,https://www.zara.com/us/en/100-linen-regular-fit-shirt-p01957102.html?v1=545461659,2026-09-06T04:26:47.811Z,data\raw\zara\01957102.json,JSON-LD ProductGroup.hasVariant
zara-us:01957102:545461653-732-5,zara-us:01957102,545461653-732-5,545461653-732-5,Caramel,XL,69.90,USD,,https://schema.org/InStock,https://www.zara.com/us/en/100-linen-regular-fit-shirt-p01957102.html?v1=545461659,2026-09-06T04:26:47.811Z,data\raw\zara\01957102.json,JSON-LD ProductGroup.hasVariant
zara-us:01957102:545461653-507-2,zara-us:01957102,545461653-507-2,545461653-507-2,Dark khaki,S,69.90,USD,,https://schema.org/InStock,https://www.zara.com/us/en/100-linen-regular-fit-shirt-p01957102.html?v1=545461662,2026-09-06T04:26:47.811Z,data\raw\zara\01957102.json,JSON-LD ProductGroup.hasVariant
zara-us:01957102:545461653-507-3,zara-us:01957102,545461653-507-3,545461653-507-3,Dark khaki,M,69.90,USD,,https://schema.org/InStock,https://www.zara.com/us/en/100-linen-regular-fit-shirt-p01957102.html?v1=545461662,2026-09-06T04:26:47.811Z,data\raw\zara\01957102.json,JSON-LD ProductGroup.hasVariant
zara-us:01957102:545461653-507-4,zara-us:01957102,545461653-507-4,545461653-507-4,Dark khaki,L,69.90,USD,,https://schema.org/InStock,https://www.zara.com/us/en/100-linen-regular-fit-shirt-p01957102.html?v1=545461662,2026-09-06T04:26:47.811Z,data\raw\zara\01957102.json,JSON-LD ProductGroup.hasVariant
zara-us:01957102:545461653-507-5,zara-us:01957102,545461653-507-5,545461653-507-5,Dark khaki,XL,69.90,USD,,https://schema.org/InStock,https://www.zara.com/us/en/100-linen-regular-fit-shirt-p01957102.html?v1=545461662,2026-09-06T04:26:47.811Z,data\raw\zara\01957102.json,JSON-LD ProductGroup.hasVariant
zara-us:02285098:571376274-446-1,zara-us:02285098,571376274-446-1,571376274-446-1,Electric blue,XS,119.00,USD,,https://schema.org/InStock,https://www.zara.com/us/en/zw-collection-draped-sash-dress-p02285098.html?v1=571376274,2026-09-06T04:29:09.033Z,data\raw\zara\02285098.json,JSON-LD ProductGroup.hasVariant
zara-us:02285098:571376274-446-2,zara-us:02285098,571376274-446-2,571376274-446-2,Electric blue,S,119.00,USD,,https://schema.org/OutOfStock,https://www.zara.com/us/en/zw-collection-draped-sash-dress-p02285098.html?v1=571376274,2026-09-06T04:29:09.033Z,data\raw\zara\02285098.json,JSON-LD ProductGroup.hasVariant
zara-us:02285098:571376274-446-3,zara-us:02285098,571376274-446-3,571376274-446-3,Electric blue,M,119.00,USD,,https://schema.org/InStock,https://www.zara.com/us/en/zw-collection-draped-sash-dress-p02285098.html?v1=571376274,2026-09-06T04:29:09.033Z,data\raw\zara\02285098.json,JSON-LD ProductGroup.hasVariant
zara-us:02285098:571376274-446-4,zara-us:02285098,571376274-446-4,571376274-446-4,Electric blue,L,119.00,USD,,https://schema.org/InStock,https://www.zara.com/us/en/zw-collection-draped-sash-dress-p02285098.html?v1=571376274,2026-09-06T04:29:09.033Z,data\raw\zara\02285098.json,JSON-LD ProductGroup.hasVariant
zara-us:02285098:571376274-446-5,zara-us:02285098,571376274-446-5,571376274-446-5,Electric blue,XL,119.00,USD,,https://schema.org/InStock,https://www.zara.com/us/en/zw-collection-draped-sash-dress-p02285098.html?v1=571376274,2026-09-06T04:29:09.033Z,data\raw\zara\02285098.json,JSON-LD ProductGroup.hasVariant
zara-us:02692792:568088557-505-2,zara-us:02692792,568088557-505-2,568088557-505-2,Khaki,S,79.90,USD,,https://schema.org/InStock,https://www.zara.com/us/en/relaxed-fit-tie-detail-shirt-p02692792.html?v1=568088557,2026-09-06T04:25:05.729Z,data\raw\zara\02692792.json,JSON-LD ProductGroup.hasVariant
zara-us:02692792:568088557-505-3,zara-us:02692792,568088557-505-3,568088557-505-3,Khaki,M,79.90,USD,,https://schema.org/InStock,https://www.zara.com/us/en/relaxed-fit-tie-detail-shirt-p02692792.html?v1=568088557,2026-09-06T04:25:05.729Z,data\raw\zara\02692792.json,JSON-LD ProductGroup.hasVariant
zara-us:02692792:568088557-505-4,zara-us:02692792,568088557-505-4,568088557-505-4,Khaki,L,79.90,USD,,https://schema.org/InStock,https://www.zara.com/us/en/relaxed-fit-tie-detail-shirt-p02692792.html?v1=568088557,2026-09-06T04:25:05.729Z,data\raw\zara\02692792.json,JSON-LD ProductGroup.hasVariant
zara-us:02692792:568088557-505-5,zara-us:02692792,568088557-505-5,568088557-505-5,Khaki,XL,79.90,USD,,https://schema.org/InStock,https://www.zara.com/us/en/relaxed-fit-tie-detail-shirt-p02692792.html?v1=568088557,2026-09-06T04:25:05.729Z,data\raw\zara\02692792.json,JSON-LD ProductGroup.hasVariant
zara-us:02933303:571527212-069-2,zara-us:02933303,571527212-069-2,571527212-069-2,Ecru / Green,S,79.90,USD,,https://schema.org/InStock,https://www.zara.com/us/en/fluid-striped-shirt-p02933303.html?v1=571527212,2026-09-06T04:25:07.005Z,data\raw\zara\02933303.json,JSON-LD ProductGroup.hasVariant
zara-us:02933303:571527212-069-3,zara-us:02933303,571527212-069-3,571527212-069-3,Ecru / Green,M,79.90,USD,,https://schema.org/InStock,https://www.zara.com/us/en/fluid-striped-shirt-p02933303.html?v1=571527212,2026-09-06T04:25:07.005Z,data\raw\zara\02933303.json,JSON-LD ProductGroup.hasVariant
zara-us:02933303:571527212-069-4,zara-us:02933303,571527212-069-4,571527212-069-4,Ecru / Green,L,79.90,USD,,https://schema.org/InStock,https://www.zara.com/us/en/fluid-striped-shirt-p02933303.html?v1=571527212,2026-09-06T04:25:07.005Z,data\raw\zara\02933303.json,JSON-LD ProductGroup.hasVariant
zara-us:02933303:571527212-069-5,zara-us:02933303,571527212-069-5,571527212-069-5,Ecru / Green,XL,79.90,USD,,https://schema.org/OutOfStock,https://www.zara.com/us/en/fluid-striped-shirt-p02933303.html?v1=571527212,2026-09-06T04:25:07.005Z,data\raw\zara\02933303.json,JSON-LD ProductGroup.hasVariant
zara-us:03067214:558013905-800-1,zara-us:03067214,558013905-800-1,558013905-800-1,Black,XS,59.90,USD,,https://schema.org/InStock,https://www.zara.com/us/en/pleated-mini-dress-with-shoulder-pads-p03067214.html?v1=558013905,2026-09-06T04:27:19.744Z,data\raw\zara\03067214.json,JSON-LD ProductGroup.hasVariant
zara-us:03067214:558013905-800-2,zara-us:03067214,558013905-800-2,558013905-800-2,Black,S,59.90,USD,,https://schema.org/InStock,https://www.zara.com/us/en/pleated-mini-dress-with-shoulder-pads-p03067214.html?v1=558013905,2026-09-06T04:27:19.744Z,data\raw\zara\03067214.json,JSON-LD ProductGroup.hasVariant
zara-us:03067214:558013905-800-3,zara-us:03067214,558013905-800-3,558013905-800-3,Black,M,59.90,USD,,https://schema.org/InStock,https://www.zara.com/us/en/pleated-mini-dress-with-shoulder-pads-p03067214.html?v1=558013905,2026-09-06T04:27:19.744Z,data\raw\zara\03067214.json,JSON-LD ProductGroup.hasVariant
zara-us:03067214:558013905-800-4,zara-us:03067214,558013905-800-4,558013905-800-4,Black,L,59.90,USD,,https://schema.org/InStock,https://www.zara.com/us/en/pleated-mini-dress-with-shoulder-pads-p03067214.html?v1=558013905,2026-09-06T04:27:19.744Z,data\raw\zara\03067214.json,JSON-LD ProductGroup.hasVariant
zara-us:03067214:558013905-800-5,zara-us:03067214,558013905-800-5,558013905-800-5,Black,XL,59.90,USD,,https://schema.org/InStock,https://www.zara.com/us/en/pleated-mini-dress-with-shoulder-pads-p03067214.html?v1=558013905,2026-09-06T04:27:19.744Z,data\raw\zara\03067214.json,JSON-LD ProductGroup.hasVariant
zara-us:03067214:558013905-800-6,zara-us:03067214,558013905-800-6,558013905-800-6,Black,XXL,59.90,USD,,https://schema.org/InStock,https://www.zara.com/us/en/pleated-mini-dress-with-shoulder-pads-p03067214.html?v1=558013905,2026-09-06T04:27:19.744Z,data\raw\zara\03067214.json,JSON-LD ProductGroup.hasVariant
zara-us:03152205:554768942-485-1,zara-us:03152205,554768942-485-1,554768942-485-1,Blue / Gray,XS,69.90,USD,,https://schema.org/LimitedAvailability,https://www.zara.com/us/en/ruched-halter-dress-p03152205.html?v1=554768942,2026-09-06T04:27:17.681Z,data\raw\zara\03152205.json,JSON-LD ProductGroup.hasVariant
zara-us:03152205:554768942-485-2,zara-us:03152205,554768942-485-2,554768942-485-2,Blue / Gray,S,69.90,USD,,https://schema.org/InStock,https://www.zara.com/us/en/ruched-halter-dress-p03152205.html?v1=554768942,2026-09-06T04:27:17.681Z,data\raw\zara\03152205.json,JSON-LD ProductGroup.hasVariant
zara-us:03152205:554768942-485-3,zara-us:03152205,554768942-485-3,554768942-485-3,Blue / Gray,M,69.90,USD,,https://schema.org/InStock,https://www.zara.com/us/en/ruched-halter-dress-p03152205.html?v1=554768942,2026-09-06T04:27:17.681Z,data\raw\zara\03152205.json,JSON-LD ProductGroup.hasVariant
zara-us:03152205:554768942-485-4,zara-us:03152205,554768942-485-4,554768942-485-4,Blue / Gray,L,69.90,USD,,https://schema.org/InStock,https://www.zara.com/us/en/ruched-halter-dress-p03152205.html?v1=554768942,2026-09-06T04:27:17.681Z,data\raw\zara\03152205.json,JSON-LD ProductGroup.hasVariant
zara-us:03152205:554768942-485-5,zara-us:03152205,554768942-485-5,554768942-485-5,Blue / Gray,XL,69.90,USD,,https://schema.org/InStock,https://www.zara.com/us/en/ruched-halter-dress-p03152205.html?v1=554768942,2026-09-06T04:27:17.681Z,data\raw\zara\03152205.json,JSON-LD ProductGroup.hasVariant
zara-us:03152205:554768942-485-6,zara-us:03152205,554768942-485-6,554768942-485-6,Blue / Gray,XXL,69.90,USD,,https://schema.org/InStock,https://www.zara.com/us/en/ruched-halter-dress-p03152205.html?v1=554768942,2026-09-06T04:27:17.681Z,data\raw\zara\03152205.json,JSON-LD ProductGroup.hasVariant
zara-us:03152205:554768942-800-1,zara-us:03152205,554768942-800-1,554768942-800-1,Black,XS,69.90,USD,,https://schema.org/InStock,https://www.zara.com/us/en/ruched-halter-dress-p03152205.html?v1=569277592,2026-09-06T04:27:17.681Z,data\raw\zara\03152205.json,JSON-LD ProductGroup.hasVariant
zara-us:03152205:554768942-800-2,zara-us:03152205,554768942-800-2,554768942-800-2,Black,S,69.90,USD,,https://schema.org/InStock,https://www.zara.com/us/en/ruched-halter-dress-p03152205.html?v1=569277592,2026-09-06T04:27:17.681Z,data\raw\zara\03152205.json,JSON-LD ProductGroup.hasVariant
zara-us:03152205:554768942-800-3,zara-us:03152205,554768942-800-3,554768942-800-3,Black,M,69.90,USD,,https://schema.org/InStock,https://www.zara.com/us/en/ruched-halter-dress-p03152205.html?v1=569277592,2026-09-06T04:27:17.681Z,data\raw\zara\03152205.json,JSON-LD ProductGroup.hasVariant
zara-us:03152205:554768942-800-4,zara-us:03152205,554768942-800-4,554768942-800-4,Black,L,69.90,USD,,https://schema.org/InStock,https://www.zara.com/us/en/ruched-halter-dress-p03152205.html?v1=569277592,2026-09-06T04:27:17.681Z,data\raw\zara\03152205.json,JSON-LD ProductGroup.hasVariant
zara-us:03152205:554768942-800-5,zara-us:03152205,554768942-800-5,554768942-800-5,Black,XL,69.90,USD,,https://schema.org/InStock,https://www.zara.com/us/en/ruched-halter-dress-p03152205.html?v1=569277592,2026-09-06T04:27:17.681Z,data\raw\zara\03152205.json,JSON-LD ProductGroup.hasVariant
zara-us:03152205:554768942-800-6,zara-us:03152205,554768942-800-6,554768942-800-6,Black,XXL,69.90,USD,,https://schema.org/InStock,https://www.zara.com/us/en/ruched-halter-dress-p03152205.html?v1=569277592,2026-09-06T04:27:17.681Z,data\raw\zara\03152205.json,JSON-LD ProductGroup.hasVariant
zara-us:03277401:545485752-043-2,zara-us:03277401,545485752-043-2,545485752-043-2,Navy / White,S,59.90,USD,,https://schema.org/InStock,https://www.zara.com/us/en/regular-fit-textured-shirt-p03277401.html?v1=545485752,2026-09-06T04:26:35.060Z,data\raw\zara\03277401.json,JSON-LD ProductGroup.hasVariant
zara-us:03277401:545485752-043-3,zara-us:03277401,545485752-043-3,545485752-043-3,Navy / White,M,59.90,USD,,https://schema.org/InStock,https://www.zara.com/us/en/regular-fit-textured-shirt-p03277401.html?v1=545485752,2026-09-06T04:26:35.060Z,data\raw\zara\03277401.json,JSON-LD ProductGroup.hasVariant
zara-us:03277401:545485752-043-4,zara-us:03277401,545485752-043-4,545485752-043-4,Navy / White,L,59.90,USD,,https://schema.org/InStock,https://www.zara.com/us/en/regular-fit-textured-shirt-p03277401.html?v1=545485752,2026-09-06T04:26:35.060Z,data\raw\zara\03277401.json,JSON-LD ProductGroup.hasVariant
zara-us:03277401:545485752-043-5,zara-us:03277401,545485752-043-5,545485752-043-5,Navy / White,XL,59.90,USD,,https://schema.org/InStock,https://www.zara.com/us/en/regular-fit-textured-shirt-p03277401.html?v1=545485752,2026-09-06T04:26:35.060Z,data\raw\zara\03277401.json,JSON-LD ProductGroup.hasVariant
zara-us:03277401:545485752-058-2,zara-us:03277401,545485752-058-2,545485752-058-2,White / Sky blue,S,59.90,USD,,https://schema.org/InStock,https://www.zara.com/us/en/regular-fit-textured-shirt-p03277401.html?v1=545485748,2026-09-06T04:26:35.060Z,data\raw\zara\03277401.json,JSON-LD ProductGroup.hasVariant
zara-us:03277401:545485752-058-3,zara-us:03277401,545485752-058-3,545485752-058-3,White / Sky blue,M,59.90,USD,,https://schema.org/InStock,https://www.zara.com/us/en/regular-fit-textured-shirt-p03277401.html?v1=545485748,2026-09-06T04:26:35.060Z,data\raw\zara\03277401.json,JSON-LD ProductGroup.hasVariant
zara-us:03277401:545485752-058-4,zara-us:03277401,545485752-058-4,545485752-058-4,White / Sky blue,L,59.90,USD,,https://schema.org/InStock,https://www.zara.com/us/en/regular-fit-textured-shirt-p03277401.html?v1=545485748,2026-09-06T04:26:35.060Z,data\raw\zara\03277401.json,JSON-LD ProductGroup.hasVariant
zara-us:03277401:545485752-058-5,zara-us:03277401,545485752-058-5,545485752-058-5,White / Sky blue,XL,59.90,USD,,https://schema.org/InStock,https://www.zara.com/us/en/regular-fit-textured-shirt-p03277401.html?v1=545485748,2026-09-06T04:26:35.060Z,data\raw\zara\03277401.json,JSON-LD ProductGroup.hasVariant
zara-us:03277401:545485752-500-2,zara-us:03277401,545485752-500-2,545485752-500-2,Green,S,59.90,USD,,https://schema.org/InStock,https://www.zara.com/us/en/regular-fit-textured-shirt-p03277401.html?v1=545485749,2026-09-06T04:26:35.060Z,data\raw\zara\03277401.json,JSON-LD ProductGroup.hasVariant
zara-us:03277401:545485752-500-3,zara-us:03277401,545485752-500-3,545485752-500-3,Green,M,59.90,USD,,https://schema.org/InStock,https://www.zara.com/us/en/regular-fit-textured-shirt-p03277401.html?v1=545485749,2026-09-06T04:26:35.060Z,data\raw\zara\03277401.json,JSON-LD ProductGroup.hasVariant
zara-us:03277401:545485752-500-4,zara-us:03277401,545485752-500-4,545485752-500-4,Green,L,59.90,USD,,https://schema.org/InStock,https://www.zara.com/us/en/regular-fit-textured-shirt-p03277401.html?v1=545485749,2026-09-06T04:26:35.060Z,data\raw\zara\03277401.json,JSON-LD ProductGroup.hasVariant
zara-us:03277401:545485752-500-5,zara-us:03277401,545485752-500-5,545485752-500-5,Green,XL,59.90,USD,,https://schema.org/InStock,https://www.zara.com/us/en/regular-fit-textured-shirt-p03277401.html?v1=545485749,2026-09-06T04:26:35.060Z,data\raw\zara\03277401.json,JSON-LD ProductGroup.hasVariant
zara-us:03277401:545485752-712-2,zara-us:03277401,545485752-712-2,545485752-712-2,Ecru,S,59.90,USD,,https://schema.org/InStock,https://www.zara.com/us/en/regular-fit-textured-shirt-p03277401.html?v1=545485750,2026-09-06T04:26:35.060Z,data\raw\zara\03277401.json,JSON-LD ProductGroup.hasVariant
zara-us:03277401:545485752-712-3,zara-us:03277401,545485752-712-3,545485752-712-3,Ecru,M,59.90,USD,,https://schema.org/InStock,https://www.zara.com/us/en/regular-fit-textured-shirt-p03277401.html?v1=545485750,2026-09-06T04:26:35.060Z,data\raw\zara\03277401.json,JSON-LD ProductGroup.hasVariant
zara-us:03277401:545485752-712-4,zara-us:03277401,545485752-712-4,545485752-712-4,Ecru,L,59.90,USD,,https://schema.org/InStock,https://www.zara.com/us/en/regular-fit-textured-shirt-p03277401.html?v1=545485750,2026-09-06T04:26:35.060Z,data\raw\zara\03277401.json,JSON-LD ProductGroup.hasVariant
zara-us:03277401:545485752-712-5,zara-us:03277401,545485752-712-5,545485752-712-5,Ecru,XL,59.90,USD,,https://schema.org/InStock,https://www.zara.com/us/en/regular-fit-textured-shirt-p03277401.html?v1=545485750,2026-09-06T04:26:35.060Z,data\raw\zara\03277401.json,JSON-LD ProductGroup.hasVariant
zara-us:03798623:568064595-707-2,zara-us:03798623,568064595-707-2,568064595-707-2,taupe brown,S,59.90,USD,,https://schema.org/InStock,https://www.zara.com/us/en/lyocell-cotton-regular-fit-shirt-p03798623.html?v1=568064595,2026-09-06T04:26:53.042Z,data\raw\zara\03798623.json,JSON-LD ProductGroup.hasVariant
zara-us:03798623:568064595-707-3,zara-us:03798623,568064595-707-3,568064595-707-3,taupe brown,M,59.90,USD,,https://schema.org/InStock,https://www.zara.com/us/en/lyocell-cotton-regular-fit-shirt-p03798623.html?v1=568064595,2026-09-06T04:26:53.042Z,data\raw\zara\03798623.json,JSON-LD ProductGroup.hasVariant
zara-us:03798623:568064595-707-4,zara-us:03798623,568064595-707-4,568064595-707-4,taupe brown,L,59.90,USD,,https://schema.org/InStock,https://www.zara.com/us/en/lyocell-cotton-regular-fit-shirt-p03798623.html?v1=568064595,2026-09-06T04:26:53.042Z,data\raw\zara\03798623.json,JSON-LD ProductGroup.hasVariant
zara-us:03798623:568064595-707-5,zara-us:03798623,568064595-707-5,568064595-707-5,taupe brown,XL,59.90,USD,,https://schema.org/InStock,https://www.zara.com/us/en/lyocell-cotton-regular-fit-shirt-p03798623.html?v1=568064595,2026-09-06T04:26:53.042Z,data\raw\zara\03798623.json,JSON-LD ProductGroup.hasVariant
zara-us:03897173:557407428-700-1,zara-us:03897173,557407428-700-1,557407428-700-1,Brown,XS,79.90,USD,,https://schema.org/InStock,https://www.zara.com/us/en/satin-midi-dress-p03897173.html?v1=557407428,2026-09-06T04:27:51.335Z,data\raw\zara\03897173.json,JSON-LD ProductGroup.hasVariant
zara-us:03897173:557407428-700-2,zara-us:03897173,557407428-700-2,557407428-700-2,Brown,S,79.90,USD,,https://schema.org/InStock,https://www.zara.com/us/en/satin-midi-dress-p03897173.html?v1=557407428,2026-09-06T04:27:51.335Z,data\raw\zara\03897173.json,JSON-LD ProductGroup.hasVariant
zara-us:03897173:557407428-700-3,zara-us:03897173,557407428-700-3,557407428-700-3,Brown,M,79.90,USD,,https://schema.org/InStock,https://www.zara.com/us/en/satin-midi-dress-p03897173.html?v1=557407428,2026-09-06T04:27:51.335Z,data\raw\zara\03897173.json,JSON-LD ProductGroup.hasVariant
zara-us:03897173:557407428-700-4,zara-us:03897173,557407428-700-4,557407428-700-4,Brown,L,79.90,USD,,https://schema.org/InStock,https://www.zara.com/us/en/satin-midi-dress-p03897173.html?v1=557407428,2026-09-06T04:27:51.335Z,data\raw\zara\03897173.json,JSON-LD ProductGroup.hasVariant
zara-us:03897173:557407428-700-5,zara-us:03897173,557407428-700-5,557407428-700-5,Brown,XL,79.90,USD,,https://schema.org/InStock,https://www.zara.com/us/en/satin-midi-dress-p03897173.html?v1=557407428,2026-09-06T04:27:51.335Z,data\raw\zara\03897173.json,JSON-LD ProductGroup.hasVariant
zara-us:04087516:553306774-506-2,zara-us:04087516,553306774-506-2,553306774-506-2,Light khaki,S,59.90,USD,,https://schema.org/InStock,https://www.zara.com/us/en/washed-pique-regular-fit-shirt-p04087516.html?v1=553306774,2026-09-06T04:26:54.248Z,data\raw\zara\04087516.json,JSON-LD ProductGroup.hasVariant
zara-us:04087516:553306774-506-3,zara-us:04087516,553306774-506-3,553306774-506-3,Light khaki,M,59.90,USD,,https://schema.org/InStock,https://www.zara.com/us/en/washed-pique-regular-fit-shirt-p04087516.html?v1=553306774,2026-09-06T04:26:54.248Z,data\raw\zara\04087516.json,JSON-LD ProductGroup.hasVariant
zara-us:04087516:553306774-506-4,zara-us:04087516,553306774-506-4,553306774-506-4,Light khaki,L,59.90,USD,,https://schema.org/InStock,https://www.zara.com/us/en/washed-pique-regular-fit-shirt-p04087516.html?v1=553306774,2026-09-06T04:26:54.248Z,data\raw\zara\04087516.json,JSON-LD ProductGroup.hasVariant
zara-us:04087516:553306774-506-5,zara-us:04087516,553306774-506-5,553306774-506-5,Light khaki,XL,59.90,USD,,https://schema.org/InStock,https://www.zara.com/us/en/washed-pique-regular-fit-shirt-p04087516.html?v1=553306774,2026-09-06T04:26:54.248Z,data\raw\zara\04087516.json,JSON-LD ProductGroup.hasVariant
zara-us:04087516:553306774-807-2,zara-us:04087516,553306774-807-2,553306774-807-2,Anthracite grey,S,59.90,USD,,https://schema.org/InStock,https://www.zara.com/us/en/washed-pique-regular-fit-shirt-p04087516.html?v1=553306775,2026-09-06T04:26:54.248Z,data\raw\zara\04087516.json,JSON-LD ProductGroup.hasVariant
zara-us:04087516:553306774-807-3,zara-us:04087516,553306774-807-3,553306774-807-3,Anthracite grey,M,59.90,USD,,https://schema.org/InStock,https://www.zara.com/us/en/washed-pique-regular-fit-shirt-p04087516.html?v1=553306775,2026-09-06T04:26:54.248Z,data\raw\zara\04087516.json,JSON-LD ProductGroup.hasVariant
zara-us:04087516:553306774-807-4,zara-us:04087516,553306774-807-4,553306774-807-4,Anthracite grey,L,59.90,USD,,https://schema.org/InStock,https://www.zara.com/us/en/washed-pique-regular-fit-shirt-p04087516.html?v1=553306775,2026-09-06T04:26:54.248Z,data\raw\zara\04087516.json,JSON-LD ProductGroup.hasVariant
zara-us:04087516:553306774-807-5,zara-us:04087516,553306774-807-5,553306774-807-5,Anthracite grey,XL,59.90,USD,,https://schema.org/InStock,https://www.zara.com/us/en/washed-pique-regular-fit-shirt-p04087516.html?v1=553306775,2026-09-06T04:26:54.248Z,data\raw\zara\04087516.json,JSON-LD ProductGroup.hasVariant
zara-us:04333476:545465810-070-2,zara-us:04333476,545465810-070-2,545465810-070-2,Ecru / Black,S,59.90,USD,,https://schema.org/InStock,https://www.zara.com/us/en/textured-weave-shirt-p04333476.html?v1=545465810,2026-09-06T04:24:41.950Z,data\raw\zara\04333476.json,JSON-LD ProductGroup.hasVariant
zara-us:04333476:545465810-070-3,zara-us:04333476,545465810-070-3,545465810-070-3,Ecru / Black,M,59.90,USD,,https://schema.org/InStock,https://www.zara.com/us/en/textured-weave-shirt-p04333476.html?v1=545465810,2026-09-06T04:24:41.950Z,data\raw\zara\04333476.json,JSON-LD ProductGroup.hasVariant
zara-us:04333476:545465810-070-4,zara-us:04333476,545465810-070-4,545465810-070-4,Ecru / Black,L,59.90,USD,,https://schema.org/InStock,https://www.zara.com/us/en/textured-weave-shirt-p04333476.html?v1=545465810,2026-09-06T04:24:41.950Z,data\raw\zara\04333476.json,JSON-LD ProductGroup.hasVariant
zara-us:04333476:545465810-070-5,zara-us:04333476,545465810-070-5,545465810-070-5,Ecru / Black,XL,59.90,USD,,https://schema.org/InStock,https://www.zara.com/us/en/textured-weave-shirt-p04333476.html?v1=545465810,2026-09-06T04:24:41.950Z,data\raw\zara\04333476.json,JSON-LD ProductGroup.hasVariant
zara-us:04333476:545465810-800-2,zara-us:04333476,545465810-800-2,545465810-800-2,Black,S,59.90,USD,,https://schema.org/InStock,https://www.zara.com/us/en/textured-weave-shirt-p04333476.html?v1=545465809,2026-09-06T04:24:41.950Z,data\raw\zara\04333476.json,JSON-LD ProductGroup.hasVariant
zara-us:04333476:545465810-800-3,zara-us:04333476,545465810-800-3,545465810-800-3,Black,M,59.90,USD,,https://schema.org/InStock,https://www.zara.com/us/en/textured-weave-shirt-p04333476.html?v1=545465809,2026-09-06T04:24:41.950Z,data\raw\zara\04333476.json,JSON-LD ProductGroup.hasVariant
zara-us:04333476:545465810-800-4,zara-us:04333476,545465810-800-4,545465810-800-4,Black,L,59.90,USD,,https://schema.org/InStock,https://www.zara.com/us/en/textured-weave-shirt-p04333476.html?v1=545465809,2026-09-06T04:24:41.950Z,data\raw\zara\04333476.json,JSON-LD ProductGroup.hasVariant
zara-us:04333476:545465810-800-5,zara-us:04333476,545465810-800-5,545465810-800-5,Black,XL,59.90,USD,,https://schema.org/InStock,https://www.zara.com/us/en/textured-weave-shirt-p04333476.html?v1=545465809,2026-09-06T04:24:41.950Z,data\raw\zara\04333476.json,JSON-LD ProductGroup.hasVariant
zara-us:04333476:545465810-712-2,zara-us:04333476,545465810-712-2,545465810-712-2,Ecru,S,59.90,USD,,https://schema.org/InStock,https://www.zara.com/us/en/textured-weave-shirt-p04333476.html?v1=545465808,2026-09-06T04:24:41.950Z,data\raw\zara\04333476.json,JSON-LD ProductGroup.hasVariant
zara-us:04333476:545465810-712-3,zara-us:04333476,545465810-712-3,545465810-712-3,Ecru,M,59.90,USD,,https://schema.org/InStock,https://www.zara.com/us/en/textured-weave-shirt-p04333476.html?v1=545465808,2026-09-06T04:24:41.950Z,data\raw\zara\04333476.json,JSON-LD ProductGroup.hasVariant
zara-us:04333476:545465810-712-4,zara-us:04333476,545465810-712-4,545465810-712-4,Ecru,L,59.90,USD,,https://schema.org/InStock,https://www.zara.com/us/en/textured-weave-shirt-p04333476.html?v1=545465808,2026-09-06T04:24:41.950Z,data\raw\zara\04333476.json,JSON-LD ProductGroup.hasVariant
zara-us:04333476:545465810-712-5,zara-us:04333476,545465810-712-5,545465810-712-5,Ecru,XL,59.90,USD,,https://schema.org/InStock,https://www.zara.com/us/en/textured-weave-shirt-p04333476.html?v1=545465808,2026-09-06T04:24:41.950Z,data\raw\zara\04333476.json,JSON-LD ProductGroup.hasVariant
zara-us:04333476:545465810-080-2,zara-us:04333476,545465810-080-2,545465810-080-2,Ecru / Blue,S,59.90,USD,,https://schema.org/InStock,https://www.zara.com/us/en/textured-weave-shirt-p04333476.html?v1=545465807,2026-09-06T04:24:41.950Z,data\raw\zara\04333476.json,JSON-LD ProductGroup.hasVariant
zara-us:04333476:545465810-080-3,zara-us:04333476,545465810-080-3,545465810-080-3,Ecru / Blue,M,59.90,USD,,https://schema.org/InStock,https://www.zara.com/us/en/textured-weave-shirt-p04333476.html?v1=545465807,2026-09-06T04:24:41.950Z,data\raw\zara\04333476.json,JSON-LD ProductGroup.hasVariant
zara-us:04333476:545465810-080-4,zara-us:04333476,545465810-080-4,545465810-080-4,Ecru / Blue,L,59.90,USD,,https://schema.org/InStock,https://www.zara.com/us/en/textured-weave-shirt-p04333476.html?v1=545465807,2026-09-06T04:24:41.950Z,data\raw\zara\04333476.json,JSON-LD ProductGroup.hasVariant
zara-us:04333476:545465810-080-5,zara-us:04333476,545465810-080-5,545465810-080-5,Ecru / Blue,XL,59.90,USD,,https://schema.org/InStock,https://www.zara.com/us/en/textured-weave-shirt-p04333476.html?v1=545465807,2026-09-06T04:24:41.950Z,data\raw\zara\04333476.json,JSON-LD ProductGroup.hasVariant
zara-us:04408147:545404938-250-2,zara-us:04408147,545404938-250-2,545404938-250-2,White,S,59.90,USD,,https://schema.org/InStock,https://www.zara.com/us/en/slim-fit-shirt-p04408147.html?v1=545404938,2026-09-06T04:24:35.960Z,data\raw\zara\04408147.json,JSON-LD ProductGroup.hasVariant
zara-us:04408147:545404938-250-3,zara-us:04408147,545404938-250-3,545404938-250-3,White,M,59.90,USD,,https://schema.org/InStock,https://www.zara.com/us/en/slim-fit-shirt-p04408147.html?v1=545404938,2026-09-06T04:24:35.960Z,data\raw\zara\04408147.json,JSON-LD ProductGroup.hasVariant
zara-us:04408147:545404938-250-4,zara-us:04408147,545404938-250-4,545404938-250-4,White,L,59.90,USD,,https://schema.org/InStock,https://www.zara.com/us/en/slim-fit-shirt-p04408147.html?v1=545404938,2026-09-06T04:24:35.960Z,data\raw\zara\04408147.json,JSON-LD ProductGroup.hasVariant
zara-us:04408147:545404938-250-5,zara-us:04408147,545404938-250-5,545404938-250-5,White,XL,59.90,USD,,https://schema.org/InStock,https://www.zara.com/us/en/slim-fit-shirt-p04408147.html?v1=545404938,2026-09-06T04:24:35.960Z,data\raw\zara\04408147.json,JSON-LD ProductGroup.hasVariant
zara-us:04408147:545404938-711-2,zara-us:04408147,545404938-711-2,545404938-711-2,Sand,S,59.90,USD,,https://schema.org/InStock,https://www.zara.com/us/en/slim-fit-shirt-p04408147.html?v1=545404947,2026-09-06T04:24:35.960Z,data\raw\zara\04408147.json,JSON-LD ProductGroup.hasVariant
zara-us:04408147:545404938-711-3,zara-us:04408147,545404938-711-3,545404938-711-3,Sand,M,59.90,USD,,https://schema.org/InStock,https://www.zara.com/us/en/slim-fit-shirt-p04408147.html?v1=545404947,2026-09-06T04:24:35.960Z,data\raw\zara\04408147.json,JSON-LD ProductGroup.hasVariant
zara-us:04408147:545404938-711-4,zara-us:04408147,545404938-711-4,545404938-711-4,Sand,L,59.90,USD,,https://schema.org/InStock,https://www.zara.com/us/en/slim-fit-shirt-p04408147.html?v1=545404947,2026-09-06T04:24:35.960Z,data\raw\zara\04408147.json,JSON-LD ProductGroup.hasVariant
zara-us:04408147:545404938-711-5,zara-us:04408147,545404938-711-5,545404938-711-5,Sand,XL,59.90,USD,,https://schema.org/InStock,https://www.zara.com/us/en/slim-fit-shirt-p04408147.html?v1=545404947,2026-09-06T04:24:35.960Z,data\raw\zara\04408147.json,JSON-LD ProductGroup.hasVariant
zara-us:04408147:545404938-800-2,zara-us:04408147,545404938-800-2,545404938-800-2,Black,S,59.90,USD,,https://schema.org/InStock,https://www.zara.com/us/en/slim-fit-shirt-p04408147.html?v1=545404948,2026-09-06T04:24:35.960Z,data\raw\zara\04408147.json,JSON-LD ProductGroup.hasVariant
zara-us:04408147:545404938-800-3,zara-us:04408147,545404938-800-3,545404938-800-3,Black,M,59.90,USD,,https://schema.org/InStock,https://www.zara.com/us/en/slim-fit-shirt-p04408147.html?v1=545404948,2026-09-06T04:24:35.960Z,data\raw\zara\04408147.json,JSON-LD ProductGroup.hasVariant
zara-us:04408147:545404938-800-4,zara-us:04408147,545404938-800-4,545404938-800-4,Black,L,59.90,USD,,https://schema.org/InStock,https://www.zara.com/us/en/slim-fit-shirt-p04408147.html?v1=545404948,2026-09-06T04:24:35.960Z,data\raw\zara\04408147.json,JSON-LD ProductGroup.hasVariant
zara-us:04408147:545404938-800-5,zara-us:04408147,545404938-800-5,545404938-800-5,Black,XL,59.90,USD,,https://schema.org/InStock,https://www.zara.com/us/en/slim-fit-shirt-p04408147.html?v1=545404948,2026-09-06T04:24:35.960Z,data\raw\zara\04408147.json,JSON-LD ProductGroup.hasVariant
zara-us:04408147:545404938-437-2,zara-us:04408147,545404938-437-2,545404938-437-2,Light sky blue,S,59.90,USD,,https://schema.org/InStock,https://www.zara.com/us/en/slim-fit-shirt-p04408147.html?v1=545404949,2026-09-06T04:24:35.960Z,data\raw\zara\04408147.json,JSON-LD ProductGroup.hasVariant
zara-us:04408147:545404938-437-3,zara-us:04408147,545404938-437-3,545404938-437-3,Light sky blue,M,59.90,USD,,https://schema.org/InStock,https://www.zara.com/us/en/slim-fit-shirt-p04408147.html?v1=545404949,2026-09-06T04:24:35.960Z,data\raw\zara\04408147.json,JSON-LD ProductGroup.hasVariant
zara-us:04408147:545404938-437-4,zara-us:04408147,545404938-437-4,545404938-437-4,Light sky blue,L,59.90,USD,,https://schema.org/InStock,https://www.zara.com/us/en/slim-fit-shirt-p04408147.html?v1=545404949,2026-09-06T04:24:35.960Z,data\raw\zara\04408147.json,JSON-LD ProductGroup.hasVariant
zara-us:04408147:545404938-437-5,zara-us:04408147,545404938-437-5,545404938-437-5,Light sky blue,XL,59.90,USD,,https://schema.org/InStock,https://www.zara.com/us/en/slim-fit-shirt-p04408147.html?v1=545404949,2026-09-06T04:24:35.960Z,data\raw\zara\04408147.json,JSON-LD ProductGroup.hasVariant
zara-us:04493144:545486246-250-2,zara-us:04493144,545486246-250-2,545486246-250-2,White,S,69.90,USD,,https://schema.org/InStock,https://www.zara.com/us/en/regular-fit-shirt-p04493144.html?v1=545486246,2026-09-06T04:26:36.497Z,data\raw\zara\04493144.json,JSON-LD ProductGroup.hasVariant
zara-us:04493144:545486246-250-3,zara-us:04493144,545486246-250-3,545486246-250-3,White,M,69.90,USD,,https://schema.org/InStock,https://www.zara.com/us/en/regular-fit-shirt-p04493144.html?v1=545486246,2026-09-06T04:26:36.497Z,data\raw\zara\04493144.json,JSON-LD ProductGroup.hasVariant
zara-us:04493144:545486246-250-4,zara-us:04493144,545486246-250-4,545486246-250-4,White,L,69.90,USD,,https://schema.org/InStock,https://www.zara.com/us/en/regular-fit-shirt-p04493144.html?v1=545486246,2026-09-06T04:26:36.497Z,data\raw\zara\04493144.json,JSON-LD ProductGroup.hasVariant
zara-us:04493144:545486246-250-5,zara-us:04493144,545486246-250-5,545486246-250-5,White,XL,69.90,USD,,https://schema.org/InStock,https://www.zara.com/us/en/regular-fit-shirt-p04493144.html?v1=545486246,2026-09-06T04:26:36.497Z,data\raw\zara\04493144.json,JSON-LD ProductGroup.hasVariant
zara-us:04493144:545486246-098-2,zara-us:04493144,545486246-098-2,545486246-098-2,Green / Ecru,S,69.90,USD,,https://schema.org/InStock,https://www.zara.com/us/en/regular-fit-shirt-p04493144.html?v1=548059128,2026-09-06T04:26:36.497Z,data\raw\zara\04493144.json,JSON-LD ProductGroup.hasVariant
zara-us:04493144:545486246-098-3,zara-us:04493144,545486246-098-3,545486246-098-3,Green / Ecru,M,69.90,USD,,https://schema.org/InStock,https://www.zara.com/us/en/regular-fit-shirt-p04493144.html?v1=548059128,2026-09-06T04:26:36.497Z,data\raw\zara\04493144.json,JSON-LD ProductGroup.hasVariant
zara-us:04493144:545486246-098-4,zara-us:04493144,545486246-098-4,545486246-098-4,Green / Ecru,L,69.90,USD,,https://schema.org/InStock,https://www.zara.com/us/en/regular-fit-shirt-p04493144.html?v1=548059128,2026-09-06T04:26:36.497Z,data\raw\zara\04493144.json,JSON-LD ProductGroup.hasVariant
zara-us:04493144:545486246-098-5,zara-us:04493144,545486246-098-5,545486246-098-5,Green / Ecru,XL,69.90,USD,,https://schema.org/InStock,https://www.zara.com/us/en/regular-fit-shirt-p04493144.html?v1=548059128,2026-09-06T04:26:36.497Z,data\raw\zara\04493144.json,JSON-LD ProductGroup.hasVariant
zara-us:04493144:545486246-044-2,zara-us:04493144,545486246-044-2,545486246-044-2,Blue / White,S,69.90,USD,,https://schema.org/InStock,https://www.zara.com/us/en/regular-fit-shirt-p04493144.html?v1=545486249,2026-09-06T04:26:36.497Z,data\raw\zara\04493144.json,JSON-LD ProductGroup.hasVariant
zara-us:04493144:545486246-044-3,zara-us:04493144,545486246-044-3,545486246-044-3,Blue / White,M,69.90,USD,,https://schema.org/InStock,https://www.zara.com/us/en/regular-fit-shirt-p04493144.html?v1=545486249,2026-09-06T04:26:36.497Z,data\raw\zara\04493144.json,JSON-LD ProductGroup.hasVariant
zara-us:04493144:545486246-044-4,zara-us:04493144,545486246-044-4,545486246-044-4,Blue / White,L,69.90,USD,,https://schema.org/InStock,https://www.zara.com/us/en/regular-fit-shirt-p04493144.html?v1=545486249,2026-09-06T04:26:36.497Z,data\raw\zara\04493144.json,JSON-LD ProductGroup.hasVariant
zara-us:04493144:545486246-044-5,zara-us:04493144,545486246-044-5,545486246-044-5,Blue / White,XL,69.90,USD,,https://schema.org/InStock,https://www.zara.com/us/en/regular-fit-shirt-p04493144.html?v1=545486249,2026-09-06T04:26:36.497Z,data\raw\zara\04493144.json,JSON-LD ProductGroup.hasVariant
zara-us:04493144:545486246-401-2,zara-us:04493144,545486246-401-2,545486246-401-2,Navy blue,S,69.90,USD,,https://schema.org/InStock,https://www.zara.com/us/en/regular-fit-shirt-p04493144.html?v1=548059129,2026-09-06T04:26:36.497Z,data\raw\zara\04493144.json,JSON-LD ProductGroup.hasVariant
zara-us:04493144:545486246-401-3,zara-us:04493144,545486246-401-3,545486246-401-3,Navy blue,M,69.90,USD,,https://schema.org/InStock,https://www.zara.com/us/en/regular-fit-shirt-p04493144.html?v1=548059129,2026-09-06T04:26:36.497Z,data\raw\zara\04493144.json,JSON-LD ProductGroup.hasVariant
zara-us:04493144:545486246-401-4,zara-us:04493144,545486246-401-4,545486246-401-4,Navy blue,L,69.90,USD,,https://schema.org/InStock,https://www.zara.com/us/en/regular-fit-shirt-p04493144.html?v1=548059129,2026-09-06T04:26:36.497Z,data\raw\zara\04493144.json,JSON-LD ProductGroup.hasVariant
zara-us:04493144:545486246-401-5,zara-us:04493144,545486246-401-5,545486246-401-5,Navy blue,XL,69.90,USD,,https://schema.org/InStock,https://www.zara.com/us/en/regular-fit-shirt-p04493144.html?v1=548059129,2026-09-06T04:26:36.497Z,data\raw\zara\04493144.json,JSON-LD ProductGroup.hasVariant
zara-us:04493144:545486246-403-2,zara-us:04493144,545486246-403-2,545486246-403-2,Sky blue,S,69.90,USD,,https://schema.org/InStock,https://www.zara.com/us/en/regular-fit-shirt-p04493144.html?v1=545486254,2026-09-06T04:26:36.497Z,data\raw\zara\04493144.json,JSON-LD ProductGroup.hasVariant
zara-us:04493144:545486246-403-3,zara-us:04493144,545486246-403-3,545486246-403-3,Sky blue,M,69.90,USD,,https://schema.org/InStock,https://www.zara.com/us/en/regular-fit-shirt-p04493144.html?v1=545486254,2026-09-06T04:26:36.497Z,data\raw\zara\04493144.json,JSON-LD ProductGroup.hasVariant
zara-us:04493144:545486246-403-4,zara-us:04493144,545486246-403-4,545486246-403-4,Sky blue,L,69.90,USD,,https://schema.org/InStock,https://www.zara.com/us/en/regular-fit-shirt-p04493144.html?v1=545486254,2026-09-06T04:26:36.497Z,data\raw\zara\04493144.json,JSON-LD ProductGroup.hasVariant
zara-us:04493144:545486246-403-5,zara-us:04493144,545486246-403-5,545486246-403-5,Sky blue,XL,69.90,USD,,https://schema.org/InStock,https://www.zara.com/us/en/regular-fit-shirt-p04493144.html?v1=545486254,2026-09-06T04:26:36.497Z,data\raw\zara\04493144.json,JSON-LD ProductGroup.hasVariant
zara-us:04493144:545486246-800-2,zara-us:04493144,545486246-800-2,545486246-800-2,Black,S,69.90,USD,,https://schema.org/InStock,https://www.zara.com/us/en/regular-fit-shirt-p04493144.html?v1=545486255,2026-09-06T04:26:36.497Z,data\raw\zara\04493144.json,JSON-LD ProductGroup.hasVariant
zara-us:04493144:545486246-800-3,zara-us:04493144,545486246-800-3,545486246-800-3,Black,M,69.90,USD,,https://schema.org/InStock,https://www.zara.com/us/en/regular-fit-shirt-p04493144.html?v1=545486255,2026-09-06T04:26:36.497Z,data\raw\zara\04493144.json,JSON-LD ProductGroup.hasVariant
zara-us:04493144:545486246-800-4,zara-us:04493144,545486246-800-4,545486246-800-4,Black,L,69.90,USD,,https://schema.org/InStock,https://www.zara.com/us/en/regular-fit-shirt-p04493144.html?v1=545486255,2026-09-06T04:26:36.497Z,data\raw\zara\04493144.json,JSON-LD ProductGroup.hasVariant
zara-us:04493144:545486246-800-5,zara-us:04493144,545486246-800-5,545486246-800-5,Black,XL,69.90,USD,,https://schema.org/InStock,https://www.zara.com/us/en/regular-fit-shirt-p04493144.html?v1=545486255,2026-09-06T04:26:36.497Z,data\raw\zara\04493144.json,JSON-LD ProductGroup.hasVariant
zara-us:04772211:560076680-716-1,zara-us:04772211,560076680-716-1,560076680-716-1,Dark brown,XS,79.90,USD,,https://schema.org/InStock,https://www.zara.com/us/en/voluminous-sleeve-mini-dress-p04772211.html?v1=560076680,2026-09-06T04:27:23.373Z,data\raw\zara\04772211.json,JSON-LD ProductGroup.hasVariant
zara-us:04772211:560076680-716-2,zara-us:04772211,560076680-716-2,560076680-716-2,Dark brown,S,79.90,USD,,https://schema.org/InStock,https://www.zara.com/us/en/voluminous-sleeve-mini-dress-p04772211.html?v1=560076680,2026-09-06T04:27:23.373Z,data\raw\zara\04772211.json,JSON-LD ProductGroup.hasVariant
zara-us:04772211:560076680-716-3,zara-us:04772211,560076680-716-3,560076680-716-3,Dark brown,M,79.90,USD,,https://schema.org/InStock,https://www.zara.com/us/en/voluminous-sleeve-mini-dress-p04772211.html?v1=560076680,2026-09-06T04:27:23.373Z,data\raw\zara\04772211.json,JSON-LD ProductGroup.hasVariant
zara-us:04772211:560076680-716-4,zara-us:04772211,560076680-716-4,560076680-716-4,Dark brown,L,79.90,USD,,https://schema.org/InStock,https://www.zara.com/us/en/voluminous-sleeve-mini-dress-p04772211.html?v1=560076680,2026-09-06T04:27:23.373Z,data\raw\zara\04772211.json,JSON-LD ProductGroup.hasVariant
zara-us:04772211:560076680-716-5,zara-us:04772211,560076680-716-5,560076680-716-5,Dark brown,XL,79.90,USD,,https://schema.org/InStock,https://www.zara.com/us/en/voluminous-sleeve-mini-dress-p04772211.html?v1=560076680,2026-09-06T04:27:23.373Z,data\raw\zara\04772211.json,JSON-LD ProductGroup.hasVariant
zara-us:04772211:560076680-716-6,zara-us:04772211,560076680-716-6,560076680-716-6,Dark brown,XXL,79.90,USD,,https://schema.org/InStock,https://www.zara.com/us/en/voluminous-sleeve-mini-dress-p04772211.html?v1=560076680,2026-09-06T04:27:23.373Z,data\raw\zara\04772211.json,JSON-LD ProductGroup.hasVariant
zara-us:04772225:560084872-506-1,zara-us:04772225,560084872-506-1,560084872-506-1,Light khaki,XS,69.90,USD,,https://schema.org/InStock,https://www.zara.com/us/en/shoulder-pad-midi-dress-p04772225.html?v1=560084872,2026-09-06T04:27:21.221Z,data\raw\zara\04772225.json,JSON-LD ProductGroup.hasVariant
zara-us:04772225:560084872-506-2,zara-us:04772225,560084872-506-2,560084872-506-2,Light khaki,S,69.90,USD,,https://schema.org/InStock,https://www.zara.com/us/en/shoulder-pad-midi-dress-p04772225.html?v1=560084872,2026-09-06T04:27:21.221Z,data\raw\zara\04772225.json,JSON-LD ProductGroup.hasVariant
zara-us:04772225:560084872-506-3,zara-us:04772225,560084872-506-3,560084872-506-3,Light khaki,M,69.90,USD,,https://schema.org/InStock,https://www.zara.com/us/en/shoulder-pad-midi-dress-p04772225.html?v1=560084872,2026-09-06T04:27:21.221Z,data\raw\zara\04772225.json,JSON-LD ProductGroup.hasVariant
zara-us:04772225:560084872-506-4,zara-us:04772225,560084872-506-4,560084872-506-4,Light khaki,L,69.90,USD,,https://schema.org/InStock,https://www.zara.com/us/en/shoulder-pad-midi-dress-p04772225.html?v1=560084872,2026-09-06T04:27:21.221Z,data\raw\zara\04772225.json,JSON-LD ProductGroup.hasVariant
zara-us:04772225:560084872-506-5,zara-us:04772225,560084872-506-5,560084872-506-5,Light khaki,XL,69.90,USD,,https://schema.org/InStock,https://www.zara.com/us/en/shoulder-pad-midi-dress-p04772225.html?v1=560084872,2026-09-06T04:27:21.221Z,data\raw\zara\04772225.json,JSON-LD ProductGroup.hasVariant
zara-us:04772225:560084872-506-6,zara-us:04772225,560084872-506-6,560084872-506-6,Light khaki,XXL,69.90,USD,,https://schema.org/InStock,https://www.zara.com/us/en/shoulder-pad-midi-dress-p04772225.html?v1=560084872,2026-09-06T04:27:21.221Z,data\raw\zara\04772225.json,JSON-LD ProductGroup.hasVariant
zara-us:04772386:557025836-629-1,zara-us:04772386,557025836-629-1,557025836-629-1,Lilac,XS,59.90,USD,,https://schema.org/InStock,https://www.zara.com/us/en/satin-midi-halter-dress-p04772386.html?v1=557025836,2026-09-06T04:28:46.014Z,data\raw\zara\04772386.json,JSON-LD ProductGroup.hasVariant
zara-us:04772386:557025836-629-2,zara-us:04772386,557025836-629-2,557025836-629-2,Lilac,S,59.90,USD,,https://schema.org/InStock,https://www.zara.com/us/en/satin-midi-halter-dress-p04772386.html?v1=557025836,2026-09-06T04:28:46.014Z,data\raw\zara\04772386.json,JSON-LD ProductGroup.hasVariant
zara-us:04772386:557025836-629-3,zara-us:04772386,557025836-629-3,557025836-629-3,Lilac,M,59.90,USD,,https://schema.org/InStock,https://www.zara.com/us/en/satin-midi-halter-dress-p04772386.html?v1=557025836,2026-09-06T04:28:46.014Z,data\raw\zara\04772386.json,JSON-LD ProductGroup.hasVariant
zara-us:04772386:557025836-629-4,zara-us:04772386,557025836-629-4,557025836-629-4,Lilac,L,59.90,USD,,https://schema.org/InStock,https://www.zara.com/us/en/satin-midi-halter-dress-p04772386.html?v1=557025836,2026-09-06T04:28:46.014Z,data\raw\zara\04772386.json,JSON-LD ProductGroup.hasVariant
zara-us:04772386:557025836-629-5,zara-us:04772386,557025836-629-5,557025836-629-5,Lilac,XL,59.90,USD,,https://schema.org/InStock,https://www.zara.com/us/en/satin-midi-halter-dress-p04772386.html?v1=557025836,2026-09-06T04:28:46.014Z,data\raw\zara\04772386.json,JSON-LD ProductGroup.hasVariant
zara-us:04772386:557025836-629-6,zara-us:04772386,557025836-629-6,557025836-629-6,Lilac,XXL,59.90,USD,,https://schema.org/OutOfStock,https://www.zara.com/us/en/satin-midi-halter-dress-p04772386.html?v1=557025836,2026-09-06T04:28:46.014Z,data\raw\zara\04772386.json,JSON-LD ProductGroup.hasVariant
zara-us:04772386:557025836-800-1,zara-us:04772386,557025836-800-1,557025836-800-1,Black,XS,59.90,USD,,https://schema.org/OutOfStock,https://www.zara.com/us/en/satin-midi-halter-dress-p04772386.html?v1=557025835,2026-09-06T04:28:46.014Z,data\raw\zara\04772386.json,JSON-LD ProductGroup.hasVariant
zara-us:04772386:557025836-800-2,zara-us:04772386,557025836-800-2,557025836-800-2,Black,S,59.90,USD,,https://schema.org/OutOfStock,https://www.zara.com/us/en/satin-midi-halter-dress-p04772386.html?v1=557025835,2026-09-06T04:28:46.014Z,data\raw\zara\04772386.json,JSON-LD ProductGroup.hasVariant
zara-us:04772386:557025836-800-3,zara-us:04772386,557025836-800-3,557025836-800-3,Black,M,59.90,USD,,https://schema.org/InStock,https://www.zara.com/us/en/satin-midi-halter-dress-p04772386.html?v1=557025835,2026-09-06T04:28:46.014Z,data\raw\zara\04772386.json,JSON-LD ProductGroup.hasVariant
zara-us:04772386:557025836-800-4,zara-us:04772386,557025836-800-4,557025836-800-4,Black,L,59.90,USD,,https://schema.org/InStock,https://www.zara.com/us/en/satin-midi-halter-dress-p04772386.html?v1=557025835,2026-09-06T04:28:46.014Z,data\raw\zara\04772386.json,JSON-LD ProductGroup.hasVariant
zara-us:04772386:557025836-800-5,zara-us:04772386,557025836-800-5,557025836-800-5,Black,XL,59.90,USD,,https://schema.org/InStock,https://www.zara.com/us/en/satin-midi-halter-dress-p04772386.html?v1=557025835,2026-09-06T04:28:46.014Z,data\raw\zara\04772386.json,JSON-LD ProductGroup.hasVariant
zara-us:04772386:557025836-800-6,zara-us:04772386,557025836-800-6,557025836-800-6,Black,XXL,59.90,USD,,https://schema.org/InStock,https://www.zara.com/us/en/satin-midi-halter-dress-p04772386.html?v1=557025835,2026-09-06T04:28:46.014Z,data\raw\zara\04772386.json,JSON-LD ProductGroup.hasVariant
zara-us:04786307:565704026-610-1,zara-us:04786307,565704026-610-1,565704026-610-1,Eggplant,XS,79.90,USD,,https://schema.org/OutOfStock,https://www.zara.com/us/en/zw-collection-halter-satin-midi-dress-p04786307.html?v1=565704026,2026-09-06T04:28:03.586Z,data\raw\zara\04786307.json,JSON-LD ProductGroup.hasVariant
zara-us:04786307:565704026-610-2,zara-us:04786307,565704026-610-2,565704026-610-2,Eggplant,S,79.90,USD,,https://schema.org/OutOfStock,https://www.zara.com/us/en/zw-collection-halter-satin-midi-dress-p04786307.html?v1=565704026,2026-09-06T04:28:03.586Z,data\raw\zara\04786307.json,JSON-LD ProductGroup.hasVariant
zara-us:04786307:565704026-610-3,zara-us:04786307,565704026-610-3,565704026-610-3,Eggplant,M,79.90,USD,,https://schema.org/OutOfStock,https://www.zara.com/us/en/zw-collection-halter-satin-midi-dress-p04786307.html?v1=565704026,2026-09-06T04:28:03.586Z,data\raw\zara\04786307.json,JSON-LD ProductGroup.hasVariant
zara-us:04786307:565704026-610-4,zara-us:04786307,565704026-610-4,565704026-610-4,Eggplant,L,79.90,USD,,https://schema.org/OutOfStock,https://www.zara.com/us/en/zw-collection-halter-satin-midi-dress-p04786307.html?v1=565704026,2026-09-06T04:28:03.586Z,data\raw\zara\04786307.json,JSON-LD ProductGroup.hasVariant
zara-us:04786307:565704026-610-5,zara-us:04786307,565704026-610-5,565704026-610-5,Eggplant,XL,79.90,USD,,https://schema.org/OutOfStock,https://www.zara.com/us/en/zw-collection-halter-satin-midi-dress-p04786307.html?v1=565704026,2026-09-06T04:28:03.586Z,data\raw\zara\04786307.json,JSON-LD ProductGroup.hasVariant
zara-us:04786307:565704026-712-1,zara-us:04786307,565704026-712-1,565704026-712-1,Ecru,XS,79.90,USD,,https://schema.org/InStock,https://www.zara.com/us/en/zw-collection-halter-satin-midi-dress-p04786307.html?v1=577168050,2026-09-06T04:28:03.586Z,data\raw\zara\04786307.json,JSON-LD ProductGroup.hasVariant
zara-us:04786307:565704026-712-2,zara-us:04786307,565704026-712-2,565704026-712-2,Ecru,S,79.90,USD,,https://schema.org/InStock,https://www.zara.com/us/en/zw-collection-halter-satin-midi-dress-p04786307.html?v1=577168050,2026-09-06T04:28:03.586Z,data\raw\zara\04786307.json,JSON-LD ProductGroup.hasVariant
zara-us:04786307:565704026-712-3,zara-us:04786307,565704026-712-3,565704026-712-3,Ecru,M,79.90,USD,,https://schema.org/InStock,https://www.zara.com/us/en/zw-collection-halter-satin-midi-dress-p04786307.html?v1=577168050,2026-09-06T04:28:03.586Z,data\raw\zara\04786307.json,JSON-LD ProductGroup.hasVariant
zara-us:04786307:565704026-712-4,zara-us:04786307,565704026-712-4,565704026-712-4,Ecru,L,79.90,USD,,https://schema.org/InStock,https://www.zara.com/us/en/zw-collection-halter-satin-midi-dress-p04786307.html?v1=577168050,2026-09-06T04:28:03.586Z,data\raw\zara\04786307.json,JSON-LD ProductGroup.hasVariant
zara-us:04786307:565704026-712-5,zara-us:04786307,565704026-712-5,565704026-712-5,Ecru,XL,79.90,USD,,https://schema.org/InStock,https://www.zara.com/us/en/zw-collection-halter-satin-midi-dress-p04786307.html?v1=577168050,2026-09-06T04:28:03.586Z,data\raw\zara\04786307.json,JSON-LD ProductGroup.hasVariant
zara-us:04786732:556083722-600-1,zara-us:04786732,556083722-600-1,556083722-600-1,Red,XS,149.00,USD,,https://schema.org/InStock,https://www.zara.com/us/en/long-cape-detail-georgette-dress-p04786732.html?v1=556083722,2026-09-06T04:27:57.340Z,data\raw\zara\04786732.json,JSON-LD ProductGroup.hasVariant
zara-us:04786732:556083722-600-2,zara-us:04786732,556083722-600-2,556083722-600-2,Red,S,149.00,USD,,https://schema.org/InStock,https://www.zara.com/us/en/long-cape-detail-georgette-dress-p04786732.html?v1=556083722,2026-09-06T04:27:57.340Z,data\raw\zara\04786732.json,JSON-LD ProductGroup.hasVariant
zara-us:04786732:556083722-600-3,zara-us:04786732,556083722-600-3,556083722-600-3,Red,M,149.00,USD,,https://schema.org/InStock,https://www.zara.com/us/en/long-cape-detail-georgette-dress-p04786732.html?v1=556083722,2026-09-06T04:27:57.340Z,data\raw\zara\04786732.json,JSON-LD ProductGroup.hasVariant
zara-us:04786732:556083722-600-4,zara-us:04786732,556083722-600-4,556083722-600-4,Red,L,149.00,USD,,https://schema.org/InStock,https://www.zara.com/us/en/long-cape-detail-georgette-dress-p04786732.html?v1=556083722,2026-09-06T04:27:57.340Z,data\raw\zara\04786732.json,JSON-LD ProductGroup.hasVariant
zara-us:04786732:556083722-600-5,zara-us:04786732,556083722-600-5,556083722-600-5,Red,XL,149.00,USD,,https://schema.org/OutOfStock,https://www.zara.com/us/en/long-cape-detail-georgette-dress-p04786732.html?v1=556083722,2026-09-06T04:27:57.340Z,data\raw\zara\04786732.json,JSON-LD ProductGroup.hasVariant
zara-us:04795210:574172889-710-2,zara-us:04795210,574172889-710-2,574172889-710-2,Beige,S,69.90,USD,,https://schema.org/OutOfStock,https://www.zara.com/us/en/relaxed-fit-fluid-shirt-p04795210.html?v1=574172889,2026-09-06T04:24:32.209Z,data\raw\zara\04795210.json,JSON-LD ProductGroup.hasVariant
zara-us:04795210:574172889-710-3,zara-us:04795210,574172889-710-3,574172889-710-3,Beige,M,69.90,USD,,https://schema.org/OutOfStock,https://www.zara.com/us/en/relaxed-fit-fluid-shirt-p04795210.html?v1=574172889,2026-09-06T04:24:32.209Z,data\raw\zara\04795210.json,JSON-LD ProductGroup.hasVariant
zara-us:04795210:574172889-710-4,zara-us:04795210,574172889-710-4,574172889-710-4,Beige,L,69.90,USD,,https://schema.org/OutOfStock,https://www.zara.com/us/en/relaxed-fit-fluid-shirt-p04795210.html?v1=574172889,2026-09-06T04:24:32.209Z,data\raw\zara\04795210.json,JSON-LD ProductGroup.hasVariant
zara-us:04795210:574172889-710-5,zara-us:04795210,574172889-710-5,574172889-710-5,Beige,XL,69.90,USD,,https://schema.org/OutOfStock,https://www.zara.com/us/en/relaxed-fit-fluid-shirt-p04795210.html?v1=574172889,2026-09-06T04:24:32.209Z,data\raw\zara\04795210.json,JSON-LD ProductGroup.hasVariant
zara-us:04795210:574172889-800-2,zara-us:04795210,574172889-800-2,574172889-800-2,Black,S,69.90,USD,,https://schema.org/OutOfStock,https://www.zara.com/us/en/relaxed-fit-fluid-shirt-p04795210.html?v1=574172890,2026-09-06T04:24:32.209Z,data\raw\zara\04795210.json,JSON-LD ProductGroup.hasVariant
zara-us:04795210:574172889-800-3,zara-us:04795210,574172889-800-3,574172889-800-3,Black,M,69.90,USD,,https://schema.org/OutOfStock,https://www.zara.com/us/en/relaxed-fit-fluid-shirt-p04795210.html?v1=574172890,2026-09-06T04:24:32.209Z,data\raw\zara\04795210.json,JSON-LD ProductGroup.hasVariant
zara-us:04795210:574172889-800-4,zara-us:04795210,574172889-800-4,574172889-800-4,Black,L,69.90,USD,,https://schema.org/OutOfStock,https://www.zara.com/us/en/relaxed-fit-fluid-shirt-p04795210.html?v1=574172890,2026-09-06T04:24:32.209Z,data\raw\zara\04795210.json,JSON-LD ProductGroup.hasVariant
zara-us:04795210:574172889-800-5,zara-us:04795210,574172889-800-5,574172889-800-5,Black,XL,69.90,USD,,https://schema.org/OutOfStock,https://www.zara.com/us/en/relaxed-fit-fluid-shirt-p04795210.html?v1=574172890,2026-09-06T04:24:32.209Z,data\raw\zara\04795210.json,JSON-LD ProductGroup.hasVariant
zara-us:04795210:574172889-802-2,zara-us:04795210,574172889-802-2,574172889-802-2,Gray,S,69.90,USD,,https://schema.org/OutOfStock,https://www.zara.com/us/en/relaxed-fit-fluid-shirt-p04795210.html?v1=574172891,2026-09-06T04:24:32.209Z,data\raw\zara\04795210.json,JSON-LD ProductGroup.hasVariant
zara-us:04795210:574172889-802-3,zara-us:04795210,574172889-802-3,574172889-802-3,Gray,M,69.90,USD,,https://schema.org/OutOfStock,https://www.zara.com/us/en/relaxed-fit-fluid-shirt-p04795210.html?v1=574172891,2026-09-06T04:24:32.209Z,data\raw\zara\04795210.json,JSON-LD ProductGroup.hasVariant
zara-us:04795210:574172889-802-4,zara-us:04795210,574172889-802-4,574172889-802-4,Gray,L,69.90,USD,,https://schema.org/OutOfStock,https://www.zara.com/us/en/relaxed-fit-fluid-shirt-p04795210.html?v1=574172891,2026-09-06T04:24:32.209Z,data\raw\zara\04795210.json,JSON-LD ProductGroup.hasVariant
zara-us:04795210:574172889-802-5,zara-us:04795210,574172889-802-5,574172889-802-5,Gray,XL,69.90,USD,,https://schema.org/OutOfStock,https://www.zara.com/us/en/relaxed-fit-fluid-shirt-p04795210.html?v1=574172891,2026-09-06T04:24:32.209Z,data\raw\zara\04795210.json,JSON-LD ProductGroup.hasVariant
zara-us:04813814:562861289-716-2,zara-us:04813814,562861289-716-2,562861289-716-2,Dark brown,S,69.90,USD,,https://schema.org/InStock,https://www.zara.com/us/en/flocked-mini-dress-with-slit-p04813814.html?v1=562861289,2026-09-06T04:27:49.590Z,data\raw\zara\04813814.json,JSON-LD ProductGroup.hasVariant
zara-us:04813814:562861289-716-3,zara-us:04813814,562861289-716-3,562861289-716-3,Dark brown,M,69.90,USD,,https://schema.org/InStock,https://www.zara.com/us/en/flocked-mini-dress-with-slit-p04813814.html?v1=562861289,2026-09-06T04:27:49.590Z,data\raw\zara\04813814.json,JSON-LD ProductGroup.hasVariant
zara-us:04813814:562861289-716-4,zara-us:04813814,562861289-716-4,562861289-716-4,Dark brown,L,69.90,USD,,https://schema.org/InStock,https://www.zara.com/us/en/flocked-mini-dress-with-slit-p04813814.html?v1=562861289,2026-09-06T04:27:49.590Z,data\raw\zara\04813814.json,JSON-LD ProductGroup.hasVariant
zara-us:04813819:557775522-800-2,zara-us:04813819,557775522-800-2,557775522-800-2,Black,S,79.90,USD,,https://schema.org/InStock,https://www.zara.com/us/en/seam-detail-midi-dress-p04813819.html?v1=557775522,2026-09-06T04:27:44.040Z,data\raw\zara\04813819.json,JSON-LD ProductGroup.hasVariant
zara-us:04813819:557775522-800-3,zara-us:04813819,557775522-800-3,557775522-800-3,Black,M,79.90,USD,,https://schema.org/InStock,https://www.zara.com/us/en/seam-detail-midi-dress-p04813819.html?v1=557775522,2026-09-06T04:27:44.040Z,data\raw\zara\04813819.json,JSON-LD ProductGroup.hasVariant
zara-us:04813819:557775522-800-4,zara-us:04813819,557775522-800-4,557775522-800-4,Black,L,79.90,USD,,https://schema.org/InStock,https://www.zara.com/us/en/seam-detail-midi-dress-p04813819.html?v1=557775522,2026-09-06T04:27:44.040Z,data\raw\zara\04813819.json,JSON-LD ProductGroup.hasVariant
zara-us:05039406:554762978-051-2,zara-us:05039406,554762978-051-2,554762978-051-2,Leopard,S,79.90,USD,,https://schema.org/InStock,https://www.zara.com/us/en/animal-print-tulle-dress-p05039406.html?v1=554762978,2026-09-06T04:28:44.423Z,data\raw\zara\05039406.json,JSON-LD ProductGroup.hasVariant
zara-us:05039406:554762978-051-3,zara-us:05039406,554762978-051-3,554762978-051-3,Leopard,M,79.90,USD,,https://schema.org/InStock,https://www.zara.com/us/en/animal-print-tulle-dress-p05039406.html?v1=554762978,2026-09-06T04:28:44.423Z,data\raw\zara\05039406.json,JSON-LD ProductGroup.hasVariant
zara-us:05039406:554762978-051-4,zara-us:05039406,554762978-051-4,554762978-051-4,Leopard,L,79.90,USD,,https://schema.org/OutOfStock,https://www.zara.com/us/en/animal-print-tulle-dress-p05039406.html?v1=554762978,2026-09-06T04:28:44.423Z,data\raw\zara\05039406.json,JSON-LD ProductGroup.hasVariant
zara-us:05063839:562852699-800-2,zara-us:05063839,562852699-800-2,562852699-800-2,Black,S,79.90,USD,,https://schema.org/InStock,https://www.zara.com/us/en/lace-midi-dress-p05063839.html?v1=562852699,2026-09-06T04:27:41.098Z,data\raw\zara\05063839.json,JSON-LD ProductGroup.hasVariant
zara-us:05063839:562852699-800-3,zara-us:05063839,562852699-800-3,562852699-800-3,Black,M,79.90,USD,,https://schema.org/InStock,https://www.zara.com/us/en/lace-midi-dress-p05063839.html?v1=562852699,2026-09-06T04:27:41.098Z,data\raw\zara\05063839.json,JSON-LD ProductGroup.hasVariant
zara-us:05063839:562852699-800-4,zara-us:05063839,562852699-800-4,562852699-800-4,Black,L,79.90,USD,,https://schema.org/InStock,https://www.zara.com/us/en/lace-midi-dress-p05063839.html?v1=562852699,2026-09-06T04:27:41.098Z,data\raw\zara\05063839.json,JSON-LD ProductGroup.hasVariant
zara-us:05070904:545461290-052-2,zara-us:05070904,545461290-052-2,545461290-052-2,Light beige,S,69.90,USD,,https://schema.org/InStock,https://www.zara.com/us/en/100-linen-relaxed-fit-shirt-p05070904.html?v1=545461290,2026-09-06T04:26:49.957Z,data\raw\zara\05070904.json,JSON-LD ProductGroup.hasVariant
zara-us:05070904:545461290-052-3,zara-us:05070904,545461290-052-3,545461290-052-3,Light beige,M,69.90,USD,,https://schema.org/InStock,https://www.zara.com/us/en/100-linen-relaxed-fit-shirt-p05070904.html?v1=545461290,2026-09-06T04:26:49.957Z,data\raw\zara\05070904.json,JSON-LD ProductGroup.hasVariant
zara-us:05070904:545461290-052-4,zara-us:05070904,545461290-052-4,545461290-052-4,Light beige,L,69.90,USD,,https://schema.org/InStock,https://www.zara.com/us/en/100-linen-relaxed-fit-shirt-p05070904.html?v1=545461290,2026-09-06T04:26:49.957Z,data\raw\zara\05070904.json,JSON-LD ProductGroup.hasVariant
zara-us:05070904:545461290-052-5,zara-us:05070904,545461290-052-5,545461290-052-5,Light beige,XL,69.90,USD,,https://schema.org/InStock,https://www.zara.com/us/en/100-linen-relaxed-fit-shirt-p05070904.html?v1=545461290,2026-09-06T04:26:49.957Z,data\raw\zara\05070904.json,JSON-LD ProductGroup.hasVariant
zara-us:05070904:545461290-811-2,zara-us:05070904,545461290-811-2,545461290-811-2,Light gray,S,69.90,USD,,https://schema.org/InStock,https://www.zara.com/us/en/100-linen-relaxed-fit-shirt-p05070904.html?v1=545461284,2026-09-06T04:26:49.957Z,data\raw\zara\05070904.json,JSON-LD ProductGroup.hasVariant
zara-us:05070904:545461290-811-3,zara-us:05070904,545461290-811-3,545461290-811-3,Light gray,M,69.90,USD,,https://schema.org/InStock,https://www.zara.com/us/en/100-linen-relaxed-fit-shirt-p05070904.html?v1=545461284,2026-09-06T04:26:49.957Z,data\raw\zara\05070904.json,JSON-LD ProductGroup.hasVariant
zara-us:05070904:545461290-811-4,zara-us:05070904,545461290-811-4,545461290-811-4,Light gray,L,69.90,USD,,https://schema.org/InStock,https://www.zara.com/us/en/100-linen-relaxed-fit-shirt-p05070904.html?v1=545461284,2026-09-06T04:26:49.957Z,data\raw\zara\05070904.json,JSON-LD ProductGroup.hasVariant
zara-us:05070904:545461290-811-5,zara-us:05070904,545461290-811-5,545461290-811-5,Light gray,XL,69.90,USD,,https://schema.org/InStock,https://www.zara.com/us/en/100-linen-relaxed-fit-shirt-p05070904.html?v1=545461284,2026-09-06T04:26:49.957Z,data\raw\zara\05070904.json,JSON-LD ProductGroup.hasVariant
zara-us:05070904:545461290-800-2,zara-us:05070904,545461290-800-2,545461290-800-2,Black,S,69.90,USD,,https://schema.org/InStock,https://www.zara.com/us/en/100-linen-relaxed-fit-shirt-p05070904.html?v1=545461285,2026-09-06T04:26:49.957Z,data\raw\zara\05070904.json,JSON-LD ProductGroup.hasVariant
zara-us:05070904:545461290-800-3,zara-us:05070904,545461290-800-3,545461290-800-3,Black,M,69.90,USD,,https://schema.org/InStock,https://www.zara.com/us/en/100-linen-relaxed-fit-shirt-p05070904.html?v1=545461285,2026-09-06T04:26:49.957Z,data\raw\zara\05070904.json,JSON-LD ProductGroup.hasVariant
zara-us:05070904:545461290-800-4,zara-us:05070904,545461290-800-4,545461290-800-4,Black,L,69.90,USD,,https://schema.org/InStock,https://www.zara.com/us/en/100-linen-relaxed-fit-shirt-p05070904.html?v1=545461285,2026-09-06T04:26:49.957Z,data\raw\zara\05070904.json,JSON-LD ProductGroup.hasVariant
zara-us:05070904:545461290-800-5,zara-us:05070904,545461290-800-5,545461290-800-5,Black,XL,69.90,USD,,https://schema.org/InStock,https://www.zara.com/us/en/100-linen-relaxed-fit-shirt-p05070904.html?v1=545461285,2026-09-06T04:26:49.957Z,data\raw\zara\05070904.json,JSON-LD ProductGroup.hasVariant
zara-us:05070904:545461290-737-2,zara-us:05070904,545461290-737-2,545461290-737-2,Brown / Taupe,S,69.90,USD,,https://schema.org/InStock,https://www.zara.com/us/en/100-linen-relaxed-fit-shirt-p05070904.html?v1=545461286,2026-09-06T04:26:49.957Z,data\raw\zara\05070904.json,JSON-LD ProductGroup.hasVariant
zara-us:05070904:545461290-737-3,zara-us:05070904,545461290-737-3,545461290-737-3,Brown / Taupe,M,69.90,USD,,https://schema.org/InStock,https://www.zara.com/us/en/100-linen-relaxed-fit-shirt-p05070904.html?v1=545461286,2026-09-06T04:26:49.957Z,data\raw\zara\05070904.json,JSON-LD ProductGroup.hasVariant
zara-us:05070904:545461290-737-4,zara-us:05070904,545461290-737-4,545461290-737-4,Brown / Taupe,L,69.90,USD,,https://schema.org/InStock,https://www.zara.com/us/en/100-linen-relaxed-fit-shirt-p05070904.html?v1=545461286,2026-09-06T04:26:49.957Z,data\raw\zara\05070904.json,JSON-LD ProductGroup.hasVariant
zara-us:05070904:545461290-737-5,zara-us:05070904,545461290-737-5,545461290-737-5,Brown / Taupe,XL,69.90,USD,,https://schema.org/InStock,https://www.zara.com/us/en/100-linen-relaxed-fit-shirt-p05070904.html?v1=545461286,2026-09-06T04:26:49.957Z,data\raw\zara\05070904.json,JSON-LD ProductGroup.hasVariant
zara-us:05070904:545461290-606-2,zara-us:05070904,545461290-606-2,545461290-606-2,Burgundy,S,69.90,USD,,https://schema.org/InStock,https://www.zara.com/us/en/100-linen-relaxed-fit-shirt-p05070904.html?v1=545461288,2026-09-06T04:26:49.957Z,data\raw\zara\05070904.json,JSON-LD ProductGroup.hasVariant
zara-us:05070904:545461290-606-3,zara-us:05070904,545461290-606-3,545461290-606-3,Burgundy,M,69.90,USD,,https://schema.org/InStock,https://www.zara.com/us/en/100-linen-relaxed-fit-shirt-p05070904.html?v1=545461288,2026-09-06T04:26:49.957Z,data\raw\zara\05070904.json,JSON-LD ProductGroup.hasVariant
zara-us:05070904:545461290-606-4,zara-us:05070904,545461290-606-4,545461290-606-4,Burgundy,L,69.90,USD,,https://schema.org/InStock,https://www.zara.com/us/en/100-linen-relaxed-fit-shirt-p05070904.html?v1=545461288,2026-09-06T04:26:49.957Z,data\raw\zara\05070904.json,JSON-LD ProductGroup.hasVariant
zara-us:05070904:545461290-606-5,zara-us:05070904,545461290-606-5,545461290-606-5,Burgundy,XL,69.90,USD,,https://schema.org/InStock,https://www.zara.com/us/en/100-linen-relaxed-fit-shirt-p05070904.html?v1=545461288,2026-09-06T04:26:49.957Z,data\raw\zara\05070904.json,JSON-LD ProductGroup.hasVariant
zara-us:05070904:545461290-250-2,zara-us:05070904,545461290-250-2,545461290-250-2,White,S,69.90,USD,,https://schema.org/InStock,https://www.zara.com/us/en/100-linen-relaxed-fit-shirt-p05070904.html?v1=545461289,2026-09-06T04:26:49.957Z,data\raw\zara\05070904.json,JSON-LD ProductGroup.hasVariant
zara-us:05070904:545461290-250-3,zara-us:05070904,545461290-250-3,545461290-250-3,White,M,69.90,USD,,https://schema.org/InStock,https://www.zara.com/us/en/100-linen-relaxed-fit-shirt-p05070904.html?v1=545461289,2026-09-06T04:26:49.957Z,data\raw\zara\05070904.json,JSON-LD ProductGroup.hasVariant
zara-us:05070904:545461290-250-4,zara-us:05070904,545461290-250-4,545461290-250-4,White,L,69.90,USD,,https://schema.org/InStock,https://www.zara.com/us/en/100-linen-relaxed-fit-shirt-p05070904.html?v1=545461289,2026-09-06T04:26:49.957Z,data\raw\zara\05070904.json,JSON-LD ProductGroup.hasVariant
zara-us:05070904:545461290-250-5,zara-us:05070904,545461290-250-5,545461290-250-5,White,XL,69.90,USD,,https://schema.org/InStock,https://www.zara.com/us/en/100-linen-relaxed-fit-shirt-p05070904.html?v1=545461289,2026-09-06T04:26:49.957Z,data\raw\zara\05070904.json,JSON-LD ProductGroup.hasVariant
zara-us:05320222:545470323-800-2,zara-us:05320222,545470323-800-2,545470323-800-2,Black,S,59.90,USD,,https://schema.org/InStock,https://www.zara.com/us/en/relaxed-fit-faux-leather-overshirt-p05320222.html?v1=545470323,2026-09-06T04:24:38.694Z,data\raw\zara\05320222.json,JSON-LD ProductGroup.hasVariant
zara-us:05320222:545470323-800-3,zara-us:05320222,545470323-800-3,545470323-800-3,Black,M,59.90,USD,,https://schema.org/InStock,https://www.zara.com/us/en/relaxed-fit-faux-leather-overshirt-p05320222.html?v1=545470323,2026-09-06T04:24:38.694Z,data\raw\zara\05320222.json,JSON-LD ProductGroup.hasVariant
zara-us:05320222:545470323-800-4,zara-us:05320222,545470323-800-4,545470323-800-4,Black,L,59.90,USD,,https://schema.org/InStock,https://www.zara.com/us/en/relaxed-fit-faux-leather-overshirt-p05320222.html?v1=545470323,2026-09-06T04:24:38.694Z,data\raw\zara\05320222.json,JSON-LD ProductGroup.hasVariant
zara-us:05320222:545470323-800-5,zara-us:05320222,545470323-800-5,545470323-800-5,Black,XL,59.90,USD,,https://schema.org/InStock,https://www.zara.com/us/en/relaxed-fit-faux-leather-overshirt-p05320222.html?v1=545470323,2026-09-06T04:24:38.694Z,data\raw\zara\05320222.json,JSON-LD ProductGroup.hasVariant
zara-us:05344204:549507614-800-1,zara-us:05344204,549507614-800-1,549507614-800-1,Black,XS,169.00,USD,,https://schema.org/OutOfStock,https://www.zara.com/us/en/zw-collection-lace-detail-maxi-dress-p05344204.html?v1=549507614,2026-09-06T04:28:02.219Z,data\raw\zara\05344204.json,JSON-LD ProductGroup.hasVariant
zara-us:05344204:549507614-800-2,zara-us:05344204,549507614-800-2,549507614-800-2,Black,S,169.00,USD,,https://schema.org/OutOfStock,https://www.zara.com/us/en/zw-collection-lace-detail-maxi-dress-p05344204.html?v1=549507614,2026-09-06T04:28:02.219Z,data\raw\zara\05344204.json,JSON-LD ProductGroup.hasVariant
zara-us:05344204:549507614-800-3,zara-us:05344204,549507614-800-3,549507614-800-3,Black,M,169.00,USD,,https://schema.org/OutOfStock,https://www.zara.com/us/en/zw-collection-lace-detail-maxi-dress-p05344204.html?v1=549507614,2026-09-06T04:28:02.219Z,data\raw\zara\05344204.json,JSON-LD ProductGroup.hasVariant
zara-us:05344204:549507614-800-4,zara-us:05344204,549507614-800-4,549507614-800-4,Black,L,169.00,USD,,https://schema.org/OutOfStock,https://www.zara.com/us/en/zw-collection-lace-detail-maxi-dress-p05344204.html?v1=549507614,2026-09-06T04:28:02.219Z,data\raw\zara\05344204.json,JSON-LD ProductGroup.hasVariant
zara-us:05344204:549507614-800-5,zara-us:05344204,549507614-800-5,549507614-800-5,Black,XL,169.00,USD,,https://schema.org/OutOfStock,https://www.zara.com/us/en/zw-collection-lace-detail-maxi-dress-p05344204.html?v1=549507614,2026-09-06T04:28:02.219Z,data\raw\zara\05344204.json,JSON-LD ProductGroup.hasVariant
zara-us:05536105:561627924-737-2,zara-us:05536105,561627924-737-2,561627924-737-2,Brown / Taupe,S,69.90,USD,,https://schema.org/OutOfStock,https://www.zara.com/us/en/ribbed-waist-midi-knit-dress-p05536105.html?v1=561627924,2026-09-06T04:28:00.502Z,data\raw\zara\05536105.json,JSON-LD ProductGroup.hasVariant
zara-us:05536105:561627924-737-3,zara-us:05536105,561627924-737-3,561627924-737-3,Brown / Taupe,M,69.90,USD,,https://schema.org/OutOfStock,https://www.zara.com/us/en/ribbed-waist-midi-knit-dress-p05536105.html?v1=561627924,2026-09-06T04:28:00.502Z,data\raw\zara\05536105.json,JSON-LD ProductGroup.hasVariant
zara-us:05536105:561627924-737-4,zara-us:05536105,561627924-737-4,561627924-737-4,Brown / Taupe,L,69.90,USD,,https://schema.org/OutOfStock,https://www.zara.com/us/en/ribbed-waist-midi-knit-dress-p05536105.html?v1=561627924,2026-09-06T04:28:00.502Z,data\raw\zara\05536105.json,JSON-LD ProductGroup.hasVariant
zara-us:05536105:561627924-737-5,zara-us:05536105,561627924-737-5,561627924-737-5,Brown / Taupe,XL,69.90,USD,,https://schema.org/OutOfStock,https://www.zara.com/us/en/ribbed-waist-midi-knit-dress-p05536105.html?v1=561627924,2026-09-06T04:28:00.502Z,data\raw\zara\05536105.json,JSON-LD ProductGroup.hasVariant
zara-us:06085325:564349446-505-2,zara-us:06085325,564349446-505-2,564349446-505-2,Khaki,S,59.90,USD,,https://schema.org/InStock,https://www.zara.com/us/en/abstract-print-fluid-shirt-p06085325.html?v1=564349446,2026-09-06T04:25:08.306Z,data\raw\zara\06085325.json,JSON-LD ProductGroup.hasVariant
zara-us:06085325:564349446-505-3,zara-us:06085325,564349446-505-3,564349446-505-3,Khaki,M,59.90,USD,,https://schema.org/InStock,https://www.zara.com/us/en/abstract-print-fluid-shirt-p06085325.html?v1=564349446,2026-09-06T04:25:08.306Z,data\raw\zara\06085325.json,JSON-LD ProductGroup.hasVariant
zara-us:06085325:564349446-505-4,zara-us:06085325,564349446-505-4,564349446-505-4,Khaki,L,59.90,USD,,https://schema.org/InStock,https://www.zara.com/us/en/abstract-print-fluid-shirt-p06085325.html?v1=564349446,2026-09-06T04:25:08.306Z,data\raw\zara\06085325.json,JSON-LD ProductGroup.hasVariant
zara-us:06085325:564349446-505-5,zara-us:06085325,564349446-505-5,564349446-505-5,Khaki,XL,59.90,USD,,https://schema.org/InStock,https://www.zara.com/us/en/abstract-print-fluid-shirt-p06085325.html?v1=564349446,2026-09-06T04:25:08.306Z,data\raw\zara\06085325.json,JSON-LD ProductGroup.hasVariant
zara-us:06929284:565704019-443-1,zara-us:06929284,565704019-443-1,565704019-443-1,Dark indigo,XS,69.90,USD,,https://schema.org/InStock,https://www.zara.com/us/en/trf-denim-shoulder-pad-dress-p06929284.html?v1=565704019,2026-09-06T04:27:24.655Z,data\raw\zara\06929284.json,JSON-LD ProductGroup.hasVariant
zara-us:06929284:565704019-443-2,zara-us:06929284,565704019-443-2,565704019-443-2,Dark indigo,S,69.90,USD,,https://schema.org/InStock,https://www.zara.com/us/en/trf-denim-shoulder-pad-dress-p06929284.html?v1=565704019,2026-09-06T04:27:24.655Z,data\raw\zara\06929284.json,JSON-LD ProductGroup.hasVariant
zara-us:06929284:565704019-443-3,zara-us:06929284,565704019-443-3,565704019-443-3,Dark indigo,M,69.90,USD,,https://schema.org/InStock,https://www.zara.com/us/en/trf-denim-shoulder-pad-dress-p06929284.html?v1=565704019,2026-09-06T04:27:24.655Z,data\raw\zara\06929284.json,JSON-LD ProductGroup.hasVariant
zara-us:06929284:565704019-443-4,zara-us:06929284,565704019-443-4,565704019-443-4,Dark indigo,L,69.90,USD,,https://schema.org/InStock,https://www.zara.com/us/en/trf-denim-shoulder-pad-dress-p06929284.html?v1=565704019,2026-09-06T04:27:24.655Z,data\raw\zara\06929284.json,JSON-LD ProductGroup.hasVariant
zara-us:06929284:565704019-443-5,zara-us:06929284,565704019-443-5,565704019-443-5,Dark indigo,XL,69.90,USD,,https://schema.org/InStock,https://www.zara.com/us/en/trf-denim-shoulder-pad-dress-p06929284.html?v1=565704019,2026-09-06T04:27:24.655Z,data\raw\zara\06929284.json,JSON-LD ProductGroup.hasVariant
zara-us:06929284:565704019-443-6,zara-us:06929284,565704019-443-6,565704019-443-6,Dark indigo,XXL,69.90,USD,,https://schema.org/InStock,https://www.zara.com/us/en/trf-denim-shoulder-pad-dress-p06929284.html?v1=565704019,2026-09-06T04:27:24.655Z,data\raw\zara\06929284.json,JSON-LD ProductGroup.hasVariant
zara-us:06987370:545470766-105-2,zara-us:06987370,545470766-105-2,545470766-105-2,Striped,S,59.90,USD,,https://schema.org/InStock,https://www.zara.com/us/en/regular-fit-denim-western-shirt-p06987370.html?v1=545470766,2026-09-06T04:23:30.470Z,data\raw\zara\06987370.json,JSON-LD ProductGroup.hasVariant
zara-us:06987370:545470766-105-3,zara-us:06987370,545470766-105-3,545470766-105-3,Striped,M,59.90,USD,,https://schema.org/InStock,https://www.zara.com/us/en/regular-fit-denim-western-shirt-p06987370.html?v1=545470766,2026-09-06T04:23:30.470Z,data\raw\zara\06987370.json,JSON-LD ProductGroup.hasVariant
zara-us:06987370:545470766-105-4,zara-us:06987370,545470766-105-4,545470766-105-4,Striped,L,59.90,USD,,https://schema.org/InStock,https://www.zara.com/us/en/regular-fit-denim-western-shirt-p06987370.html?v1=545470766,2026-09-06T04:23:30.470Z,data\raw\zara\06987370.json,JSON-LD ProductGroup.hasVariant
zara-us:06987370:545470766-105-5,zara-us:06987370,545470766-105-5,545470766-105-5,Striped,XL,59.90,USD,,https://schema.org/InStock,https://www.zara.com/us/en/regular-fit-denim-western-shirt-p06987370.html?v1=545470766,2026-09-06T04:23:30.470Z,data\raw\zara\06987370.json,JSON-LD ProductGroup.hasVariant
zara-us:06987370:545470766-822-2,zara-us:06987370,545470766-822-2,545470766-822-2,Charcoal,S,59.90,USD,,https://schema.org/InStock,https://www.zara.com/us/en/regular-fit-denim-western-shirt-p06987370.html?v1=545470767,2026-09-06T04:23:30.470Z,data\raw\zara\06987370.json,JSON-LD ProductGroup.hasVariant
zara-us:06987370:545470766-822-3,zara-us:06987370,545470766-822-3,545470766-822-3,Charcoal,M,59.90,USD,,https://schema.org/InStock,https://www.zara.com/us/en/regular-fit-denim-western-shirt-p06987370.html?v1=545470767,2026-09-06T04:23:30.470Z,data\raw\zara\06987370.json,JSON-LD ProductGroup.hasVariant
zara-us:06987370:545470766-822-4,zara-us:06987370,545470766-822-4,545470766-822-4,Charcoal,L,59.90,USD,,https://schema.org/InStock,https://www.zara.com/us/en/regular-fit-denim-western-shirt-p06987370.html?v1=545470767,2026-09-06T04:23:30.470Z,data\raw\zara\06987370.json,JSON-LD ProductGroup.hasVariant
zara-us:06987370:545470766-822-5,zara-us:06987370,545470766-822-5,545470766-822-5,Charcoal,XL,59.90,USD,,https://schema.org/InStock,https://www.zara.com/us/en/regular-fit-denim-western-shirt-p06987370.html?v1=545470767,2026-09-06T04:23:30.470Z,data\raw\zara\06987370.json,JSON-LD ProductGroup.hasVariant
zara-us:06987370:545470766-427-2,zara-us:06987370,545470766-427-2,545470766-427-2,Mid-blue,S,59.90,USD,,https://schema.org/InStock,https://www.zara.com/us/en/regular-fit-denim-western-shirt-p06987370.html?v1=545470768,2026-09-06T04:23:30.470Z,data\raw\zara\06987370.json,JSON-LD ProductGroup.hasVariant
zara-us:06987370:545470766-427-3,zara-us:06987370,545470766-427-3,545470766-427-3,Mid-blue,M,59.90,USD,,https://schema.org/InStock,https://www.zara.com/us/en/regular-fit-denim-western-shirt-p06987370.html?v1=545470768,2026-09-06T04:23:30.470Z,data\raw\zara\06987370.json,JSON-LD ProductGroup.hasVariant
zara-us:06987370:545470766-427-4,zara-us:06987370,545470766-427-4,545470766-427-4,Mid-blue,L,59.90,USD,,https://schema.org/InStock,https://www.zara.com/us/en/regular-fit-denim-western-shirt-p06987370.html?v1=545470768,2026-09-06T04:23:30.470Z,data\raw\zara\06987370.json,JSON-LD ProductGroup.hasVariant
zara-us:06987370:545470766-427-5,zara-us:06987370,545470766-427-5,545470766-427-5,Mid-blue,XL,59.90,USD,,https://schema.org/InStock,https://www.zara.com/us/en/regular-fit-denim-western-shirt-p06987370.html?v1=545470768,2026-09-06T04:23:30.470Z,data\raw\zara\06987370.json,JSON-LD ProductGroup.hasVariant
zara-us:06987370:545470766-505-2,zara-us:06987370,545470766-505-2,545470766-505-2,Khaki,S,59.90,USD,,https://schema.org/InStock,https://www.zara.com/us/en/regular-fit-denim-western-shirt-p06987370.html?v1=545470769,2026-09-06T04:23:30.470Z,data\raw\zara\06987370.json,JSON-LD ProductGroup.hasVariant
zara-us:06987370:545470766-505-3,zara-us:06987370,545470766-505-3,545470766-505-3,Khaki,M,59.90,USD,,https://schema.org/InStock,https://www.zara.com/us/en/regular-fit-denim-western-shirt-p06987370.html?v1=545470769,2026-09-06T04:23:30.470Z,data\raw\zara\06987370.json,JSON-LD ProductGroup.hasVariant
zara-us:06987370:545470766-505-4,zara-us:06987370,545470766-505-4,545470766-505-4,Khaki,L,59.90,USD,,https://schema.org/InStock,https://www.zara.com/us/en/regular-fit-denim-western-shirt-p06987370.html?v1=545470769,2026-09-06T04:23:30.470Z,data\raw\zara\06987370.json,JSON-LD ProductGroup.hasVariant
zara-us:06987370:545470766-505-5,zara-us:06987370,545470766-505-5,545470766-505-5,Khaki,XL,59.90,USD,,https://schema.org/InStock,https://www.zara.com/us/en/regular-fit-denim-western-shirt-p06987370.html?v1=545470769,2026-09-06T04:23:30.470Z,data\raw\zara\06987370.json,JSON-LD ProductGroup.hasVariant
zara-us:07265541:545446567-620-1,zara-us:07265541,545446567-620-1,545446567-620-1,Pink,XS,69.90,USD,,https://schema.org/InStock,https://www.zara.com/us/en/frog-fastening-mini-dress-p07265541.html?v1=545446567,2026-09-06T04:29:02.480Z,data\raw\zara\07265541.json,JSON-LD ProductGroup.hasVariant
zara-us:07265541:545446567-620-2,zara-us:07265541,545446567-620-2,545446567-620-2,Pink,S,69.90,USD,,https://schema.org/InStock,https://www.zara.com/us/en/frog-fastening-mini-dress-p07265541.html?v1=545446567,2026-09-06T04:29:02.480Z,data\raw\zara\07265541.json,JSON-LD ProductGroup.hasVariant
zara-us:07265541:545446567-620-3,zara-us:07265541,545446567-620-3,545446567-620-3,Pink,M,69.90,USD,,https://schema.org/InStock,https://www.zara.com/us/en/frog-fastening-mini-dress-p07265541.html?v1=545446567,2026-09-06T04:29:02.480Z,data\raw\zara\07265541.json,JSON-LD ProductGroup.hasVariant
zara-us:07265541:545446567-620-4,zara-us:07265541,545446567-620-4,545446567-620-4,Pink,L,69.90,USD,,https://schema.org/InStock,https://www.zara.com/us/en/frog-fastening-mini-dress-p07265541.html?v1=545446567,2026-09-06T04:29:02.480Z,data\raw\zara\07265541.json,JSON-LD ProductGroup.hasVariant
zara-us:07265541:545446567-620-5,zara-us:07265541,545446567-620-5,545446567-620-5,Pink,XL,69.90,USD,,https://schema.org/InStock,https://www.zara.com/us/en/frog-fastening-mini-dress-p07265541.html?v1=545446567,2026-09-06T04:29:02.480Z,data\raw\zara\07265541.json,JSON-LD ProductGroup.hasVariant
zara-us:07545333:568032974-919-2,zara-us:07545333,568032974-919-2,568032974-919-2,Coral red,S,49.90,USD,,https://schema.org/InStock,https://www.zara.com/us/en/structured-regular-fit-shirt-p07545333.html?v1=568032974,2026-09-06T04:24:24.607Z,data\raw\zara\07545333.json,JSON-LD ProductGroup.hasVariant
zara-us:07545333:568032974-919-3,zara-us:07545333,568032974-919-3,568032974-919-3,Coral red,M,49.90,USD,,https://schema.org/InStock,https://www.zara.com/us/en/structured-regular-fit-shirt-p07545333.html?v1=568032974,2026-09-06T04:24:24.607Z,data\raw\zara\07545333.json,JSON-LD ProductGroup.hasVariant
zara-us:07545333:568032974-919-4,zara-us:07545333,568032974-919-4,568032974-919-4,Coral red,L,49.90,USD,,https://schema.org/InStock,https://www.zara.com/us/en/structured-regular-fit-shirt-p07545333.html?v1=568032974,2026-09-06T04:24:24.607Z,data\raw\zara\07545333.json,JSON-LD ProductGroup.hasVariant
zara-us:07545333:568032974-919-5,zara-us:07545333,568032974-919-5,568032974-919-5,Coral red,XL,49.90,USD,,https://schema.org/InStock,https://www.zara.com/us/en/structured-regular-fit-shirt-p07545333.html?v1=568032974,2026-09-06T04:24:24.607Z,data\raw\zara\07545333.json,JSON-LD ProductGroup.hasVariant
zara-us:07545333:568032974-919-6,zara-us:07545333,568032974-919-6,568032974-919-6,Coral red,XXL,49.90,USD,,https://schema.org/InStock,https://www.zara.com/us/en/structured-regular-fit-shirt-p07545333.html?v1=568032974,2026-09-06T04:24:24.607Z,data\raw\zara\07545333.json,JSON-LD ProductGroup.hasVariant
zara-us:07545333:568032974-390-2,zara-us:07545333,568032974-390-2,568032974-390-2,Green stripe,S,49.90,USD,,https://schema.org/InStock,https://www.zara.com/us/en/structured-regular-fit-shirt-p07545333.html?v1=568032976,2026-09-06T04:24:24.607Z,data\raw\zara\07545333.json,JSON-LD ProductGroup.hasVariant
zara-us:07545333:568032974-390-3,zara-us:07545333,568032974-390-3,568032974-390-3,Green stripe,M,49.90,USD,,https://schema.org/InStock,https://www.zara.com/us/en/structured-regular-fit-shirt-p07545333.html?v1=568032976,2026-09-06T04:24:24.607Z,data\raw\zara\07545333.json,JSON-LD ProductGroup.hasVariant
zara-us:07545333:568032974-390-4,zara-us:07545333,568032974-390-4,568032974-390-4,Green stripe,L,49.90,USD,,https://schema.org/InStock,https://www.zara.com/us/en/structured-regular-fit-shirt-p07545333.html?v1=568032976,2026-09-06T04:24:24.607Z,data\raw\zara\07545333.json,JSON-LD ProductGroup.hasVariant
zara-us:07545333:568032974-390-5,zara-us:07545333,568032974-390-5,568032974-390-5,Green stripe,XL,49.90,USD,,https://schema.org/InStock,https://www.zara.com/us/en/structured-regular-fit-shirt-p07545333.html?v1=568032976,2026-09-06T04:24:24.607Z,data\raw\zara\07545333.json,JSON-LD ProductGroup.hasVariant
zara-us:07545333:568032974-390-6,zara-us:07545333,568032974-390-6,568032974-390-6,Green stripe,XXL,49.90,USD,,https://schema.org/InStock,https://www.zara.com/us/en/structured-regular-fit-shirt-p07545333.html?v1=568032976,2026-09-06T04:24:24.607Z,data\raw\zara\07545333.json,JSON-LD ProductGroup.hasVariant
zara-us:07545333:568032974-250-2,zara-us:07545333,568032974-250-2,568032974-250-2,White,S,49.90,USD,,https://schema.org/InStock,https://www.zara.com/us/en/structured-regular-fit-shirt-p07545333.html?v1=568032977,2026-09-06T04:24:24.607Z,data\raw\zara\07545333.json,JSON-LD ProductGroup.hasVariant
zara-us:07545333:568032974-250-3,zara-us:07545333,568032974-250-3,568032974-250-3,White,M,49.90,USD,,https://schema.org/InStock,https://www.zara.com/us/en/structured-regular-fit-shirt-p07545333.html?v1=568032977,2026-09-06T04:24:24.607Z,data\raw\zara\07545333.json,JSON-LD ProductGroup.hasVariant
zara-us:07545333:568032974-250-4,zara-us:07545333,568032974-250-4,568032974-250-4,White,L,49.90,USD,,https://schema.org/InStock,https://www.zara.com/us/en/structured-regular-fit-shirt-p07545333.html?v1=568032977,2026-09-06T04:24:24.607Z,data\raw\zara\07545333.json,JSON-LD ProductGroup.hasVariant
zara-us:07545333:568032974-250-5,zara-us:07545333,568032974-250-5,568032974-250-5,White,XL,49.90,USD,,https://schema.org/InStock,https://www.zara.com/us/en/structured-regular-fit-shirt-p07545333.html?v1=568032977,2026-09-06T04:24:24.607Z,data\raw\zara\07545333.json,JSON-LD ProductGroup.hasVariant
zara-us:07545333:568032974-250-6,zara-us:07545333,568032974-250-6,568032974-250-6,White,XXL,49.90,USD,,https://schema.org/InStock,https://www.zara.com/us/en/structured-regular-fit-shirt-p07545333.html?v1=568032977,2026-09-06T04:24:24.607Z,data\raw\zara\07545333.json,JSON-LD ProductGroup.hasVariant
zara-us:07545500:557850354-250-2,zara-us:07545500,557850354-250-2,557850354-250-2,White,S,59.90,USD,,https://schema.org/InStock,https://www.zara.com/us/en/structured-regular-fit-shirt-p07545500.html?v1=557850354,2026-09-06T04:25:04.396Z,data\raw\zara\07545500.json,JSON-LD ProductGroup.hasVariant
zara-us:07545500:557850354-250-3,zara-us:07545500,557850354-250-3,557850354-250-3,White,M,59.90,USD,,https://schema.org/InStock,https://www.zara.com/us/en/structured-regular-fit-shirt-p07545500.html?v1=557850354,2026-09-06T04:25:04.396Z,data\raw\zara\07545500.json,JSON-LD ProductGroup.hasVariant
zara-us:07545500:557850354-250-4,zara-us:07545500,557850354-250-4,557850354-250-4,White,L,59.90,USD,,https://schema.org/InStock,https://www.zara.com/us/en/structured-regular-fit-shirt-p07545500.html?v1=557850354,2026-09-06T04:25:04.396Z,data\raw\zara\07545500.json,JSON-LD ProductGroup.hasVariant
zara-us:07545500:557850354-250-5,zara-us:07545500,557850354-250-5,557850354-250-5,White,XL,59.90,USD,,https://schema.org/InStock,https://www.zara.com/us/en/structured-regular-fit-shirt-p07545500.html?v1=557850354,2026-09-06T04:25:04.396Z,data\raw\zara\07545500.json,JSON-LD ProductGroup.hasVariant
zara-us:07545500:557850354-800-2,zara-us:07545500,557850354-800-2,557850354-800-2,Black,S,59.90,USD,,https://schema.org/InStock,https://www.zara.com/us/en/structured-regular-fit-shirt-p07545500.html?v1=557850353,2026-09-06T04:25:04.396Z,data\raw\zara\07545500.json,JSON-LD ProductGroup.hasVariant
zara-us:07545500:557850354-800-3,zara-us:07545500,557850354-800-3,557850354-800-3,Black,M,59.90,USD,,https://schema.org/InStock,https://www.zara.com/us/en/structured-regular-fit-shirt-p07545500.html?v1=557850353,2026-09-06T04:25:04.396Z,data\raw\zara\07545500.json,JSON-LD ProductGroup.hasVariant
zara-us:07545500:557850354-800-4,zara-us:07545500,557850354-800-4,557850354-800-4,Black,L,59.90,USD,,https://schema.org/InStock,https://www.zara.com/us/en/structured-regular-fit-shirt-p07545500.html?v1=557850353,2026-09-06T04:25:04.396Z,data\raw\zara\07545500.json,JSON-LD ProductGroup.hasVariant
zara-us:07545500:557850354-800-5,zara-us:07545500,557850354-800-5,557850354-800-5,Black,XL,59.90,USD,,https://schema.org/InStock,https://www.zara.com/us/en/structured-regular-fit-shirt-p07545500.html?v1=557850353,2026-09-06T04:25:04.396Z,data\raw\zara\07545500.json,JSON-LD ProductGroup.hasVariant
zara-us:07545710:545486303-060-2,zara-us:07545710,545486303-060-2,545486303-060-2,White / Navy,S,49.90,USD,,https://schema.org/InStock,https://www.zara.com/us/en/easy-care-textured-shirt-p07545710.html?v1=545486303,2026-09-06T04:25:01.952Z,data\raw\zara\07545710.json,JSON-LD ProductGroup.hasVariant
zara-us:07545710:545486303-060-3,zara-us:07545710,545486303-060-3,545486303-060-3,White / Navy,M,49.90,USD,,https://schema.org/InStock,https://www.zara.com/us/en/easy-care-textured-shirt-p07545710.html?v1=545486303,2026-09-06T04:25:01.952Z,data\raw\zara\07545710.json,JSON-LD ProductGroup.hasVariant
zara-us:07545710:545486303-060-4,zara-us:07545710,545486303-060-4,545486303-060-4,White / Navy,L,49.90,USD,,https://schema.org/InStock,https://www.zara.com/us/en/easy-care-textured-shirt-p07545710.html?v1=545486303,2026-09-06T04:25:01.952Z,data\raw\zara\07545710.json,JSON-LD ProductGroup.hasVariant
zara-us:07545710:545486303-060-5,zara-us:07545710,545486303-060-5,545486303-060-5,White / Navy,XL,49.90,USD,,https://schema.org/InStock,https://www.zara.com/us/en/easy-care-textured-shirt-p07545710.html?v1=545486303,2026-09-06T04:25:01.952Z,data\raw\zara\07545710.json,JSON-LD ProductGroup.hasVariant
zara-us:07545710:545486303-060-6,zara-us:07545710,545486303-060-6,545486303-060-6,White / Navy,XXL,49.90,USD,,https://schema.org/InStock,https://www.zara.com/us/en/easy-care-textured-shirt-p07545710.html?v1=545486303,2026-09-06T04:25:01.952Z,data\raw\zara\07545710.json,JSON-LD ProductGroup.hasVariant
zara-us:07545710:545486303-250-2,zara-us:07545710,545486303-250-2,545486303-250-2,White,S,49.90,USD,,https://schema.org/InStock,https://www.zara.com/us/en/easy-care-textured-shirt-p07545710.html?v1=545486304,2026-09-06T04:25:01.952Z,data\raw\zara\07545710.json,JSON-LD ProductGroup.hasVariant
zara-us:07545710:545486303-250-3,zara-us:07545710,545486303-250-3,545486303-250-3,White,M,49.90,USD,,https://schema.org/InStock,https://www.zara.com/us/en/easy-care-textured-shirt-p07545710.html?v1=545486304,2026-09-06T04:25:01.952Z,data\raw\zara\07545710.json,JSON-LD ProductGroup.hasVariant
zara-us:07545710:545486303-250-4,zara-us:07545710,545486303-250-4,545486303-250-4,White,L,49.90,USD,,https://schema.org/InStock,https://www.zara.com/us/en/easy-care-textured-shirt-p07545710.html?v1=545486304,2026-09-06T04:25:01.952Z,data\raw\zara\07545710.json,JSON-LD ProductGroup.hasVariant
zara-us:07545710:545486303-250-5,zara-us:07545710,545486303-250-5,545486303-250-5,White,XL,49.90,USD,,https://schema.org/InStock,https://www.zara.com/us/en/easy-care-textured-shirt-p07545710.html?v1=545486304,2026-09-06T04:25:01.952Z,data\raw\zara\07545710.json,JSON-LD ProductGroup.hasVariant
zara-us:07545710:545486303-250-6,zara-us:07545710,545486303-250-6,545486303-250-6,White,XXL,49.90,USD,,https://schema.org/InStock,https://www.zara.com/us/en/easy-care-textured-shirt-p07545710.html?v1=545486304,2026-09-06T04:25:01.952Z,data\raw\zara\07545710.json,JSON-LD ProductGroup.hasVariant
zara-us:07545710:545486303-981-2,zara-us:07545710,545486303-981-2,545486303-981-2,981,S,49.90,USD,,https://schema.org/InStock,https://www.zara.com/us/en/easy-care-textured-shirt-p07545710.html?v1=585636743,2026-09-06T04:25:01.952Z,data\raw\zara\07545710.json,JSON-LD ProductGroup.hasVariant
zara-us:07545710:545486303-981-3,zara-us:07545710,545486303-981-3,545486303-981-3,981,M,49.90,USD,,https://schema.org/InStock,https://www.zara.com/us/en/easy-care-textured-shirt-p07545710.html?v1=585636743,2026-09-06T04:25:01.952Z,data\raw\zara\07545710.json,JSON-LD ProductGroup.hasVariant
zara-us:07545710:545486303-981-4,zara-us:07545710,545486303-981-4,545486303-981-4,981,L,49.90,USD,,https://schema.org/InStock,https://www.zara.com/us/en/easy-care-textured-shirt-p07545710.html?v1=585636743,2026-09-06T04:25:01.952Z,data\raw\zara\07545710.json,JSON-LD ProductGroup.hasVariant
zara-us:07545710:545486303-981-5,zara-us:07545710,545486303-981-5,545486303-981-5,981,XL,49.90,USD,,https://schema.org/InStock,https://www.zara.com/us/en/easy-care-textured-shirt-p07545710.html?v1=585636743,2026-09-06T04:25:01.952Z,data\raw\zara\07545710.json,JSON-LD ProductGroup.hasVariant
zara-us:07545710:545486303-981-6,zara-us:07545710,545486303-981-6,545486303-981-6,981,XXL,49.90,USD,,https://schema.org/InStock,https://www.zara.com/us/en/easy-care-textured-shirt-p07545710.html?v1=585636743,2026-09-06T04:25:01.952Z,data\raw\zara\07545710.json,JSON-LD ProductGroup.hasVariant
zara-us:07545710:545486303-403-2,zara-us:07545710,545486303-403-2,545486303-403-2,Sky blue,S,49.90,USD,,https://schema.org/InStock,https://www.zara.com/us/en/easy-care-textured-shirt-p07545710.html?v1=545486314,2026-09-06T04:25:01.952Z,data\raw\zara\07545710.json,JSON-LD ProductGroup.hasVariant
zara-us:07545710:545486303-403-3,zara-us:07545710,545486303-403-3,545486303-403-3,Sky blue,M,49.90,USD,,https://schema.org/InStock,https://www.zara.com/us/en/easy-care-textured-shirt-p07545710.html?v1=545486314,2026-09-06T04:25:01.952Z,data\raw\zara\07545710.json,JSON-LD ProductGroup.hasVariant
zara-us:07545710:545486303-403-4,zara-us:07545710,545486303-403-4,545486303-403-4,Sky blue,L,49.90,USD,,https://schema.org/InStock,https://www.zara.com/us/en/easy-care-textured-shirt-p07545710.html?v1=545486314,2026-09-06T04:25:01.952Z,data\raw\zara\07545710.json,JSON-LD ProductGroup.hasVariant
zara-us:07545710:545486303-403-5,zara-us:07545710,545486303-403-5,545486303-403-5,Sky blue,XL,49.90,USD,,https://schema.org/InStock,https://www.zara.com/us/en/easy-care-textured-shirt-p07545710.html?v1=545486314,2026-09-06T04:25:01.952Z,data\raw\zara\07545710.json,JSON-LD ProductGroup.hasVariant
zara-us:07545710:545486303-403-6,zara-us:07545710,545486303-403-6,545486303-403-6,Sky blue,XXL,49.90,USD,,https://schema.org/InStock,https://www.zara.com/us/en/easy-care-textured-shirt-p07545710.html?v1=545486314,2026-09-06T04:25:01.952Z,data\raw\zara\07545710.json,JSON-LD ProductGroup.hasVariant
zara-us:07812332:566279432-600-1,zara-us:07812332,566279432-600-1,566279432-600-1,Red,XS,59.90,USD,,https://schema.org/InStock,https://www.zara.com/us/en/satin-effect-mini-dress-with-slit-p07812332.html?v1=566279432,2026-09-06T04:29:07.363Z,data\raw\zara\07812332.json,JSON-LD ProductGroup.hasVariant
zara-us:07812332:566279432-600-2,zara-us:07812332,566279432-600-2,566279432-600-2,Red,S,59.90,USD,,https://schema.org/InStock,https://www.zara.com/us/en/satin-effect-mini-dress-with-slit-p07812332.html?v1=566279432,2026-09-06T04:29:07.363Z,data\raw\zara\07812332.json,JSON-LD ProductGroup.hasVariant
zara-us:07812332:566279432-600-3,zara-us:07812332,566279432-600-3,566279432-600-3,Red,M,59.90,USD,,https://schema.org/InStock,https://www.zara.com/us/en/satin-effect-mini-dress-with-slit-p07812332.html?v1=566279432,2026-09-06T04:29:07.363Z,data\raw\zara\07812332.json,JSON-LD ProductGroup.hasVariant
zara-us:07812332:566279432-600-4,zara-us:07812332,566279432-600-4,566279432-600-4,Red,L,59.90,USD,,https://schema.org/InStock,https://www.zara.com/us/en/satin-effect-mini-dress-with-slit-p07812332.html?v1=566279432,2026-09-06T04:29:07.363Z,data\raw\zara\07812332.json,JSON-LD ProductGroup.hasVariant
zara-us:07812332:566279432-600-5,zara-us:07812332,566279432-600-5,566279432-600-5,Red,XL,59.90,USD,,https://schema.org/InStock,https://www.zara.com/us/en/satin-effect-mini-dress-with-slit-p07812332.html?v1=566279432,2026-09-06T04:29:07.363Z,data\raw\zara\07812332.json,JSON-LD ProductGroup.hasVariant
zara-us:07812332:566279432-600-6,zara-us:07812332,566279432-600-6,566279432-600-6,Red,XXL,59.90,USD,,https://schema.org/LimitedAvailability,https://www.zara.com/us/en/satin-effect-mini-dress-with-slit-p07812332.html?v1=566279432,2026-09-06T04:29:07.363Z,data\raw\zara\07812332.json,JSON-LD ProductGroup.hasVariant
zara-us:07812332:566279432-800-1,zara-us:07812332,566279432-800-1,566279432-800-1,Black,XS,59.90,USD,,https://schema.org/InStock,https://www.zara.com/us/en/satin-effect-mini-dress-with-slit-p07812332.html?v1=588285239,2026-09-06T04:29:07.363Z,data\raw\zara\07812332.json,JSON-LD ProductGroup.hasVariant
zara-us:07812332:566279432-800-2,zara-us:07812332,566279432-800-2,566279432-800-2,Black,S,59.90,USD,,https://schema.org/InStock,https://www.zara.com/us/en/satin-effect-mini-dress-with-slit-p07812332.html?v1=588285239,2026-09-06T04:29:07.363Z,data\raw\zara\07812332.json,JSON-LD ProductGroup.hasVariant
zara-us:07812332:566279432-800-3,zara-us:07812332,566279432-800-3,566279432-800-3,Black,M,59.90,USD,,https://schema.org/InStock,https://www.zara.com/us/en/satin-effect-mini-dress-with-slit-p07812332.html?v1=588285239,2026-09-06T04:29:07.363Z,data\raw\zara\07812332.json,JSON-LD ProductGroup.hasVariant
zara-us:07812332:566279432-800-4,zara-us:07812332,566279432-800-4,566279432-800-4,Black,L,59.90,USD,,https://schema.org/InStock,https://www.zara.com/us/en/satin-effect-mini-dress-with-slit-p07812332.html?v1=588285239,2026-09-06T04:29:07.363Z,data\raw\zara\07812332.json,JSON-LD ProductGroup.hasVariant
zara-us:07812332:566279432-800-5,zara-us:07812332,566279432-800-5,566279432-800-5,Black,XL,59.90,USD,,https://schema.org/InStock,https://www.zara.com/us/en/satin-effect-mini-dress-with-slit-p07812332.html?v1=588285239,2026-09-06T04:29:07.363Z,data\raw\zara\07812332.json,JSON-LD ProductGroup.hasVariant
zara-us:07812332:566279432-800-6,zara-us:07812332,566279432-800-6,566279432-800-6,Black,XXL,59.90,USD,,https://schema.org/InStock,https://www.zara.com/us/en/satin-effect-mini-dress-with-slit-p07812332.html?v1=588285239,2026-09-06T04:29:07.363Z,data\raw\zara\07812332.json,JSON-LD ProductGroup.hasVariant
zara-us:07812332:566279432-811-1,zara-us:07812332,566279432-811-1,566279432-811-1,Light gray,XS,59.90,USD,,https://schema.org/InStock,https://www.zara.com/us/en/satin-effect-mini-dress-with-slit-p07812332.html?v1=589395261,2026-09-06T04:29:07.363Z,data\raw\zara\07812332.json,JSON-LD ProductGroup.hasVariant
zara-us:07812332:566279432-811-2,zara-us:07812332,566279432-811-2,566279432-811-2,Light gray,S,59.90,USD,,https://schema.org/InStock,https://www.zara.com/us/en/satin-effect-mini-dress-with-slit-p07812332.html?v1=589395261,2026-09-06T04:29:07.363Z,data\raw\zara\07812332.json,JSON-LD ProductGroup.hasVariant
zara-us:07812332:566279432-811-3,zara-us:07812332,566279432-811-3,566279432-811-3,Light gray,M,59.90,USD,,https://schema.org/InStock,https://www.zara.com/us/en/satin-effect-mini-dress-with-slit-p07812332.html?v1=589395261,2026-09-06T04:29:07.363Z,data\raw\zara\07812332.json,JSON-LD ProductGroup.hasVariant
zara-us:07812332:566279432-811-4,zara-us:07812332,566279432-811-4,566279432-811-4,Light gray,L,59.90,USD,,https://schema.org/InStock,https://www.zara.com/us/en/satin-effect-mini-dress-with-slit-p07812332.html?v1=589395261,2026-09-06T04:29:07.363Z,data\raw\zara\07812332.json,JSON-LD ProductGroup.hasVariant
zara-us:07812332:566279432-811-5,zara-us:07812332,566279432-811-5,566279432-811-5,Light gray,XL,59.90,USD,,https://schema.org/InStock,https://www.zara.com/us/en/satin-effect-mini-dress-with-slit-p07812332.html?v1=589395261,2026-09-06T04:29:07.363Z,data\raw\zara\07812332.json,JSON-LD ProductGroup.hasVariant
zara-us:07812332:566279432-811-6,zara-us:07812332,566279432-811-6,566279432-811-6,Light gray,XXL,59.90,USD,,https://schema.org/OutOfStock,https://www.zara.com/us/en/satin-effect-mini-dress-with-slit-p07812332.html?v1=589395261,2026-09-06T04:29:07.363Z,data\raw\zara\07812332.json,JSON-LD ProductGroup.hasVariant
zara-us:07812332:566279432-779-1,zara-us:07812332,566279432-779-1,566279432-779-1,Bone,XS,59.90,USD,,https://schema.org/OutOfStock,https://www.zara.com/us/en/satin-effect-mini-dress-with-slit-p07812332.html?v1=545442467,2026-09-06T04:29:07.363Z,data\raw\zara\07812332.json,JSON-LD ProductGroup.hasVariant
zara-us:07812332:566279432-779-2,zara-us:07812332,566279432-779-2,566279432-779-2,Bone,S,59.90,USD,,https://schema.org/OutOfStock,https://www.zara.com/us/en/satin-effect-mini-dress-with-slit-p07812332.html?v1=545442467,2026-09-06T04:29:07.363Z,data\raw\zara\07812332.json,JSON-LD ProductGroup.hasVariant
zara-us:07812332:566279432-779-3,zara-us:07812332,566279432-779-3,566279432-779-3,Bone,M,59.90,USD,,https://schema.org/InStock,https://www.zara.com/us/en/satin-effect-mini-dress-with-slit-p07812332.html?v1=545442467,2026-09-06T04:29:07.363Z,data\raw\zara\07812332.json,JSON-LD ProductGroup.hasVariant
zara-us:07812332:566279432-779-4,zara-us:07812332,566279432-779-4,566279432-779-4,Bone,L,59.90,USD,,https://schema.org/InStock,https://www.zara.com/us/en/satin-effect-mini-dress-with-slit-p07812332.html?v1=545442467,2026-09-06T04:29:07.363Z,data\raw\zara\07812332.json,JSON-LD ProductGroup.hasVariant
zara-us:07812332:566279432-779-5,zara-us:07812332,566279432-779-5,566279432-779-5,Bone,XL,59.90,USD,,https://schema.org/InStock,https://www.zara.com/us/en/satin-effect-mini-dress-with-slit-p07812332.html?v1=545442467,2026-09-06T04:29:07.363Z,data\raw\zara\07812332.json,JSON-LD ProductGroup.hasVariant
zara-us:07812332:566279432-779-6,zara-us:07812332,566279432-779-6,566279432-779-6,Bone,XXL,59.90,USD,,https://schema.org/InStock,https://www.zara.com/us/en/satin-effect-mini-dress-with-slit-p07812332.html?v1=545442467,2026-09-06T04:29:07.363Z,data\raw\zara\07812332.json,JSON-LD ProductGroup.hasVariant
zara-us:07845524:553627089-744-1,zara-us:07845524,553627089-744-1,553627089-744-1,Canvas,XS,79.90,USD,,https://schema.org/InStock,https://www.zara.com/us/en/short-shoulder-pad-jumpsuit-with-belt-p07845524.html?v1=553627089,2026-09-06T04:29:05.946Z,data\raw\zara\07845524.json,JSON-LD ProductGroup.hasVariant
zara-us:07845524:553627089-744-2,zara-us:07845524,553627089-744-2,553627089-744-2,Canvas,S,79.90,USD,,https://schema.org/InStock,https://www.zara.com/us/en/short-shoulder-pad-jumpsuit-with-belt-p07845524.html?v1=553627089,2026-09-06T04:29:05.946Z,data\raw\zara\07845524.json,JSON-LD ProductGroup.hasVariant
zara-us:07845524:553627089-744-3,zara-us:07845524,553627089-744-3,553627089-744-3,Canvas,M,79.90,USD,,https://schema.org/InStock,https://www.zara.com/us/en/short-shoulder-pad-jumpsuit-with-belt-p07845524.html?v1=553627089,2026-09-06T04:29:05.946Z,data\raw\zara\07845524.json,JSON-LD ProductGroup.hasVariant
zara-us:07845524:553627089-744-4,zara-us:07845524,553627089-744-4,553627089-744-4,Canvas,L,79.90,USD,,https://schema.org/InStock,https://www.zara.com/us/en/short-shoulder-pad-jumpsuit-with-belt-p07845524.html?v1=553627089,2026-09-06T04:29:05.946Z,data\raw\zara\07845524.json,JSON-LD ProductGroup.hasVariant
zara-us:07845524:553627089-744-5,zara-us:07845524,553627089-744-5,553627089-744-5,Canvas,XL,79.90,USD,,https://schema.org/InStock,https://www.zara.com/us/en/short-shoulder-pad-jumpsuit-with-belt-p07845524.html?v1=553627089,2026-09-06T04:29:05.946Z,data\raw\zara\07845524.json,JSON-LD ProductGroup.hasVariant
zara-us:07863212:558218264-710-1,zara-us:07863212,558218264-710-1,558218264-710-1,Beige,XS,69.90,USD,,https://schema.org/LimitedAvailability,https://www.zara.com/us/en/trench-mini-dress-with-cutout-p07863212.html?v1=558218264,2026-09-06T04:28:47.924Z,data\raw\zara\07863212.json,JSON-LD ProductGroup.hasVariant
zara-us:07863212:558218264-710-2,zara-us:07863212,558218264-710-2,558218264-710-2,Beige,S,69.90,USD,,https://schema.org/InStock,https://www.zara.com/us/en/trench-mini-dress-with-cutout-p07863212.html?v1=558218264,2026-09-06T04:28:47.924Z,data\raw\zara\07863212.json,JSON-LD ProductGroup.hasVariant
zara-us:07863212:558218264-710-3,zara-us:07863212,558218264-710-3,558218264-710-3,Beige,M,69.90,USD,,https://schema.org/InStock,https://www.zara.com/us/en/trench-mini-dress-with-cutout-p07863212.html?v1=558218264,2026-09-06T04:28:47.924Z,data\raw\zara\07863212.json,JSON-LD ProductGroup.hasVariant
zara-us:07863212:558218264-710-4,zara-us:07863212,558218264-710-4,558218264-710-4,Beige,L,69.90,USD,,https://schema.org/OutOfStock,https://www.zara.com/us/en/trench-mini-dress-with-cutout-p07863212.html?v1=558218264,2026-09-06T04:28:47.924Z,data\raw\zara\07863212.json,JSON-LD ProductGroup.hasVariant
zara-us:07863212:558218264-710-5,zara-us:07863212,558218264-710-5,558218264-710-5,Beige,XL,69.90,USD,,https://schema.org/OutOfStock,https://www.zara.com/us/en/trench-mini-dress-with-cutout-p07863212.html?v1=558218264,2026-09-06T04:28:47.924Z,data\raw\zara\07863212.json,JSON-LD ProductGroup.hasVariant
zara-us:07863212:558218264-710-6,zara-us:07863212,558218264-710-6,558218264-710-6,Beige,XXL,69.90,USD,,https://schema.org/OutOfStock,https://www.zara.com/us/en/trench-mini-dress-with-cutout-p07863212.html?v1=558218264,2026-09-06T04:28:47.924Z,data\raw\zara\07863212.json,JSON-LD ProductGroup.hasVariant
zara-us:07904115:549529912-250-1,zara-us:07904115,549529912-250-1,549529912-250-1,White,XS,89.90,USD,,https://schema.org/InStock,https://www.zara.com/us/en/frog-fastening-mini-dress-p07904115.html?v1=549529912,2026-09-06T04:28:51.615Z,data\raw\zara\07904115.json,JSON-LD ProductGroup.hasVariant
zara-us:07904115:549529912-250-2,zara-us:07904115,549529912-250-2,549529912-250-2,White,S,89.90,USD,,https://schema.org/InStock,https://www.zara.com/us/en/frog-fastening-mini-dress-p07904115.html?v1=549529912,2026-09-06T04:28:51.615Z,data\raw\zara\07904115.json,JSON-LD ProductGroup.hasVariant
zara-us:07904115:549529912-250-3,zara-us:07904115,549529912-250-3,549529912-250-3,White,M,89.90,USD,,https://schema.org/InStock,https://www.zara.com/us/en/frog-fastening-mini-dress-p07904115.html?v1=549529912,2026-09-06T04:28:51.615Z,data\raw\zara\07904115.json,JSON-LD ProductGroup.hasVariant
zara-us:07904115:549529912-250-4,zara-us:07904115,549529912-250-4,549529912-250-4,White,L,89.90,USD,,https://schema.org/InStock,https://www.zara.com/us/en/frog-fastening-mini-dress-p07904115.html?v1=549529912,2026-09-06T04:28:51.615Z,data\raw\zara\07904115.json,JSON-LD ProductGroup.hasVariant
zara-us:07904115:549529912-250-5,zara-us:07904115,549529912-250-5,549529912-250-5,White,XL,89.90,USD,,https://schema.org/OutOfStock,https://www.zara.com/us/en/frog-fastening-mini-dress-p07904115.html?v1=549529912,2026-09-06T04:28:51.615Z,data\raw\zara\07904115.json,JSON-LD ProductGroup.hasVariant
zara-us:07956576:565079422-405-1,zara-us:07956576,565079422-405-1,565079422-405-1,Indigo,XS,69.90,USD,,https://schema.org/InStock,https://www.zara.com/us/en/z1975-midi-denim-dress-p07956576.html?v1=565079422,2026-09-06T04:29:10.446Z,data\raw\zara\07956576.json,JSON-LD ProductGroup.hasVariant
zara-us:07956576:565079422-405-2,zara-us:07956576,565079422-405-2,565079422-405-2,Indigo,S,69.90,USD,,https://schema.org/InStock,https://www.zara.com/us/en/z1975-midi-denim-dress-p07956576.html?v1=565079422,2026-09-06T04:29:10.446Z,data\raw\zara\07956576.json,JSON-LD ProductGroup.hasVariant
zara-us:07956576:565079422-405-3,zara-us:07956576,565079422-405-3,565079422-405-3,Indigo,M,69.90,USD,,https://schema.org/InStock,https://www.zara.com/us/en/z1975-midi-denim-dress-p07956576.html?v1=565079422,2026-09-06T04:29:10.446Z,data\raw\zara\07956576.json,JSON-LD ProductGroup.hasVariant
zara-us:07956576:565079422-405-4,zara-us:07956576,565079422-405-4,565079422-405-4,Indigo,L,69.90,USD,,https://schema.org/InStock,https://www.zara.com/us/en/z1975-midi-denim-dress-p07956576.html?v1=565079422,2026-09-06T04:29:10.446Z,data\raw\zara\07956576.json,JSON-LD ProductGroup.hasVariant
zara-us:07956576:565079422-405-5,zara-us:07956576,565079422-405-5,565079422-405-5,Indigo,XL,69.90,USD,,https://schema.org/InStock,https://www.zara.com/us/en/z1975-midi-denim-dress-p07956576.html?v1=565079422,2026-09-06T04:29:10.446Z,data\raw\zara\07956576.json,JSON-LD ProductGroup.hasVariant
zara-us:08779637:567963489-303-2,zara-us:08779637,567963489-303-2,567963489-303-2,Golden,S,79.90,USD,,https://schema.org/InStock,https://www.zara.com/us/en/metallic-yarn-ribbed-maxi-dress-p08779637.html?v1=567963489,2026-09-06T04:27:46.933Z,data\raw\zara\08779637.json,JSON-LD ProductGroup.hasVariant
zara-us:08779637:567963489-303-3,zara-us:08779637,567963489-303-3,567963489-303-3,Golden,M,79.90,USD,,https://schema.org/InStock,https://www.zara.com/us/en/metallic-yarn-ribbed-maxi-dress-p08779637.html?v1=567963489,2026-09-06T04:27:46.933Z,data\raw\zara\08779637.json,JSON-LD ProductGroup.hasVariant
zara-us:08779637:567963489-303-4,zara-us:08779637,567963489-303-4,567963489-303-4,Golden,L,79.90,USD,,https://schema.org/InStock,https://www.zara.com/us/en/metallic-yarn-ribbed-maxi-dress-p08779637.html?v1=567963489,2026-09-06T04:27:46.933Z,data\raw\zara\08779637.json,JSON-LD ProductGroup.hasVariant
zara-us:09632350:577911336-400-2,zara-us:09632350,577911336-400-2,577911336-400-2,Blue,S,79.90,USD,,https://schema.org/InStock,https://www.zara.com/us/en/checked-relaxed-fit-shirt-p09632350.html?v1=577911336,2026-09-06T04:24:19.634Z,data\raw\zara\09632350.json,JSON-LD ProductGroup.hasVariant
zara-us:09632350:577911336-400-3,zara-us:09632350,577911336-400-3,577911336-400-3,Blue,M,79.90,USD,,https://schema.org/InStock,https://www.zara.com/us/en/checked-relaxed-fit-shirt-p09632350.html?v1=577911336,2026-09-06T04:24:19.634Z,data\raw\zara\09632350.json,JSON-LD ProductGroup.hasVariant
zara-us:09632350:577911336-400-4,zara-us:09632350,577911336-400-4,577911336-400-4,Blue,L,79.90,USD,,https://schema.org/InStock,https://www.zara.com/us/en/checked-relaxed-fit-shirt-p09632350.html?v1=577911336,2026-09-06T04:24:19.634Z,data\raw\zara\09632350.json,JSON-LD ProductGroup.hasVariant
zara-us:09632350:577911336-400-5,zara-us:09632350,577911336-400-5,577911336-400-5,Blue,XL,79.90,USD,,https://schema.org/InStock,https://www.zara.com/us/en/checked-relaxed-fit-shirt-p09632350.html?v1=577911336,2026-09-06T04:24:19.634Z,data\raw\zara\09632350.json,JSON-LD ProductGroup.hasVariant
