product_id,category_id,category_url
zara-us:00122342,category:25c9417fba67de39,https://www.zara.com/us/en/man-shirts-l737.html
zara-us:00794102,category:25c9417fba67de39,https://www.zara.com/us/en/man-shirts-l737.html
zara-us:00975847,category:25c9417fba67de39,https://www.zara.com/us/en/man-shirts-l737.html
zara-us:00975853,category:25c9417fba67de39,https://www.zara.com/us/en/man-shirts-l737.html
zara-us:01030731,category:25c9417fba67de39,https://www.zara.com/us/en/man-shirts-l737.html
zara-us:01038623,category:25c9417fba67de39,https://www.zara.com/us/en/man-shirts-l737.html
zara-us:01063447,category:25c9417fba67de39,https://www.zara.com/us/en/man-shirts-l737.html
zara-us:01210228,category:52b69d58ca7f96f8,https://www.zara.com/us/en/woman-dresses-l1066.html
zara-us:01437358,category:25c9417fba67de39,https://www.zara.com/us/en/man-shirts-l737.html
zara-us:01758151,category:52b69d58ca7f96f8,https://www.zara.com/us/en/woman-dresses-l1066.html
zara-us:01957102,category:25c9417fba67de39,https://www.zara.com/us/en/man-shirts-l737.html
zara-us:02285098,category:52b69d58ca7f96f8,https://www.zara.com/us/en/woman-dresses-l1066.html
zara-us:02692792,category:25c9417fba67de39,https://www.zara.com/us/en/man-shirts-l737.html
zara-us:02933303,category:25c9417fba67de39,https://www.zara.com/us/en/man-shirts-l737.html
zara-us:03067214,category:52b69d58ca7f96f8,https://www.zara.com/us/en/woman-dresses-l1066.html
zara-us:03152205,category:52b69d58ca7f96f8,https://www.zara.com/us/en/woman-dresses-l1066.html
zara-us:03277401,category:25c9417fba67de39,https://www.zara.com/us/en/man-shirts-l737.html
zara-us:03798623,category:25c9417fba67de39,https://www.zara.com/us/en/man-shirts-l737.html
zara-us:03897173,category:52b69d58ca7f96f8,https://www.zara.com/us/en/woman-dresses-l1066.html
zara-us:04087516,category:25c9417fba67de39,https://www.zara.com/us/en/man-shirts-l737.html
zara-us:04333476,category:25c9417fba67de39,https://www.zara.com/us/en/man-shirts-l737.html
zara-us:04408147,category:25c9417fba67de39,https://www.zara.com/us/en/man-shirts-l737.html
zara-us:04493144,category:25c9417fba67de39,https://www.zara.com/us/en/man-shirts-l737.html
zara-us:04772211,category:52b69d58ca7f96f8,https://www.zara.com/us/en/woman-dresses-l1066.html
zara-us:04772225,category:52b69d58ca7f96f8,https://www.zara.com/us/en/woman-dresses-l1066.html
zara-us:04772386,category:52b69d58ca7f96f8,https://www.zara.com/us/en/woman-dresses-l1066.html
zara-us:04786307,category:52b69d58ca7f96f8,https://www.zara.com/us/en/woman-dresses-l1066.html
zara-us:04786732,category:52b69d58ca7f96f8,https://www.zara.com/us/en/woman-dresses-l1066.html
zara-us:04795210,category:25c9417fba67de39,https://www.zara.com/us/en/man-shirts-l737.html
zara-us:04813814,category:52b69d58ca7f96f8,https://www.zara.com/us/en/woman-dresses-l1066.html
zara-us:04813819,category:52b69d58ca7f96f8,https://www.zara.com/us/en/woman-dresses-l1066.html
zara-us:05039406,category:52b69d58ca7f96f8,https://www.zara.com/us/en/woman-dresses-l1066.html
zara-us:05063839,category:52b69d58ca7f96f8,https://www.zara.com/us/en/woman-dresses-l1066.html
zara-us:05070904,category:25c9417fba67de39,https://www.zara.com/us/en/man-shirts-l737.html
zara-us:05320222,category:25c9417fba67de39,https://www.zara.com/us/en/man-shirts-l737.html
zara-us:05344204,category:52b69d58ca7f96f8,https://www.zara.com/us/en/woman-dresses-l1066.html
zara-us:05536105,category:52b69d58ca7f96f8,https://www.zara.com/us/en/woman-dresses-l1066.html
zara-us:06085325,category:25c9417fba67de39,https://www.zara.com/us/en/man-shirts-l737.html
zara-us:06929284,category:52b69d58ca7f96f8,https://www.zara.com/us/en/woman-dresses-l1066.html
zara-us:06987370,category:25c9417fba67de39,https://www.zara.com/us/en/man-shirts-l737.html
zara-us:07265541,category:52b69d58ca7f96f8,https://www.zara.com/us/en/woman-dresses-l1066.html
zara-us:07545333,category:25c9417fba67de39,https://www.zara.com/us/en/man-shirts-l737.html
zara-us:07545500,category:25c9417fba67de39,https://www.zara.com/us/en/man-shirts-l737.html
zara-us:07545710,category:25c9417fba67de39,https://www.zara.com/us/en/man-shirts-l737.html
zara-us:07812332,category:52b69d58ca7f96f8,https://www.zara.com/us/en/woman-dresses-l1066.html
zara-us:07845524,category:52b69d58ca7f96f8,https://www.zara.com/us/en/woman-dresses-l1066.html
zara-us:07863212,category:52b69d58ca7f96f8,https://www.zara.com/us/en/woman-dresses-l1066.html
zara-us:07904115,category:52b69d58ca7f96f8,https://www.zara.com/us/en/woman-dresses-l1066.html
zara-us:07956576,category:52b69d58ca7f96f8,https://www.zara.com/us/en/woman-dresses-l1066.html
zara-us:08779637,category:52b69d58ca7f96f8,https://www.zara.com/us/en/woman-dresses-l1066.html
zara-us:09632350,category:25c9417fba67de39,https://www.zara.com/us/en/man-shirts-l737.html
zara-us:02157232,category:5c28c37318e0ff3f,https://www.zara.com/us/en/woman-dresses-maxi-l1079.html
zara-us:01758151,category:5c28c37318e0ff3f,https://www.zara.com/us/en/woman-dresses-maxi-l1079.html
zara-us:08779637,category:5c28c37318e0ff3f,https://www.zara.com/us/en/woman-dresses-maxi-l1079.html
zara-us:04786732,category:5c28c37318e0ff3f,https://www.zara.com/us/en/woman-dresses-maxi-l1079.html
zara-us:05344204,category:5c28c37318e0ff3f,https://www.zara.com/us/en/woman-dresses-maxi-l1079.html
zara-us:05039406,category:5c28c37318e0ff3f,https://www.zara.com/us/en/woman-dresses-maxi-l1079.html
zara-us:05107245,category:5c28c37318e0ff3f,https://www.zara.com/us/en/woman-dresses-maxi-l1079.html
zara-us:05039845,category:5c28c37318e0ff3f,https://www.zara.com/us/en/woman-dresses-maxi-l1079.html
zara-us:07937139,category:5c28c37318e0ff3f,https://www.zara.com/us/en/woman-dresses-maxi-l1079.html
zara-us:07837398,category:5c28c37318e0ff3f,https://www.zara.com/us/en/woman-dresses-maxi-l1079.html
zara-us:09598012,category:5c28c37318e0ff3f,https://www.zara.com/us/en/woman-dresses-maxi-l1079.html
zara-us:09081018,category:5c28c37318e0ff3f,https://www.zara.com/us/en/woman-dresses-maxi-l1079.html
zara-us:07823330,category:5c28c37318e0ff3f,https://www.zara.com/us/en/woman-dresses-maxi-l1079.html
zara-us:00450150,category:5c28c37318e0ff3f,https://www.zara.com/us/en/woman-dresses-maxi-l1079.html
zara-us:07768109,category:5c28c37318e0ff3f,https://www.zara.com/us/en/woman-dresses-maxi-l1079.html
zara-us:02072987,category:5c28c37318e0ff3f,https://www.zara.com/us/en/woman-dresses-maxi-l1079.html
zara-us:08046581,category:5c28c37318e0ff3f,https://www.zara.com/us/en/woman-dresses-maxi-l1079.html
zara-us:07937320,category:5c28c37318e0ff3f,https://www.zara.com/us/en/woman-dresses-maxi-l1079.html
zara-us:02678201,category:5c28c37318e0ff3f,https://www.zara.com/us/en/woman-dresses-maxi-l1079.html
zara-us:04772207,category:5c28c37318e0ff3f,https://www.zara.com/us/en/woman-dresses-maxi-l1079.html
zara-us:02778332,category:5c28c37318e0ff3f,https://www.zara.com/us/en/woman-dresses-maxi-l1079.html
zara-us:07840332,category:5c28c37318e0ff3f,https://www.zara.com/us/en/woman-dresses-maxi-l1079.html
zara-us:07341768,category:5c28c37318e0ff3f,https://www.zara.com/us/en/woman-dresses-maxi-l1079.html
zara-us:07857533,category:5c28c37318e0ff3f,https://www.zara.com/us/en/woman-dresses-maxi-l1079.html
zara-us:07248351,category:5c28c37318e0ff3f,https://www.zara.com/us/en/woman-dresses-maxi-l1079.html
zara-us:04772393,category:5c28c37318e0ff3f,https://www.zara.com/us/en/woman-dresses-maxi-l1079.html
zara-us:03067231,category:5c28c37318e0ff3f,https://www.zara.com/us/en/woman-dresses-maxi-l1079.html
zara-us:09040821,category:5c28c37318e0ff3f,https://www.zara.com/us/en/woman-dresses-maxi-l1079.html
zara-us:04192070,category:5c28c37318e0ff3f,https://www.zara.com/us/en/woman-dresses-maxi-l1079.html
zara-us:00085813,category:5c28c37318e0ff3f,https://www.zara.com/us/en/woman-dresses-maxi-l1079.html
zara-us:04772206,category:5c28c37318e0ff3f,https://www.zara.com/us/en/woman-dresses-maxi-l1079.html
zara-us:07841399,category:5c28c37318e0ff3f,https://www.zara.com/us/en/woman-dresses-maxi-l1079.html
zara-us:02231066,category:5c28c37318e0ff3f,https://www.zara.com/us/en/woman-dresses-maxi-l1079.html
zara-us:01223724,category:5c28c37318e0ff3f,https://www.zara.com/us/en/woman-dresses-maxi-l1079.html
zara-us:04772235,category:5c28c37318e0ff3f,https://www.zara.com/us/en/woman-dresses-maxi-l1079.html
zara-us:07914827,category:5c28c37318e0ff3f,https://www.zara.com/us/en/woman-dresses-maxi-l1079.html
zara-us:07962105,category:5c28c37318e0ff3f,https://www.zara.com/us/en/woman-dresses-maxi-l1079.html
zara-us:09077630,category:5c28c37318e0ff3f,https://www.zara.com/us/en/woman-dresses-maxi-l1079.html
zara-us:08741244,category:5c28c37318e0ff3f,https://www.zara.com/us/en/woman-dresses-maxi-l1079.html
zara-us:04764301,category:5c28c37318e0ff3f,https://www.zara.com/us/en/woman-dresses-maxi-l1079.html
zara-us:07196399,category:5c28c37318e0ff3f,https://www.zara.com/us/en/woman-dresses-maxi-l1079.html
zara-us:07834181,category:5c28c37318e0ff3f,https://www.zara.com/us/en/woman-dresses-maxi-l1079.html
zara-us:00387164,category:5c28c37318e0ff3f,https://www.zara.com/us/en/woman-dresses-maxi-l1079.html
zara-us:04786252,category:5c28c37318e0ff3f,https://www.zara.com/us/en/woman-dresses-maxi-l1079.html
zara-us:02142143,category:5c28c37318e0ff3f,https://www.zara.com/us/en/woman-dresses-maxi-l1079.html
zara-us:06929280,category:5c28c37318e0ff3f,https://www.zara.com/us/en/woman-dresses-maxi-l1079.html
zara-us:01528282,category:5c28c37318e0ff3f,https://www.zara.com/us/en/woman-dresses-maxi-l1079.html
zara-us:04772201,category:5c28c37318e0ff3f,https://www.zara.com/us/en/woman-dresses-maxi-l1079.html
zara-us:07521160,category:5c28c37318e0ff3f,https://www.zara.com/us/en/woman-dresses-maxi-l1079.html
zara-us:00021005,category:5c28c37318e0ff3f,https://www.zara.com/us/en/woman-dresses-maxi-l1079.html
zara-us:01758202,category:5c28c37318e0ff3f,https://www.zara.com/us/en/woman-dresses-maxi-l1079.html
zara-us:01758157,category:5c28c37318e0ff3f,https://www.zara.com/us/en/woman-dresses-maxi-l1079.html
zara-us:01223201,category:5c28c37318e0ff3f,https://www.zara.com/us/en/woman-dresses-maxi-l1079.html
zara-us:00085814,category:5c28c37318e0ff3f,https://www.zara.com/us/en/woman-dresses-maxi-l1079.html
zara-us:00392701,category:5c28c37318e0ff3f,https://www.zara.com/us/en/woman-dresses-maxi-l1079.html
zara-us:03666123,category:5c28c37318e0ff3f,https://www.zara.com/us/en/woman-dresses-maxi-l1079.html
zara-us:07831481,category:5c28c37318e0ff3f,https://www.zara.com/us/en/woman-dresses-maxi-l1079.html
zara-us:02298705,category:5c28c37318e0ff3f,https://www.zara.com/us/en/woman-dresses-maxi-l1079.html
zara-us:03500007,category:5c28c37318e0ff3f,https://www.zara.com/us/en/woman-dresses-maxi-l1079.html
zara-us:09874011,category:5c28c37318e0ff3f,https://www.zara.com/us/en/woman-dresses-maxi-l1079.html
zara-us:05029244,category:5c28c37318e0ff3f,https://www.zara.com/us/en/woman-dresses-maxi-l1079.html
zara-us:07521142,category:5c28c37318e0ff3f,https://www.zara.com/us/en/woman-dresses-maxi-l1079.html
zara-us:01223708,category:5c28c37318e0ff3f,https://www.zara.com/us/en/woman-dresses-maxi-l1079.html
zara-us:06895240,category:5c28c37318e0ff3f,https://www.zara.com/us/en/woman-dresses-maxi-l1079.html
zara-us:00858004,category:5c28c37318e0ff3f,https://www.zara.com/us/en/woman-dresses-maxi-l1079.html
zara-us:02240100,category:5c28c37318e0ff3f,https://www.zara.com/us/en/woman-dresses-maxi-l1079.html
zara-us:07512533,category:5c28c37318e0ff3f,https://www.zara.com/us/en/woman-dresses-maxi-l1079.html
zara-us:09598080,category:5c28c37318e0ff3f,https://www.zara.com/us/en/woman-dresses-maxi-l1079.html
zara-us:04772227,category:5c28c37318e0ff3f,https://www.zara.com/us/en/woman-dresses-maxi-l1079.html
zara-us:03152225,category:5c28c37318e0ff3f,https://www.zara.com/us/en/woman-dresses-maxi-l1079.html
zara-us:04772385,category:5c28c37318e0ff3f,https://www.zara.com/us/en/woman-dresses-maxi-l1079.html
zara-us:07807154,category:5c28c37318e0ff3f,https://www.zara.com/us/en/woman-dresses-maxi-l1079.html
zara-us:07760111,category:5c28c37318e0ff3f,https://www.zara.com/us/en/woman-dresses-maxi-l1079.html
zara-us:07956576,category:5c28c37318e0ff3f,https://www.zara.com/us/en/woman-dresses-maxi-l1079.html
zara-us:07904115,category:5c28c37318e0ff3f,https://www.zara.com/us/en/woman-dresses-maxi-l1079.html
zara-us:07863212,category:5c28c37318e0ff3f,https://www.zara.com/us/en/woman-dresses-maxi-l1079.html
zara-us:04786270,category:5c28c37318e0ff3f,https://www.zara.com/us/en/woman-dresses-maxi-l1079.html
zara-us:01067703,category:5c28c37318e0ff3f,https://www.zara.com/us/en/woman-dresses-maxi-l1079.html
zara-us:08372250,category:5c28c37318e0ff3f,https://www.zara.com/us/en/woman-dresses-maxi-l1079.html
zara-us:07844193,category:5c28c37318e0ff3f,https://www.zara.com/us/en/woman-dresses-maxi-l1079.html
zara-us:07484165,category:5c28c37318e0ff3f,https://www.zara.com/us/en/woman-dresses-maxi-l1079.html
zara-us:07957576,category:5c28c37318e0ff3f,https://www.zara.com/us/en/woman-dresses-maxi-l1079.html
zara-us:02587157,category:5c28c37318e0ff3f,https://www.zara.com/us/en/woman-dresses-maxi-l1079.html
zara-us:07827777,category:5c28c37318e0ff3f,https://www.zara.com/us/en/woman-dresses-maxi-l1079.html
zara-us:04764202,category:5c28c37318e0ff3f,https://www.zara.com/us/en/woman-dresses-maxi-l1079.html
zara-us:05919242,category:5c28c37318e0ff3f,https://www.zara.com/us/en/woman-dresses-maxi-l1079.html
zara-us:04772373,category:5c28c37318e0ff3f,https://www.zara.com/us/en/woman-dresses-maxi-l1079.html
zara-us:02284021,category:5c28c37318e0ff3f,https://www.zara.com/us/en/woman-dresses-maxi-l1079.html
zara-us:02157225,category:5c28c37318e0ff3f,https://www.zara.com/us/en/woman-dresses-maxi-l1079.html
zara-us:04786297,category:5c28c37318e0ff3f,https://www.zara.com/us/en/woman-dresses-maxi-l1079.html
zara-us:05029206,category:5c28c37318e0ff3f,https://www.zara.com/us/en/woman-dresses-maxi-l1079.html
zara-us:02072304,category:5c28c37318e0ff3f,https://www.zara.com/us/en/woman-dresses-maxi-l1079.html
zara-us:07512748,category:5c28c37318e0ff3f,https://www.zara.com/us/en/woman-dresses-maxi-l1079.html
zara-us:05039822,category:5c28c37318e0ff3f,https://www.zara.com/us/en/woman-dresses-maxi-l1079.html
zara-us:07933537,category:5c28c37318e0ff3f,https://www.zara.com/us/en/woman-dresses-maxi-l1079.html
zara-us:02266015,category:5c28c37318e0ff3f,https://www.zara.com/us/en/woman-dresses-maxi-l1079.html
zara-us:05039463,category:5c28c37318e0ff3f,https://www.zara.com/us/en/woman-dresses-maxi-l1079.html
zara-us:05029260,category:5c28c37318e0ff3f,https://www.zara.com/us/en/woman-dresses-maxi-l1079.html
zara-us:07894712,category:5c28c37318e0ff3f,https://www.zara.com/us/en/woman-dresses-maxi-l1079.html
zara-us:02731059,category:5c28c37318e0ff3f,https://www.zara.com/us/en/woman-dresses-maxi-l1079.html
zara-us:08021158,category:5c28c37318e0ff3f,https://www.zara.com/us/en/woman-dresses-maxi-l1079.html
zara-us:02285098,category:5c28c37318e0ff3f,https://www.zara.com/us/en/woman-dresses-maxi-l1079.html
zara-us:02241789,category:5c28c37318e0ff3f,https://www.zara.com/us/en/woman-dresses-maxi-l1079.html
zara-us:03152205,category:5c28c37318e0ff3f,https://www.zara.com/us/en/woman-dresses-maxi-l1079.html
zara-us:07850203,category:5c28c37318e0ff3f,https://www.zara.com/us/en/woman-dresses-maxi-l1079.html
zara-us:08741246,category:5c28c37318e0ff3f,https://www.zara.com/us/en/woman-dresses-maxi-l1079.html
zara-us:04661204,category:5c28c37318e0ff3f,https://www.zara.com/us/en/woman-dresses-maxi-l1079.html
zara-us:04772386,category:5c28c37318e0ff3f,https://www.zara.com/us/en/woman-dresses-maxi-l1079.html
zara-us:03067235,category:5c28c37318e0ff3f,https://www.zara.com/us/en/woman-dresses-maxi-l1079.html
zara-us:07241801,category:5c28c37318e0ff3f,https://www.zara.com/us/en/woman-dresses-maxi-l1079.html
zara-us:03067223,category:5c28c37318e0ff3f,https://www.zara.com/us/en/woman-dresses-maxi-l1079.html
zara-us:05029174,category:5c28c37318e0ff3f,https://www.zara.com/us/en/woman-dresses-maxi-l1079.html
zara-us:07232712,category:5c28c37318e0ff3f,https://www.zara.com/us/en/woman-dresses-maxi-l1079.html
zara-us:04772391,category:5c28c37318e0ff3f,https://www.zara.com/us/en/woman-dresses-maxi-l1079.html
zara-us:03046292,category:5c28c37318e0ff3f,https://www.zara.com/us/en/woman-dresses-maxi-l1079.html
zara-us:05029219,category:5c28c37318e0ff3f,https://www.zara.com/us/en/woman-dresses-maxi-l1079.html
zara-us:03069348,category:5c28c37318e0ff3f,https://www.zara.com/us/en/woman-dresses-maxi-l1079.html
zara-us:04786249,category:5c28c37318e0ff3f,https://www.zara.com/us/en/woman-dresses-maxi-l1079.html
zara-us:01165169,category:5c28c37318e0ff3f,https://www.zara.com/us/en/woman-dresses-maxi-l1079.html
zara-us:03897164,category:5c28c37318e0ff3f,https://www.zara.com/us/en/woman-dresses-maxi-l1079.html
zara-us:07861207,category:5c28c37318e0ff3f,https://www.zara.com/us/en/woman-dresses-maxi-l1079.html
zara-us:04813814,category:5c28c37318e0ff3f,https://www.zara.com/us/en/woman-dresses-maxi-l1079.html
zara-us:03897170,category:5c28c37318e0ff3f,https://www.zara.com/us/en/woman-dresses-maxi-l1079.html
zara-us:07232896,category:5c28c37318e0ff3f,https://www.zara.com/us/en/woman-dresses-maxi-l1079.html
zara-us:00387156,category:5c28c37318e0ff3f,https://www.zara.com/us/en/woman-dresses-maxi-l1079.html
zara-us:07627566,category:5c28c37318e0ff3f,https://www.zara.com/us/en/woman-dresses-maxi-l1079.html
zara-us:04661339,category:5c28c37318e0ff3f,https://www.zara.com/us/en/woman-dresses-maxi-l1079.html
zara-us:02507243,category:5c28c37318e0ff3f,https://www.zara.com/us/en/woman-dresses-maxi-l1079.html
zara-us:02076100,category:5c28c37318e0ff3f,https://www.zara.com/us/en/woman-dresses-maxi-l1079.html
zara-us:04772710,category:5c28c37318e0ff3f,https://www.zara.com/us/en/woman-dresses-maxi-l1079.html
zara-us:07953524,category:5c28c37318e0ff3f,https://www.zara.com/us/en/woman-dresses-maxi-l1079.html
zara-us:08372247,category:5c28c37318e0ff3f,https://www.zara.com/us/en/woman-dresses-maxi-l1079.html
zara-us:03564185,category:5c28c37318e0ff3f,https://www.zara.com/us/en/woman-dresses-maxi-l1079.html
zara-us:02253108,category:5c28c37318e0ff3f,https://www.zara.com/us/en/woman-dresses-maxi-l1079.html
zara-us:07265541,category:5c28c37318e0ff3f,https://www.zara.com/us/en/woman-dresses-maxi-l1079.html
zara-us:07684531,category:5c28c37318e0ff3f,https://www.zara.com/us/en/woman-dresses-maxi-l1079.html
zara-us:03152339,category:5c28c37318e0ff3f,https://www.zara.com/us/en/woman-dresses-maxi-l1079.html
zara-us:05344242,category:5c28c37318e0ff3f,https://www.zara.com/us/en/woman-dresses-maxi-l1079.html
zara-us:03666152,category:5c28c37318e0ff3f,https://www.zara.com/us/en/woman-dresses-maxi-l1079.html
zara-us:02022828,category:5c28c37318e0ff3f,https://www.zara.com/us/en/woman-dresses-maxi-l1079.html
zara-us:02828209,category:5c28c37318e0ff3f,https://www.zara.com/us/en/woman-dresses-maxi-l1079.html
zara-us:07001625,category:5c28c37318e0ff3f,https://www.zara.com/us/en/woman-dresses-maxi-l1079.html
zara-us:09035037,category:5c28c37318e0ff3f,https://www.zara.com/us/en/woman-dresses-maxi-l1079.html
zara-us:07521250,category:5c28c37318e0ff3f,https://www.zara.com/us/en/woman-dresses-maxi-l1079.html
zara-us:07231727,category:5c28c37318e0ff3f,https://www.zara.com/us/en/woman-dresses-maxi-l1079.html
zara-us:01528804,category:5c28c37318e0ff3f,https://www.zara.com/us/en/woman-dresses-maxi-l1079.html
zara-us:05029172,category:5c28c37318e0ff3f,https://www.zara.com/us/en/woman-dresses-maxi-l1079.html
zara-us:07928757,category:5c28c37318e0ff3f,https://www.zara.com/us/en/woman-dresses-maxi-l1079.html
zara-us:02142004,category:5c28c37318e0ff3f,https://www.zara.com/us/en/woman-dresses-maxi-l1079.html
zara-us:09874016,category:5c28c37318e0ff3f,https://www.zara.com/us/en/woman-dresses-maxi-l1079.html
zara-us:07100306,category:5c28c37318e0ff3f,https://www.zara.com/us/en/woman-dresses-maxi-l1079.html
zara-us:03210302,category:5c28c37318e0ff3f,https://www.zara.com/us/en/woman-dresses-maxi-l1079.html
zara-us:00387161,category:5c28c37318e0ff3f,https://www.zara.com/us/en/woman-dresses-maxi-l1079.html
zara-us:05029207,category:5c28c37318e0ff3f,https://www.zara.com/us/en/woman-dresses-maxi-l1079.html
zara-us:07484158,category:5c28c37318e0ff3f,https://www.zara.com/us/en/woman-dresses-maxi-l1079.html
zara-us:04772395,category:5c28c37318e0ff3f,https://www.zara.com/us/en/woman-dresses-maxi-l1079.html
zara-us:07002511,category:5c28c37318e0ff3f,https://www.zara.com/us/en/woman-dresses-maxi-l1079.html
zara-us:07812332,category:5c28c37318e0ff3f,https://www.zara.com/us/en/woman-dresses-maxi-l1079.html
zara-us:03152232,category:5c28c37318e0ff3f,https://www.zara.com/us/en/woman-dresses-maxi-l1079.html
zara-us:04661304,category:5c28c37318e0ff3f,https://www.zara.com/us/en/woman-dresses-maxi-l1079.html
zara-us:04772245,category:5c28c37318e0ff3f,https://www.zara.com/us/en/woman-dresses-maxi-l1079.html
zara-us:04764230,category:5c28c37318e0ff3f,https://www.zara.com/us/en/woman-dresses-maxi-l1079.html
zara-us:07833786,category:5c28c37318e0ff3f,https://www.zara.com/us/en/woman-dresses-maxi-l1079.html
zara-us:04786110,category:5c28c37318e0ff3f,https://www.zara.com/us/en/woman-dresses-maxi-l1079.html
zara-us:04786254,category:5c28c37318e0ff3f,https://www.zara.com/us/en/woman-dresses-maxi-l1079.html
zara-us:02298159,category:5c28c37318e0ff3f,https://www.zara.com/us/en/woman-dresses-maxi-l1079.html
zara-us:03293156,category:5c28c37318e0ff3f,https://www.zara.com/us/en/woman-dresses-maxi-l1079.html
zara-us:08611762,category:5c28c37318e0ff3f,https://www.zara.com/us/en/woman-dresses-maxi-l1079.html
zara-us:07623709,category:5c28c37318e0ff3f,https://www.zara.com/us/en/woman-dresses-maxi-l1079.html
zara-us:05029270,category:5c28c37318e0ff3f,https://www.zara.com/us/en/woman-dresses-maxi-l1079.html
zara-us:07625574,category:5c28c37318e0ff3f,https://www.zara.com/us/en/woman-dresses-maxi-l1079.html
zara-us:06895255,category:5c28c37318e0ff3f,https://www.zara.com/us/en/woman-dresses-maxi-l1079.html
zara-us:01355452,category:5c28c37318e0ff3f,https://www.zara.com/us/en/woman-dresses-maxi-l1079.html
zara-us:04786243,category:5c28c37318e0ff3f,https://www.zara.com/us/en/woman-dresses-maxi-l1079.html
zara-us:02073102,category:5c28c37318e0ff3f,https://www.zara.com/us/en/woman-dresses-maxi-l1079.html
zara-us:02261100,category:5c28c37318e0ff3f,https://www.zara.com/us/en/woman-dresses-maxi-l1079.html
zara-us:07521309,category:5c28c37318e0ff3f,https://www.zara.com/us/en/woman-dresses-maxi-l1079.html
zara-us:04772268,category:5c28c37318e0ff3f,https://www.zara.com/us/en/woman-dresses-maxi-l1079.html
zara-us:05063228,category:5c28c37318e0ff3f,https://www.zara.com/us/en/woman-dresses-maxi-l1079.html
zara-us:00387162,category:5c28c37318e0ff3f,https://www.zara.com/us/en/woman-dresses-maxi-l1079.html
zara-us:04387108,category:5c28c37318e0ff3f,https://www.zara.com/us/en/woman-dresses-maxi-l1079.html
zara-us:05289242,category:5c28c37318e0ff3f,https://www.zara.com/us/en/woman-dresses-maxi-l1079.html
zara-us:00264719,category:5c28c37318e0ff3f,https://www.zara.com/us/en/woman-dresses-maxi-l1079.html
zara-us:03500002,category:5c28c37318e0ff3f,https://www.zara.com/us/en/woman-dresses-maxi-l1079.html
zara-us:07864166,category:5c28c37318e0ff3f,https://www.zara.com/us/en/woman-dresses-maxi-l1079.html
zara-us:07003538,category:5c28c37318e0ff3f,https://www.zara.com/us/en/woman-dresses-maxi-l1079.html
zara-us:04772202,category:5c28c37318e0ff3f,https://www.zara.com/us/en/woman-dresses-maxi-l1079.html
zara-us:07754623,category:5c28c37318e0ff3f,https://www.zara.com/us/en/woman-dresses-maxi-l1079.html
zara-us:07521308,category:5c28c37318e0ff3f,https://www.zara.com/us/en/woman-dresses-maxi-l1079.html
zara-us:02678242,category:5c28c37318e0ff3f,https://www.zara.com/us/en/woman-dresses-maxi-l1079.html
zara-us:07889355,category:5c28c37318e0ff3f,https://www.zara.com/us/en/woman-dresses-maxi-l1079.html
zara-us:05029160,category:5c28c37318e0ff3f,https://www.zara.com/us/en/woman-dresses-maxi-l1079.html
zara-us:04772214,category:5c28c37318e0ff3f,https://www.zara.com/us/en/woman-dresses-maxi-l1079.html
zara-us:04764204,category:5c28c37318e0ff3f,https://www.zara.com/us/en/woman-dresses-maxi-l1079.html
zara-us:02228005,category:5c28c37318e0ff3f,https://www.zara.com/us/en/woman-dresses-maxi-l1079.html
zara-us:02756104,category:5c28c37318e0ff3f,https://www.zara.com/us/en/woman-dresses-maxi-l1079.html
zara-us:07808341,category:5c28c37318e0ff3f,https://www.zara.com/us/en/woman-dresses-maxi-l1079.html
zara-us:02800486,category:5c28c37318e0ff3f,https://www.zara.com/us/en/woman-dresses-maxi-l1079.html
zara-us:02756046,category:5c28c37318e0ff3f,https://www.zara.com/us/en/woman-dresses-maxi-l1079.html
zara-us:05029176,category:5c28c37318e0ff3f,https://www.zara.com/us/en/woman-dresses-maxi-l1079.html
zara-us:02238576,category:5c28c37318e0ff3f,https://www.zara.com/us/en/woman-dresses-maxi-l1079.html
zara-us:01223721,category:5c28c37318e0ff3f,https://www.zara.com/us/en/woman-dresses-maxi-l1079.html
zara-us:07164789,category:5c28c37318e0ff3f,https://www.zara.com/us/en/woman-dresses-maxi-l1079.html
zara-us:02206661,category:5c28c37318e0ff3f,https://www.zara.com/us/en/woman-dresses-maxi-l1079.html
zara-us:07925716,category:5c28c37318e0ff3f,https://www.zara.com/us/en/woman-dresses-maxi-l1079.html
zara-us:02180211,category:5c28c37318e0ff3f,https://www.zara.com/us/en/woman-dresses-maxi-l1079.html
zara-us:07779109,category:5c28c37318e0ff3f,https://www.zara.com/us/en/woman-dresses-maxi-l1079.html
zara-us:07846403,category:5c28c37318e0ff3f,https://www.zara.com/us/en/woman-dresses-maxi-l1079.html
zara-us:02022998,category:5c28c37318e0ff3f,https://www.zara.com/us/en/woman-dresses-maxi-l1079.html
zara-us:08235487,category:5c28c37318e0ff3f,https://www.zara.com/us/en/woman-dresses-maxi-l1079.html
zara-us:09046838,category:5c28c37318e0ff3f,https://www.zara.com/us/en/woman-dresses-maxi-l1079.html
zara-us:02224376,category:5c28c37318e0ff3f,https://www.zara.com/us/en/woman-dresses-maxi-l1079.html
zara-us:01058506,category:5c28c37318e0ff3f,https://www.zara.com/us/en/woman-dresses-maxi-l1079.html
zara-us:07969045,category:5c28c37318e0ff3f,https://www.zara.com/us/en/woman-dresses-maxi-l1079.html
zara-us:04772372,category:5c28c37318e0ff3f,https://www.zara.com/us/en/woman-dresses-maxi-l1079.html
zara-us:02515909,category:5c28c37318e0ff3f,https://www.zara.com/us/en/woman-dresses-maxi-l1079.html
zara-us:02262075,category:5c28c37318e0ff3f,https://www.zara.com/us/en/woman-dresses-maxi-l1079.html
zara-us:02232304,category:5c28c37318e0ff3f,https://www.zara.com/us/en/woman-dresses-maxi-l1079.html
zara-us:07849400,category:5c28c37318e0ff3f,https://www.zara.com/us/en/woman-dresses-maxi-l1079.html
zara-us:07345782,category:5c28c37318e0ff3f,https://www.zara.com/us/en/woman-dresses-maxi-l1079.html
zara-us:04764201,category:5c28c37318e0ff3f,https://www.zara.com/us/en/woman-dresses-maxi-l1079.html
zara-us:00387154,category:5c28c37318e0ff3f,https://www.zara.com/us/en/woman-dresses-maxi-l1079.html
zara-us:04786307,category:5c28c37318e0ff3f,https://www.zara.com/us/en/woman-dresses-maxi-l1079.html
zara-us:05029266,category:5c28c37318e0ff3f,https://www.zara.com/us/en/woman-dresses-maxi-l1079.html
zara-us:07815231,category:5c28c37318e0ff3f,https://www.zara.com/us/en/woman-dresses-maxi-l1079.html
zara-us:05584627,category:5c28c37318e0ff3f,https://www.zara.com/us/en/woman-dresses-maxi-l1079.html
zara-us:07829111,category:5c28c37318e0ff3f,https://www.zara.com/us/en/woman-dresses-maxi-l1079.html
zara-us:04786703,category:5c28c37318e0ff3f,https://www.zara.com/us/en/woman-dresses-maxi-l1079.html
zara-us:05029220,category:5c28c37318e0ff3f,https://www.zara.com/us/en/woman-dresses-maxi-l1079.html
zara-us:05029213,category:5c28c37318e0ff3f,https://www.zara.com/us/en/woman-dresses-maxi-l1079.html
zara-us:00881211,category:5c28c37318e0ff3f,https://www.zara.com/us/en/woman-dresses-maxi-l1079.html
zara-us:07767826,category:5c28c37318e0ff3f,https://www.zara.com/us/en/woman-dresses-maxi-l1079.html
zara-us:01131816,category:5c28c37318e0ff3f,https://www.zara.com/us/en/woman-dresses-maxi-l1079.html
zara-us:00387165,category:5c28c37318e0ff3f,https://www.zara.com/us/en/woman-dresses-maxi-l1079.html
zara-us:02252281,category:5c28c37318e0ff3f,https://www.zara.com/us/en/woman-dresses-maxi-l1079.html
zara-us:06050814,category:5c28c37318e0ff3f,https://www.zara.com/us/en/woman-dresses-maxi-l1079.html
zara-us:02892777,category:5c28c37318e0ff3f,https://www.zara.com/us/en/woman-dresses-maxi-l1079.html
zara-us:02873332,category:5c28c37318e0ff3f,https://www.zara.com/us/en/woman-dresses-maxi-l1079.html
zara-us:00249151,category:5c28c37318e0ff3f,https://www.zara.com/us/en/woman-dresses-maxi-l1079.html
zara-us:06929483,category:5c28c37318e0ff3f,https://www.zara.com/us/en/woman-dresses-maxi-l1079.html
zara-us:07645771,category:5c28c37318e0ff3f,https://www.zara.com/us/en/woman-dresses-maxi-l1079.html
zara-us:03666154,category:5c28c37318e0ff3f,https://www.zara.com/us/en/woman-dresses-maxi-l1079.html
zara-us:05029215,category:5c28c37318e0ff3f,https://www.zara.com/us/en/woman-dresses-maxi-l1079.html
zara-us:07895975,category:5c28c37318e0ff3f,https://www.zara.com/us/en/woman-dresses-maxi-l1079.html
zara-us:02233790,category:5c28c37318e0ff3f,https://www.zara.com/us/en/woman-dresses-maxi-l1079.html
zara-us:07661703,category:5c28c37318e0ff3f,https://www.zara.com/us/en/woman-dresses-maxi-l1079.html
zara-us:09049630,category:5c28c37318e0ff3f,https://www.zara.com/us/en/woman-dresses-maxi-l1079.html
zara-us:04772383,category:5c28c37318e0ff3f,https://www.zara.com/us/en/woman-dresses-maxi-l1079.html
zara-us:07848777,category:5c28c37318e0ff3f,https://www.zara.com/us/en/woman-dresses-maxi-l1079.html
zara-us:07561727,category:5c28c37318e0ff3f,https://www.zara.com/us/en/woman-dresses-maxi-l1079.html
zara-us:07845289,category:5c28c37318e0ff3f,https://www.zara.com/us/en/woman-dresses-maxi-l1079.html
zara-us:05029169,category:5c28c37318e0ff3f,https://www.zara.com/us/en/woman-dresses-maxi-l1079.html
zara-us:04772208,category:5c28c37318e0ff3f,https://www.zara.com/us/en/woman-dresses-maxi-l1079.html
zara-us:03897160,category:5c28c37318e0ff3f,https://www.zara.com/us/en/woman-dresses-maxi-l1079.html
zara-us:02251010,category:5c28c37318e0ff3f,https://www.zara.com/us/en/woman-dresses-maxi-l1079.html
zara-us:00264718,category:5c28c37318e0ff3f,https://www.zara.com/us/en/woman-dresses-maxi-l1079.html
zara-us:05029159,category:5c28c37318e0ff3f,https://www.zara.com/us/en/woman-dresses-maxi-l1079.html
zara-us:07235645,category:5c28c37318e0ff3f,https://www.zara.com/us/en/woman-dresses-maxi-l1079.html
zara-us:08610957,category:5c28c37318e0ff3f,https://www.zara.com/us/en/woman-dresses-maxi-l1079.html
zara-us:04772354,category:5c28c37318e0ff3f,https://www.zara.com/us/en/woman-dresses-maxi-l1079.html
zara-us:08888774,category:5c28c37318e0ff3f,https://www.zara.com/us/en/woman-dresses-maxi-l1079.html
zara-us:00387151,category:5c28c37318e0ff3f,https://www.zara.com/us/en/woman-dresses-maxi-l1079.html
zara-us:04437242,category:5c28c37318e0ff3f,https://www.zara.com/us/en/woman-dresses-maxi-l1079.html
zara-us:02936301,category:5c28c37318e0ff3f,https://www.zara.com/us/en/woman-dresses-maxi-l1079.html
zara-us:00387163,category:5c28c37318e0ff3f,https://www.zara.com/us/en/woman-dresses-maxi-l1079.html
zara-us:02281020,category:5c28c37318e0ff3f,https://www.zara.com/us/en/woman-dresses-maxi-l1079.html
zara-us:00392703,category:5c28c37318e0ff3f,https://www.zara.com/us/en/woman-dresses-maxi-l1079.html
zara-us:02491150,category:5c28c37318e0ff3f,https://www.zara.com/us/en/woman-dresses-maxi-l1079.html
zara-us:02517151,category:5c28c37318e0ff3f,https://www.zara.com/us/en/woman-dresses-maxi-l1079.html
zara-us:05039846,category:5c28c37318e0ff3f,https://www.zara.com/us/en/woman-dresses-maxi-l1079.html
zara-us:02175536,category:5c28c37318e0ff3f,https://www.zara.com/us/en/woman-dresses-maxi-l1079.html
zara-us:04813819,category:5c28c37318e0ff3f,https://www.zara.com/us/en/woman-dresses-maxi-l1079.html
zara-us:02335631,category:5c28c37318e0ff3f,https://www.zara.com/us/en/woman-dresses-maxi-l1079.html
zara-us:03293160,category:5c28c37318e0ff3f,https://www.zara.com/us/en/woman-dresses-maxi-l1079.html
zara-us:07624423,category:5c28c37318e0ff3f,https://www.zara.com/us/en/woman-dresses-maxi-l1079.html
zara-us:07521201,category:5c28c37318e0ff3f,https://www.zara.com/us/en/woman-dresses-maxi-l1079.html
zara-us:03666118,category:5c28c37318e0ff3f,https://www.zara.com/us/en/woman-dresses-maxi-l1079.html
zara-us:03897161,category:5c28c37318e0ff3f,https://www.zara.com/us/en/woman-dresses-maxi-l1079.html
zara-us:02516149,category:5c28c37318e0ff3f,https://www.zara.com/us/en/woman-dresses-maxi-l1079.html
zara-us:08220748,category:5c28c37318e0ff3f,https://www.zara.com/us/en/woman-dresses-maxi-l1079.html
zara-us:03067214,category:5c28c37318e0ff3f,https://www.zara.com/us/en/woman-dresses-maxi-l1079.html
zara-us:00387159,category:5c28c37318e0ff3f,https://www.zara.com/us/en/woman-dresses-maxi-l1079.html
zara-us:09061830,category:5c28c37318e0ff3f,https://www.zara.com/us/en/woman-dresses-maxi-l1079.html
zara-us:02229407,category:5c28c37318e0ff3f,https://www.zara.com/us/en/woman-dresses-maxi-l1079.html
zara-us:07521161,category:5c28c37318e0ff3f,https://www.zara.com/us/en/woman-dresses-maxi-l1079.html
zara-us:05039674,category:5c28c37318e0ff3f,https://www.zara.com/us/en/woman-dresses-maxi-l1079.html
zara-us:01821221,category:5c28c37318e0ff3f,https://www.zara.com/us/en/woman-dresses-maxi-l1079.html
zara-us:05029273,category:5c28c37318e0ff3f,https://www.zara.com/us/en/woman-dresses-maxi-l1079.html
zara-us:02225304,category:5c28c37318e0ff3f,https://www.zara.com/us/en/woman-dresses-maxi-l1079.html
zara-us:02075100,category:5c28c37318e0ff3f,https://www.zara.com/us/en/woman-dresses-maxi-l1079.html
zara-us:05416117,category:5c28c37318e0ff3f,https://www.zara.com/us/en/woman-dresses-maxi-l1079.html
zara-us:07832111,category:5c28c37318e0ff3f,https://www.zara.com/us/en/woman-dresses-maxi-l1079.html
zara-us:04387235,category:5c28c37318e0ff3f,https://www.zara.com/us/en/woman-dresses-maxi-l1079.html
zara-us:00387166,category:5c28c37318e0ff3f,https://www.zara.com/us/en/woman-dresses-maxi-l1079.html
zara-us:07321727,category:5c28c37318e0ff3f,https://www.zara.com/us/en/woman-dresses-maxi-l1079.html
zara-us:07325122,category:5c28c37318e0ff3f,https://www.zara.com/us/en/woman-dresses-maxi-l1079.html
zara-us:07961748,category:5c28c37318e0ff3f,https://www.zara.com/us/en/woman-dresses-maxi-l1079.html
zara-us:05344142,category:5c28c37318e0ff3f,https://www.zara.com/us/en/woman-dresses-maxi-l1079.html
zara-us:01210228,category:5c28c37318e0ff3f,https://www.zara.com/us/en/woman-dresses-maxi-l1079.html
zara-us:08004856,category:5c28c37318e0ff3f,https://www.zara.com/us/en/woman-dresses-maxi-l1079.html
zara-us:07198297,category:5c28c37318e0ff3f,https://www.zara.com/us/en/woman-dresses-maxi-l1079.html
zara-us:04770469,category:5c28c37318e0ff3f,https://www.zara.com/us/en/woman-dresses-maxi-l1079.html
zara-us:06873102,category:5c28c37318e0ff3f,https://www.zara.com/us/en/woman-dresses-maxi-l1079.html
zara-us:02234198,category:5c28c37318e0ff3f,https://www.zara.com/us/en/woman-dresses-maxi-l1079.html
zara-us:05063839,category:5c28c37318e0ff3f,https://www.zara.com/us/en/woman-dresses-maxi-l1079.html
zara-us:08596769,category:5c28c37318e0ff3f,https://www.zara.com/us/en/woman-dresses-maxi-l1079.html
zara-us:03152202,category:5c28c37318e0ff3f,https://www.zara.com/us/en/woman-dresses-maxi-l1079.html
zara-us:04786250,category:5c28c37318e0ff3f,https://www.zara.com/us/en/woman-dresses-maxi-l1079.html
zara-us:07004709,category:5c28c37318e0ff3f,https://www.zara.com/us/en/woman-dresses-maxi-l1079.html
zara-us:07920466,category:5c28c37318e0ff3f,https://www.zara.com/us/en/woman-dresses-maxi-l1079.html
zara-us:05029272,category:5c28c37318e0ff3f,https://www.zara.com/us/en/woman-dresses-maxi-l1079.html
zara-us:02230998,category:5c28c37318e0ff3f,https://www.zara.com/us/en/woman-dresses-maxi-l1079.html
zara-us:02245304,category:5c28c37318e0ff3f,https://www.zara.com/us/en/woman-dresses-maxi-l1079.html
zara-us:04387802,category:5c28c37318e0ff3f,https://www.zara.com/us/en/woman-dresses-maxi-l1079.html
zara-us:01165742,category:5c28c37318e0ff3f,https://www.zara.com/us/en/woman-dresses-maxi-l1079.html
zara-us:04813801,category:5c28c37318e0ff3f,https://www.zara.com/us/en/woman-dresses-maxi-l1079.html
zara-us:07521331,category:5c28c37318e0ff3f,https://www.zara.com/us/en/woman-dresses-maxi-l1079.html
zara-us:02246092,category:5c28c37318e0ff3f,https://www.zara.com/us/en/woman-dresses-maxi-l1079.html
zara-us:05029189,category:5c28c37318e0ff3f,https://www.zara.com/us/en/woman-dresses-maxi-l1079.html
zara-us:05919241,category:5c28c37318e0ff3f,https://www.zara.com/us/en/woman-dresses-maxi-l1079.html
zara-us:07825444,category:5c28c37318e0ff3f,https://www.zara.com/us/en/woman-dresses-maxi-l1079.html
zara-us:06929284,category:5c28c37318e0ff3f,https://www.zara.com/us/en/woman-dresses-maxi-l1079.html
zara-us:07921678,category:5c28c37318e0ff3f,https://www.zara.com/us/en/woman-dresses-maxi-l1079.html
zara-us:03921067,category:5c28c37318e0ff3f,https://www.zara.com/us/en/woman-dresses-maxi-l1079.html
zara-us:05252083,category:5c28c37318e0ff3f,https://www.zara.com/us/en/woman-dresses-maxi-l1079.html
zara-us:02518150,category:5c28c37318e0ff3f,https://www.zara.com/us/en/woman-dresses-maxi-l1079.html
zara-us:07342734,category:5c28c37318e0ff3f,https://www.zara.com/us/en/woman-dresses-maxi-l1079.html
zara-us:06929188,category:5c28c37318e0ff3f,https://www.zara.com/us/en/woman-dresses-maxi-l1079.html
zara-us:07521245,category:5c28c37318e0ff3f,https://www.zara.com/us/en/woman-dresses-maxi-l1079.html
zara-us:03152201,category:5c28c37318e0ff3f,https://www.zara.com/us/en/woman-dresses-maxi-l1079.html
zara-us:07835220,category:5c28c37318e0ff3f,https://www.zara.com/us/en/woman-dresses-maxi-l1079.html
zara-us:00251103,category:5c28c37318e0ff3f,https://www.zara.com/us/en/woman-dresses-maxi-l1079.html
zara-us:07521154,category:5c28c37318e0ff3f,https://www.zara.com/us/en/woman-dresses-maxi-l1079.html
zara-us:07410399,category:5c28c37318e0ff3f,https://www.zara.com/us/en/woman-dresses-maxi-l1079.html
zara-us:00250153,category:5c28c37318e0ff3f,https://www.zara.com/us/en/woman-dresses-maxi-l1079.html
zara-us:02180381,category:5c28c37318e0ff3f,https://www.zara.com/us/en/woman-dresses-maxi-l1079.html
zara-us:05029157,category:5c28c37318e0ff3f,https://www.zara.com/us/en/woman-dresses-maxi-l1079.html
zara-us:02228420,category:5c28c37318e0ff3f,https://www.zara.com/us/en/woman-dresses-maxi-l1079.html
zara-us:01758240,category:5c28c37318e0ff3f,https://www.zara.com/us/en/woman-dresses-maxi-l1079.html
zara-us:07521159,category:5c28c37318e0ff3f,https://www.zara.com/us/en/woman-dresses-maxi-l1079.html
zara-us:03897153,category:5c28c37318e0ff3f,https://www.zara.com/us/en/woman-dresses-maxi-l1079.html
zara-us:05029164,category:5c28c37318e0ff3f,https://www.zara.com/us/en/woman-dresses-maxi-l1079.html
zara-us:05770225,category:5c28c37318e0ff3f,https://www.zara.com/us/en/woman-dresses-maxi-l1079.html
zara-us:06895242,category:5c28c37318e0ff3f,https://www.zara.com/us/en/woman-dresses-maxi-l1079.html
zara-us:02226129,category:5c28c37318e0ff3f,https://www.zara.com/us/en/woman-dresses-maxi-l1079.html
zara-us:02321741,category:5c28c37318e0ff3f,https://www.zara.com/us/en/woman-dresses-maxi-l1079.html
zara-us:02298167,category:5c28c37318e0ff3f,https://www.zara.com/us/en/woman-dresses-maxi-l1079.html
zara-us:05344701,category:5c28c37318e0ff3f,https://www.zara.com/us/en/woman-dresses-maxi-l1079.html
zara-us:02507244,category:5c28c37318e0ff3f,https://www.zara.com/us/en/woman-dresses-maxi-l1079.html
zara-us:07561300,category:5c28c37318e0ff3f,https://www.zara.com/us/en/woman-dresses-maxi-l1079.html
zara-us:05029168,category:5c28c37318e0ff3f,https://www.zara.com/us/en/woman-dresses-maxi-l1079.html
zara-us:01355801,category:5c28c37318e0ff3f,https://www.zara.com/us/en/woman-dresses-maxi-l1079.html
zara-us:05029265,category:5c28c37318e0ff3f,https://www.zara.com/us/en/woman-dresses-maxi-l1079.html
zara-us:03210301,category:5c28c37318e0ff3f,https://www.zara.com/us/en/woman-dresses-maxi-l1079.html
zara-us:01355455,category:5c28c37318e0ff3f,https://www.zara.com/us/en/woman-dresses-maxi-l1079.html
zara-us:00881210,category:5c28c37318e0ff3f,https://www.zara.com/us/en/woman-dresses-maxi-l1079.html
zara-us:01165733,category:5c28c37318e0ff3f,https://www.zara.com/us/en/woman-dresses-maxi-l1079.html
zara-us:00387167,category:5c28c37318e0ff3f,https://www.zara.com/us/en/woman-dresses-maxi-l1079.html
zara-us:07536309,category:5c28c37318e0ff3f,https://www.zara.com/us/en/woman-dresses-maxi-l1079.html
zara-us:03897173,category:5c28c37318e0ff3f,https://www.zara.com/us/en/woman-dresses-maxi-l1079.html
zara-us:03411001,category:d466f95da1e8eced,https://www.zara.com/us/en/man-jackets-l640.html
zara-us:card-9362562945,category:d466f95da1e8eced,https://www.zara.com/us/en/man-jackets-l640.html
zara-us:03411002,category:d466f95da1e8eced,https://www.zara.com/us/en/man-jackets-l640.html
zara-us:03715808,category:d466f95da1e8eced,https://www.zara.com/us/en/man-jackets-l640.html
zara-us:01063100,category:d466f95da1e8eced,https://www.zara.com/us/en/man-jackets-l640.html
zara-us:00993800,category:d466f95da1e8eced,https://www.zara.com/us/en/man-jackets-l640.html
zara-us:04695502,category:d466f95da1e8eced,https://www.zara.com/us/en/man-jackets-l640.html
zara-us:08281765,category:d466f95da1e8eced,https://www.zara.com/us/en/man-jackets-l640.html
zara-us:card-9516824868,category:d466f95da1e8eced,https://www.zara.com/us/en/man-jackets-l640.html
zara-us:05320801,category:d466f95da1e8eced,https://www.zara.com/us/en/man-jackets-l640.html
zara-us:00108800,category:d466f95da1e8eced,https://www.zara.com/us/en/man-jackets-l640.html
zara-us:06318606,category:d466f95da1e8eced,https://www.zara.com/us/en/man-jackets-l640.html
zara-us:00993801,category:d466f95da1e8eced,https://www.zara.com/us/en/man-jackets-l640.html
zara-us:card-9547454454,category:d466f95da1e8eced,https://www.zara.com/us/en/man-jackets-l640.html
zara-us:03715811,category:d466f95da1e8eced,https://www.zara.com/us/en/man-jackets-l640.html
zara-us:03918331,category:d466f95da1e8eced,https://www.zara.com/us/en/man-jackets-l640.html
zara-us:03918340,category:d466f95da1e8eced,https://www.zara.com/us/en/man-jackets-l640.html
zara-us:06987334,category:d466f95da1e8eced,https://www.zara.com/us/en/man-jackets-l640.html
zara-us:00155751,category:d466f95da1e8eced,https://www.zara.com/us/en/man-jackets-l640.html
zara-us:04028179,category:d466f95da1e8eced,https://www.zara.com/us/en/man-jackets-l640.html
zara-us:04048356,category:d466f95da1e8eced,https://www.zara.com/us/en/man-jackets-l640.html
zara-us:00155792,category:d466f95da1e8eced,https://www.zara.com/us/en/man-jackets-l640.html
zara-us:08281883,category:d466f95da1e8eced,https://www.zara.com/us/en/man-jackets-l640.html
zara-us:01437321,category:d466f95da1e8eced,https://www.zara.com/us/en/man-jackets-l640.html
zara-us:01437326,category:d466f95da1e8eced,https://www.zara.com/us/en/man-jackets-l640.html
zara-us:04365342,category:d466f95da1e8eced,https://www.zara.com/us/en/man-jackets-l640.html
zara-us:00122329,category:d466f95da1e8eced,https://www.zara.com/us/en/man-jackets-l640.html
zara-us:03411330,category:d466f95da1e8eced,https://www.zara.com/us/en/man-jackets-l640.html
zara-us:00029400,category:d466f95da1e8eced,https://www.zara.com/us/en/man-jackets-l640.html
zara-us:06786003,category:d466f95da1e8eced,https://www.zara.com/us/en/man-jackets-l640.html
zara-us:03918215,category:d466f95da1e8eced,https://www.zara.com/us/en/man-jackets-l640.html
zara-us:08281333,category:d466f95da1e8eced,https://www.zara.com/us/en/man-jackets-l640.html
zara-us:06987340,category:d466f95da1e8eced,https://www.zara.com/us/en/man-jackets-l640.html
zara-us:03833430,category:d466f95da1e8eced,https://www.zara.com/us/en/man-jackets-l640.html
zara-us:04302500,category:d466f95da1e8eced,https://www.zara.com/us/en/man-jackets-l640.html
zara-us:06987337,category:d466f95da1e8eced,https://www.zara.com/us/en/man-jackets-l640.html
zara-us:06103357,category:d466f95da1e8eced,https://www.zara.com/us/en/man-jackets-l640.html
zara-us:04575310,category:d466f95da1e8eced,https://www.zara.com/us/en/man-jackets-l640.html
zara-us:06786800,category:d466f95da1e8eced,https://www.zara.com/us/en/man-jackets-l640.html
zara-us:00155774,category:d466f95da1e8eced,https://www.zara.com/us/en/man-jackets-l640.html
zara-us:06318401,category:d466f95da1e8eced,https://www.zara.com/us/en/man-jackets-l640.html
zara-us:03411320,category:d466f95da1e8eced,https://www.zara.com/us/en/man-jackets-l640.html
zara-us:04416411,category:d466f95da1e8eced,https://www.zara.com/us/en/man-jackets-l640.html
zara-us:card-9691898493,category:d466f95da1e8eced,https://www.zara.com/us/en/man-jackets-l640.html
zara-us:03046457,category:d466f95da1e8eced,https://www.zara.com/us/en/man-jackets-l640.html
zara-us:04919016,category:d466f95da1e8eced,https://www.zara.com/us/en/man-jackets-l640.html
zara-us:06987342,category:d466f95da1e8eced,https://www.zara.com/us/en/man-jackets-l640.html
zara-us:01195407,category:d466f95da1e8eced,https://www.zara.com/us/en/man-jackets-l640.html
zara-us:08491338,category:d466f95da1e8eced,https://www.zara.com/us/en/man-jackets-l640.html
zara-us:03046401,category:d466f95da1e8eced,https://www.zara.com/us/en/man-jackets-l640.html
zara-us:00122312,category:d466f95da1e8eced,https://www.zara.com/us/en/man-jackets-l640.html
zara-us:03286309,category:d466f95da1e8eced,https://www.zara.com/us/en/man-jackets-l640.html
zara-us:05854303,category:d466f95da1e8eced,https://www.zara.com/us/en/man-jackets-l640.html
zara-us:02634312,category:d466f95da1e8eced,https://www.zara.com/us/en/man-jackets-l640.html
zara-us:03833403,category:d466f95da1e8eced,https://www.zara.com/us/en/man-jackets-l640.html
zara-us:03918406,category:d466f95da1e8eced,https://www.zara.com/us/en/man-jackets-l640.html
zara-us:03715802,category:d466f95da1e8eced,https://www.zara.com/us/en/man-jackets-l640.html
zara-us:00155402,category:d466f95da1e8eced,https://www.zara.com/us/en/man-jackets-l640.html
zara-us:03833404,category:d466f95da1e8eced,https://www.zara.com/us/en/man-jackets-l640.html
zara-us:02949800,category:d466f95da1e8eced,https://www.zara.com/us/en/man-jackets-l640.html
zara-us:04027800,category:d466f95da1e8eced,https://www.zara.com/us/en/man-jackets-l640.html
zara-us:06987354,category:d466f95da1e8eced,https://www.zara.com/us/en/man-jackets-l640.html
zara-us:08281114,category:d466f95da1e8eced,https://www.zara.com/us/en/man-jackets-l640.html
zara-us:08281758,category:d466f95da1e8eced,https://www.zara.com/us/en/man-jackets-l640.html
zara-us:04416306,category:d466f95da1e8eced,https://www.zara.com/us/en/man-jackets-l640.html
zara-us:08281111,category:d466f95da1e8eced,https://www.zara.com/us/en/man-jackets-l640.html
zara-us:00155401,category:d466f95da1e8eced,https://www.zara.com/us/en/man-jackets-l640.html
zara-us:03715812,category:d466f95da1e8eced,https://www.zara.com/us/en/man-jackets-l640.html
zara-us:03409305,category:d466f95da1e8eced,https://www.zara.com/us/en/man-jackets-l640.html
zara-us:03286500,category:d466f95da1e8eced,https://www.zara.com/us/en/man-jackets-l640.html
zara-us:03918404,category:d466f95da1e8eced,https://www.zara.com/us/en/man-jackets-l640.html
zara-us:04302370,category:d466f95da1e8eced,https://www.zara.com/us/en/man-jackets-l640.html
zara-us:06096603,category:d466f95da1e8eced,https://www.zara.com/us/en/man-jackets-l640.html
zara-us:08574820,category:d466f95da1e8eced,https://www.zara.com/us/en/man-jackets-l640.html
zara-us:06318461,category:d466f95da1e8eced,https://www.zara.com/us/en/man-jackets-l640.html
zara-us:06096601,category:d466f95da1e8eced,https://www.zara.com/us/en/man-jackets-l640.html
zara-us:04023603,category:d466f95da1e8eced,https://www.zara.com/us/en/man-jackets-l640.html
zara-us:05388603,category:d466f95da1e8eced,https://www.zara.com/us/en/man-jackets-l640.html
zara-us:03991363,category:d466f95da1e8eced,https://www.zara.com/us/en/man-jackets-l640.html
zara-us:02521021,category:d466f95da1e8eced,https://www.zara.com/us/en/man-jackets-l640.html
zara-us:01437610,category:d466f95da1e8eced,https://www.zara.com/us/en/man-jackets-l640.html
zara-us:03991362,category:d466f95da1e8eced,https://www.zara.com/us/en/man-jackets-l640.html
zara-us:04302360,category:d466f95da1e8eced,https://www.zara.com/us/en/man-jackets-l640.html
zara-us:08062304,category:d466f95da1e8eced,https://www.zara.com/us/en/man-jackets-l640.html
zara-us:03918353,category:d466f95da1e8eced,https://www.zara.com/us/en/man-jackets-l640.html
zara-us:card-9196707477,category:236c3fef535eda91,https://www.zara.com/us/en/home-living-room-stationery-l2619.html
zara-us:40247043,category:236c3fef535eda91,https://www.zara.com/us/en/home-living-room-stationery-l2619.html
zara-us:47368043,category:236c3fef535eda91,https://www.zara.com/us/en/home-living-room-stationery-l2619.html
zara-us:48322072,category:236c3fef535eda91,https://www.zara.com/us/en/home-living-room-stationery-l2619.html
zara-us:48386072,category:236c3fef535eda91,https://www.zara.com/us/en/home-living-room-stationery-l2619.html
zara-us:41302072,category:236c3fef535eda91,https://www.zara.com/us/en/home-living-room-stationery-l2619.html
zara-us:49384073,category:236c3fef535eda91,https://www.zara.com/us/en/home-living-room-stationery-l2619.html
zara-us:48317073,category:236c3fef535eda91,https://www.zara.com/us/en/home-living-room-stationery-l2619.html
zara-us:48288073,category:236c3fef535eda91,https://www.zara.com/us/en/home-living-room-stationery-l2619.html
zara-us:43309073,category:236c3fef535eda91,https://www.zara.com/us/en/home-living-room-stationery-l2619.html
zara-us:47390073,category:236c3fef535eda91,https://www.zara.com/us/en/home-living-room-stationery-l2619.html
zara-us:47395073,category:236c3fef535eda91,https://www.zara.com/us/en/home-living-room-stationery-l2619.html
zara-us:44210073,category:236c3fef535eda91,https://www.zara.com/us/en/home-living-room-stationery-l2619.html
zara-us:47394073,category:236c3fef535eda91,https://www.zara.com/us/en/home-living-room-stationery-l2619.html
zara-us:47396073,category:236c3fef535eda91,https://www.zara.com/us/en/home-living-room-stationery-l2619.html
zara-us:47397073,category:236c3fef535eda91,https://www.zara.com/us/en/home-living-room-stationery-l2619.html
zara-us:47385073,category:236c3fef535eda91,https://www.zara.com/us/en/home-living-room-stationery-l2619.html
zara-us:48370073,category:236c3fef535eda91,https://www.zara.com/us/en/home-living-room-stationery-l2619.html
zara-us:48388073,category:236c3fef535eda91,https://www.zara.com/us/en/home-living-room-stationery-l2619.html
zara-us:48391073,category:236c3fef535eda91,https://www.zara.com/us/en/home-living-room-stationery-l2619.html
zara-us:48355077,category:236c3fef535eda91,https://www.zara.com/us/en/home-living-room-stationery-l2619.html
zara-us:48907077,category:236c3fef535eda91,https://www.zara.com/us/en/home-living-room-stationery-l2619.html
zara-us:48105072,category:236c3fef535eda91,https://www.zara.com/us/en/home-living-room-stationery-l2619.html
zara-us:48330077,category:236c3fef535eda91,https://www.zara.com/us/en/home-living-room-stationery-l2619.html
zara-us:47307077,category:236c3fef535eda91,https://www.zara.com/us/en/home-living-room-stationery-l2619.html
zara-us:48390073,category:236c3fef535eda91,https://www.zara.com/us/en/home-living-room-stationery-l2619.html
zara-us:47362077,category:236c3fef535eda91,https://www.zara.com/us/en/home-living-room-stationery-l2619.html
zara-us:47363077,category:236c3fef535eda91,https://www.zara.com/us/en/home-living-room-stationery-l2619.html
zara-us:41300077,category:236c3fef535eda91,https://www.zara.com/us/en/home-living-room-stationery-l2619.html
zara-us:41301077,category:236c3fef535eda91,https://www.zara.com/us/en/home-living-room-stationery-l2619.html
zara-us:48305072,category:236c3fef535eda91,https://www.zara.com/us/en/home-living-room-stationery-l2619.html
zara-us:48306072,category:236c3fef535eda91,https://www.zara.com/us/en/home-living-room-stationery-l2619.html
zara-us:46389072,category:236c3fef535eda91,https://www.zara.com/us/en/home-living-room-stationery-l2619.html
zara-us:46182077,category:236c3fef535eda91,https://www.zara.com/us/en/home-living-room-stationery-l2619.html
zara-us:46150426,category:236c3fef535eda91,https://www.zara.com/us/en/home-living-room-stationery-l2619.html
zara-us:43565077,category:236c3fef535eda91,https://www.zara.com/us/en/home-living-room-stationery-l2619.html
zara-us:41561077,category:236c3fef535eda91,https://www.zara.com/us/en/home-living-room-stationery-l2619.html
zara-us:44301047,category:236c3fef535eda91,https://www.zara.com/us/en/home-living-room-stationery-l2619.html
zara-us:44302047,category:236c3fef535eda91,https://www.zara.com/us/en/home-living-room-stationery-l2619.html
zara-us:41308047,category:236c3fef535eda91,https://www.zara.com/us/en/home-living-room-stationery-l2619.html
zara-us:44300047,category:236c3fef535eda91,https://www.zara.com/us/en/home-living-room-stationery-l2619.html
zara-us:41383047,category:236c3fef535eda91,https://www.zara.com/us/en/home-living-room-stationery-l2619.html
zara-us:42354047,category:236c3fef535eda91,https://www.zara.com/us/en/home-living-room-stationery-l2619.html
zara-us:48365043,category:236c3fef535eda91,https://www.zara.com/us/en/home-living-room-stationery-l2619.html
zara-us:45365045,category:236c3fef535eda91,https://www.zara.com/us/en/home-living-room-stationery-l2619.html
zara-us:44318043,category:236c3fef535eda91,https://www.zara.com/us/en/home-living-room-stationery-l2619.html
zara-us:41267043,category:236c3fef535eda91,https://www.zara.com/us/en/home-living-room-stationery-l2619.html
zara-us:44320043,category:236c3fef535eda91,https://www.zara.com/us/en/home-living-room-stationery-l2619.html
zara-us:44321728,category:236c3fef535eda91,https://www.zara.com/us/en/home-living-room-stationery-l2619.html
zara-us:44328043,category:236c3fef535eda91,https://www.zara.com/us/en/home-living-room-stationery-l2619.html
zara-us:44309043,category:236c3fef535eda91,https://www.zara.com/us/en/home-living-room-stationery-l2619.html
zara-us:44327043,category:236c3fef535eda91,https://www.zara.com/us/en/home-living-room-stationery-l2619.html
zara-us:44306043,category:236c3fef535eda91,https://www.zara.com/us/en/home-living-room-stationery-l2619.html
zara-us:44307043,category:236c3fef535eda91,https://www.zara.com/us/en/home-living-room-stationery-l2619.html
zara-us:47242043,category:236c3fef535eda91,https://www.zara.com/us/en/home-living-room-stationery-l2619.html
zara-us:44326728,category:236c3fef535eda91,https://www.zara.com/us/en/home-living-room-stationery-l2619.html
zara-us:44358728,category:236c3fef535eda91,https://www.zara.com/us/en/home-living-room-stationery-l2619.html
zara-us:44359728,category:236c3fef535eda91,https://www.zara.com/us/en/home-living-room-stationery-l2619.html
zara-us:44360728,category:236c3fef535eda91,https://www.zara.com/us/en/home-living-room-stationery-l2619.html
zara-us:44327728,category:236c3fef535eda91,https://www.zara.com/us/en/home-living-room-stationery-l2619.html
zara-us:43344728,category:236c3fef535eda91,https://www.zara.com/us/en/home-living-room-stationery-l2619.html
zara-us:44304728,category:236c3fef535eda91,https://www.zara.com/us/en/home-living-room-stationery-l2619.html
zara-us:44316728,category:236c3fef535eda91,https://www.zara.com/us/en/home-living-room-stationery-l2619.html
zara-us:44317728,category:236c3fef535eda91,https://www.zara.com/us/en/home-living-room-stationery-l2619.html
zara-us:44311728,category:236c3fef535eda91,https://www.zara.com/us/en/home-living-room-stationery-l2619.html
zara-us:44314112,category:236c3fef535eda91,https://www.zara.com/us/en/home-living-room-stationery-l2619.html
zara-us:44303112,category:236c3fef535eda91,https://www.zara.com/us/en/home-living-room-stationery-l2619.html
zara-us:44314728,category:236c3fef535eda91,https://www.zara.com/us/en/home-living-room-stationery-l2619.html
zara-us:44301728,category:236c3fef535eda91,https://www.zara.com/us/en/home-living-room-stationery-l2619.html
zara-us:44310112,category:236c3fef535eda91,https://www.zara.com/us/en/home-living-room-stationery-l2619.html
zara-us:44309112,category:236c3fef535eda91,https://www.zara.com/us/en/home-living-room-stationery-l2619.html
zara-us:44302111,category:236c3fef535eda91,https://www.zara.com/us/en/home-living-room-stationery-l2619.html
zara-us:44307728,category:236c3fef535eda91,https://www.zara.com/us/en/home-living-room-stationery-l2619.html
zara-us:44315728,category:236c3fef535eda91,https://www.zara.com/us/en/home-living-room-stationery-l2619.html
zara-us:44312112,category:236c3fef535eda91,https://www.zara.com/us/en/home-living-room-stationery-l2619.html
zara-us:44304112,category:236c3fef535eda91,https://www.zara.com/us/en/home-living-room-stationery-l2619.html
zara-us:44312728,category:236c3fef535eda91,https://www.zara.com/us/en/home-living-room-stationery-l2619.html
zara-us:44370728,category:236c3fef535eda91,https://www.zara.com/us/en/home-living-room-stationery-l2619.html
zara-us:44310111,category:236c3fef535eda91,https://www.zara.com/us/en/home-living-room-stationery-l2619.html
zara-us:44300112,category:236c3fef535eda91,https://www.zara.com/us/en/home-living-room-stationery-l2619.html
zara-us:44301112,category:236c3fef535eda91,https://www.zara.com/us/en/home-living-room-stationery-l2619.html
zara-us:44300111,category:236c3fef535eda91,https://www.zara.com/us/en/home-living-room-stationery-l2619.html
zara-us:44305112,category:236c3fef535eda91,https://www.zara.com/us/en/home-living-room-stationery-l2619.html
zara-us:44308728,category:236c3fef535eda91,https://www.zara.com/us/en/home-living-room-stationery-l2619.html
zara-us:44304111,category:236c3fef535eda91,https://www.zara.com/us/en/home-living-room-stationery-l2619.html
zara-us:44300728,category:236c3fef535eda91,https://www.zara.com/us/en/home-living-room-stationery-l2619.html
zara-us:44372728,category:236c3fef535eda91,https://www.zara.com/us/en/home-living-room-stationery-l2619.html
zara-us:44373728,category:236c3fef535eda91,https://www.zara.com/us/en/home-living-room-stationery-l2619.html
zara-us:44374728,category:236c3fef535eda91,https://www.zara.com/us/en/home-living-room-stationery-l2619.html
zara-us:44376728,category:236c3fef535eda91,https://www.zara.com/us/en/home-living-room-stationery-l2619.html
zara-us:42365056,category:236c3fef535eda91,https://www.zara.com/us/en/home-living-room-stationery-l2619.html
zara-us:44304043,category:236c3fef535eda91,https://www.zara.com/us/en/home-living-room-stationery-l2619.html
zara-us:44353043,category:236c3fef535eda91,https://www.zara.com/us/en/home-living-room-stationery-l2619.html
zara-us:44301043,category:236c3fef535eda91,https://www.zara.com/us/en/home-living-room-stationery-l2619.html
zara-us:44303043,category:236c3fef535eda91,https://www.zara.com/us/en/home-living-room-stationery-l2619.html
zara-us:44300043,category:236c3fef535eda91,https://www.zara.com/us/en/home-living-room-stationery-l2619.html
zara-us:14071600,category:236c3fef535eda91,https://www.zara.com/us/en/home-living-room-stationery-l2619.html
zara-us:14305800,category:236c3fef535eda91,https://www.zara.com/us/en/home-living-room-stationery-l2619.html
zara-us:14306800,category:236c3fef535eda91,https://www.zara.com/us/en/home-living-room-stationery-l2619.html
zara-us:14307800,category:236c3fef535eda91,https://www.zara.com/us/en/home-living-room-stationery-l2619.html
zara-us:14304800,category:236c3fef535eda91,https://www.zara.com/us/en/home-living-room-stationery-l2619.html
zara-us:14308800,category:236c3fef535eda91,https://www.zara.com/us/en/home-living-room-stationery-l2619.html
zara-us:14302800,category:236c3fef535eda91,https://www.zara.com/us/en/home-living-room-stationery-l2619.html
zara-us:14301800,category:236c3fef535eda91,https://www.zara.com/us/en/home-living-room-stationery-l2619.html
zara-us:14016800,category:236c3fef535eda91,https://www.zara.com/us/en/home-living-room-stationery-l2619.html
zara-us:14032700,category:236c3fef535eda91,https://www.zara.com/us/en/home-living-room-stationery-l2619.html
zara-us:14310800,category:236c3fef535eda91,https://www.zara.com/us/en/home-living-room-stationery-l2619.html
zara-us:14200800,category:236c3fef535eda91,https://www.zara.com/us/en/home-living-room-stationery-l2619.html
zara-us:14201800,category:236c3fef535eda91,https://www.zara.com/us/en/home-living-room-stationery-l2619.html
zara-us:07904115,category:464699df8a939649,https://www.zara.com/us/en/woman-dresses-party-l1581.html
zara-us:03152225,category:464699df8a939649,https://www.zara.com/us/en/woman-dresses-party-l1581.html
zara-us:05107245,category:464699df8a939649,https://www.zara.com/us/en/woman-dresses-party-l1581.html
zara-us:01067703,category:464699df8a939649,https://www.zara.com/us/en/woman-dresses-party-l1581.html
zara-us:07812332,category:464699df8a939649,https://www.zara.com/us/en/woman-dresses-party-l1581.html
zara-us:02157225,category:464699df8a939649,https://www.zara.com/us/en/woman-dresses-party-l1581.html
zara-us:04772373,category:464699df8a939649,https://www.zara.com/us/en/woman-dresses-party-l1581.html
zara-us:08356514,category:464699df8a939649,https://www.zara.com/us/en/woman-dresses-party-l1581.html
zara-us:05039822,category:464699df8a939649,https://www.zara.com/us/en/woman-dresses-party-l1581.html
zara-us:05919242,category:464699df8a939649,https://www.zara.com/us/en/woman-dresses-party-l1581.html
zara-us:05039845,category:464699df8a939649,https://www.zara.com/us/en/woman-dresses-party-l1581.html
zara-us:07512748,category:464699df8a939649,https://www.zara.com/us/en/woman-dresses-party-l1581.html
zara-us:07827777,category:464699df8a939649,https://www.zara.com/us/en/woman-dresses-party-l1581.html
zara-us:07894712,category:464699df8a939649,https://www.zara.com/us/en/woman-dresses-party-l1581.html
zara-us:02778332,category:464699df8a939649,https://www.zara.com/us/en/woman-dresses-party-l1581.html
zara-us:02731059,category:464699df8a939649,https://www.zara.com/us/en/woman-dresses-party-l1581.html
zara-us:02285098,category:464699df8a939649,https://www.zara.com/us/en/woman-dresses-party-l1581.html
zara-us:02241789,category:464699df8a939649,https://www.zara.com/us/en/woman-dresses-party-l1581.html
zara-us:08741246,category:464699df8a939649,https://www.zara.com/us/en/woman-dresses-party-l1581.html
zara-us:07232896,category:464699df8a939649,https://www.zara.com/us/en/woman-dresses-party-l1581.html
zara-us:04772386,category:464699df8a939649,https://www.zara.com/us/en/woman-dresses-party-l1581.html
zara-us:08046581,category:464699df8a939649,https://www.zara.com/us/en/woman-dresses-party-l1581.html
zara-us:04772246,category:464699df8a939649,https://www.zara.com/us/en/woman-dresses-party-l1581.html
zara-us:04772391,category:464699df8a939649,https://www.zara.com/us/en/woman-dresses-party-l1581.html
zara-us:02022828,category:464699df8a939649,https://www.zara.com/us/en/woman-dresses-party-l1581.html
zara-us:01165169,category:464699df8a939649,https://www.zara.com/us/en/woman-dresses-party-l1581.html
zara-us:02261100,category:464699df8a939649,https://www.zara.com/us/en/woman-dresses-party-l1581.html
zara-us:02072987,category:464699df8a939649,https://www.zara.com/us/en/woman-dresses-party-l1581.html
zara-us:08372247,category:464699df8a939649,https://www.zara.com/us/en/woman-dresses-party-l1581.html
zara-us:02678201,category:464699df8a939649,https://www.zara.com/us/en/woman-dresses-party-l1581.html
zara-us:05344242,category:464699df8a939649,https://www.zara.com/us/en/woman-dresses-party-l1581.html
zara-us:01165155,category:464699df8a939649,https://www.zara.com/us/en/woman-dresses-party-l1581.html
zara-us:02076100,category:464699df8a939649,https://www.zara.com/us/en/woman-dresses-party-l1581.html
zara-us:04661304,category:464699df8a939649,https://www.zara.com/us/en/woman-dresses-party-l1581.html
zara-us:07627566,category:464699df8a939649,https://www.zara.com/us/en/woman-dresses-party-l1581.html
zara-us:04192070,category:464699df8a939649,https://www.zara.com/us/en/woman-dresses-party-l1581.html
zara-us:02828209,category:464699df8a939649,https://www.zara.com/us/en/woman-dresses-party-l1581.html
zara-us:09874016,category:464699df8a939649,https://www.zara.com/us/en/woman-dresses-party-l1581.html
zara-us:07001625,category:464699df8a939649,https://www.zara.com/us/en/woman-dresses-party-l1581.html
zara-us:00387161,category:464699df8a939649,https://www.zara.com/us/en/woman-dresses-party-l1581.html
zara-us:07840332,category:464699df8a939649,https://www.zara.com/us/en/woman-dresses-party-l1581.html
zara-us:09035037,category:464699df8a939649,https://www.zara.com/us/en/woman-dresses-party-l1581.html
zara-us:07521250,category:464699df8a939649,https://www.zara.com/us/en/woman-dresses-party-l1581.html
zara-us:04772395,category:464699df8a939649,https://www.zara.com/us/en/woman-dresses-party-l1581.html
zara-us:02507243,category:464699df8a939649,https://www.zara.com/us/en/woman-dresses-party-l1581.html
zara-us:03210302,category:464699df8a939649,https://www.zara.com/us/en/woman-dresses-party-l1581.html
zara-us:07760111,category:464699df8a939649,https://www.zara.com/us/en/woman-dresses-party-l1581.html
zara-us:07002511,category:464699df8a939649,https://www.zara.com/us/en/woman-dresses-party-l1581.html
zara-us:02253108,category:464699df8a939649,https://www.zara.com/us/en/woman-dresses-party-l1581.html
zara-us:05029172,category:464699df8a939649,https://www.zara.com/us/en/woman-dresses-party-l1581.html
zara-us:04772207,category:464699df8a939649,https://www.zara.com/us/en/woman-dresses-party-l1581.html
zara-us:07625574,category:464699df8a939649,https://www.zara.com/us/en/woman-dresses-party-l1581.html
zara-us:07484158,category:464699df8a939649,https://www.zara.com/us/en/woman-dresses-party-l1581.html
zara-us:03293156,category:464699df8a939649,https://www.zara.com/us/en/woman-dresses-party-l1581.html
zara-us:04786254,category:464699df8a939649,https://www.zara.com/us/en/woman-dresses-party-l1581.html
zara-us:04786110,category:464699df8a939649,https://www.zara.com/us/en/woman-dresses-party-l1581.html
zara-us:01355452,category:464699df8a939649,https://www.zara.com/us/en/woman-dresses-party-l1581.html
zara-us:06895255,category:464699df8a939649,https://www.zara.com/us/en/woman-dresses-party-l1581.html
zara-us:00387162,category:464699df8a939649,https://www.zara.com/us/en/woman-dresses-party-l1581.html
zara-us:04387108,category:464699df8a939649,https://www.zara.com/us/en/woman-dresses-party-l1581.html
zara-us:02073102,category:464699df8a939649,https://www.zara.com/us/en/woman-dresses-party-l1581.html
zara-us:02262075,category:464699df8a939649,https://www.zara.com/us/en/woman-dresses-party-l1581.html
zara-us:07829111,category:464699df8a939649,https://www.zara.com/us/en/woman-dresses-party-l1581.html
zara-us:00387154,category:464699df8a939649,https://www.zara.com/us/en/woman-dresses-party-l1581.html
zara-us:07100306,category:464699df8a939649,https://www.zara.com/us/en/woman-dresses-party-l1581.html
zara-us:02281020,category:464699df8a939649,https://www.zara.com/us/en/woman-dresses-party-l1581.html
zara-us:07003538,category:464699df8a939649,https://www.zara.com/us/en/woman-dresses-party-l1581.html
zara-us:07248351,category:464699df8a939649,https://www.zara.com/us/en/woman-dresses-party-l1581.html
zara-us:02022998,category:464699df8a939649,https://www.zara.com/us/en/woman-dresses-party-l1581.html
zara-us:07521308,category:464699df8a939649,https://www.zara.com/us/en/woman-dresses-party-l1581.html
zara-us:04772214,category:464699df8a939649,https://www.zara.com/us/en/woman-dresses-party-l1581.html
zara-us:04772393,category:464699df8a939649,https://www.zara.com/us/en/woman-dresses-party-l1581.html
zara-us:03067231,category:464699df8a939649,https://www.zara.com/us/en/woman-dresses-party-l1581.html
zara-us:04764204,category:464699df8a939649,https://www.zara.com/us/en/woman-dresses-party-l1581.html
zara-us:02873332,category:464699df8a939649,https://www.zara.com/us/en/woman-dresses-party-l1581.html
zara-us:02206661,category:464699df8a939649,https://www.zara.com/us/en/woman-dresses-party-l1581.html
zara-us:07779109,category:464699df8a939649,https://www.zara.com/us/en/woman-dresses-party-l1581.html
zara-us:07767826,category:464699df8a939649,https://www.zara.com/us/en/woman-dresses-party-l1581.html
zara-us:08235487,category:464699df8a939649,https://www.zara.com/us/en/woman-dresses-party-l1581.html
zara-us:07754623,category:464699df8a939649,https://www.zara.com/us/en/woman-dresses-party-l1581.html
zara-us:04772206,category:464699df8a939649,https://www.zara.com/us/en/woman-dresses-party-l1581.html
zara-us:08741244,category:464699df8a939649,https://www.zara.com/us/en/woman-dresses-party-l1581.html
zara-us:01223721,category:464699df8a939649,https://www.zara.com/us/en/woman-dresses-party-l1581.html
zara-us:07841399,category:464699df8a939649,https://www.zara.com/us/en/woman-dresses-party-l1581.html
zara-us:04772372,category:464699df8a939649,https://www.zara.com/us/en/woman-dresses-party-l1581.html
zara-us:08945769,category:464699df8a939649,https://www.zara.com/us/en/woman-dresses-party-l1581.html
zara-us:07961748,category:464699df8a939649,https://www.zara.com/us/en/woman-dresses-party-l1581.html
zara-us:05029220,category:464699df8a939649,https://www.zara.com/us/en/woman-dresses-party-l1581.html
zara-us:07345782,category:464699df8a939649,https://www.zara.com/us/en/woman-dresses-party-l1581.html
zara-us:09046838,category:464699df8a939649,https://www.zara.com/us/en/woman-dresses-party-l1581.html
zara-us:01058506,category:464699df8a939649,https://www.zara.com/us/en/woman-dresses-party-l1581.html
zara-us:01131816,category:464699df8a939649,https://www.zara.com/us/en/woman-dresses-party-l1581.html
zara-us:02892777,category:464699df8a939649,https://www.zara.com/us/en/woman-dresses-party-l1581.html
zara-us:04786703,category:464699df8a939649,https://www.zara.com/us/en/woman-dresses-party-l1581.html
zara-us:02252281,category:464699df8a939649,https://www.zara.com/us/en/woman-dresses-party-l1581.html
zara-us:02231066,category:464699df8a939649,https://www.zara.com/us/en/woman-dresses-party-l1581.html
zara-us:05039846,category:464699df8a939649,https://www.zara.com/us/en/woman-dresses-party-l1581.html
zara-us:09049630,category:464699df8a939649,https://www.zara.com/us/en/woman-dresses-party-l1581.html
zara-us:05029169,category:464699df8a939649,https://www.zara.com/us/en/woman-dresses-party-l1581.html
zara-us:04770469,category:464699df8a939649,https://www.zara.com/us/en/woman-dresses-party-l1581.html
zara-us:00387163,category:464699df8a939649,https://www.zara.com/us/en/woman-dresses-party-l1581.html
zara-us:04772383,category:464699df8a939649,https://www.zara.com/us/en/woman-dresses-party-l1581.html
zara-us:02335631,category:464699df8a939649,https://www.zara.com/us/en/woman-dresses-party-l1581.html
zara-us:03293160,category:464699df8a939649,https://www.zara.com/us/en/woman-dresses-party-l1581.html
zara-us:03666118,category:464699df8a939649,https://www.zara.com/us/en/woman-dresses-party-l1581.html
zara-us:02224376,category:464699df8a939649,https://www.zara.com/us/en/woman-dresses-party-l1581.html
zara-us:00392703,category:464699df8a939649,https://www.zara.com/us/en/woman-dresses-party-l1581.html
zara-us:03152232,category:464699df8a939649,https://www.zara.com/us/en/woman-dresses-party-l1581.html
zara-us:07521245,category:464699df8a939649,https://www.zara.com/us/en/woman-dresses-party-l1581.html
zara-us:04764301,category:464699df8a939649,https://www.zara.com/us/en/woman-dresses-party-l1581.html
zara-us:05029273,category:464699df8a939649,https://www.zara.com/us/en/woman-dresses-party-l1581.html
zara-us:03921067,category:464699df8a939649,https://www.zara.com/us/en/woman-dresses-party-l1581.html
zara-us:03152205,category:464699df8a939649,https://www.zara.com/us/en/woman-dresses-party-l1581.html
zara-us:07832111,category:464699df8a939649,https://www.zara.com/us/en/woman-dresses-party-l1581.html
zara-us:02225304,category:464699df8a939649,https://www.zara.com/us/en/woman-dresses-party-l1581.html
zara-us:02075100,category:464699df8a939649,https://www.zara.com/us/en/woman-dresses-party-l1581.html
zara-us:07196399,category:464699df8a939649,https://www.zara.com/us/en/woman-dresses-party-l1581.html
zara-us:08415771,category:464699df8a939649,https://www.zara.com/us/en/woman-dresses-party-l1581.html
zara-us:00387166,category:464699df8a939649,https://www.zara.com/us/en/woman-dresses-party-l1581.html
zara-us:07834181,category:464699df8a939649,https://www.zara.com/us/en/woman-dresses-party-l1581.html
zara-us:01165742,category:464699df8a939649,https://www.zara.com/us/en/woman-dresses-party-l1581.html
zara-us:07198297,category:464699df8a939649,https://www.zara.com/us/en/woman-dresses-party-l1581.html
zara-us:08695391,category:464699df8a939649,https://www.zara.com/us/en/woman-dresses-party-l1581.html
zara-us:02230998,category:464699df8a939649,https://www.zara.com/us/en/woman-dresses-party-l1581.html
zara-us:07004709,category:464699df8a939649,https://www.zara.com/us/en/woman-dresses-party-l1581.html
zara-us:07768109,category:464699df8a939649,https://www.zara.com/us/en/woman-dresses-party-l1581.html
zara-us:01165729,category:464699df8a939649,https://www.zara.com/us/en/woman-dresses-party-l1581.html
zara-us:02245304,category:464699df8a939649,https://www.zara.com/us/en/woman-dresses-party-l1581.html
zara-us:05919241,category:464699df8a939649,https://www.zara.com/us/en/woman-dresses-party-l1581.html
zara-us:04813801,category:464699df8a939649,https://www.zara.com/us/en/woman-dresses-party-l1581.html
zara-us:07410399,category:464699df8a939649,https://www.zara.com/us/en/woman-dresses-party-l1581.html
zara-us:04772201,category:464699df8a939649,https://www.zara.com/us/en/woman-dresses-party-l1581.html
zara-us:02180381,category:464699df8a939649,https://www.zara.com/us/en/woman-dresses-party-l1581.html
zara-us:02518150,category:464699df8a939649,https://www.zara.com/us/en/woman-dresses-party-l1581.html
zara-us:00250153,category:464699df8a939649,https://www.zara.com/us/en/woman-dresses-party-l1581.html
zara-us:01758240,category:464699df8a939649,https://www.zara.com/us/en/woman-dresses-party-l1581.html
zara-us:02321741,category:464699df8a939649,https://www.zara.com/us/en/woman-dresses-party-l1581.html
zara-us:00392701,category:464699df8a939649,https://www.zara.com/us/en/woman-dresses-party-l1581.html
zara-us:03666123,category:464699df8a939649,https://www.zara.com/us/en/woman-dresses-party-l1581.html
zara-us:07960536,category:464699df8a939649,https://www.zara.com/us/en/woman-dresses-party-l1581.html
zara-us:01223201,category:464699df8a939649,https://www.zara.com/us/en/woman-dresses-party-l1581.html
zara-us:01165138,category:464699df8a939649,https://www.zara.com/us/en/woman-dresses-party-l1581.html
zara-us:07831481,category:464699df8a939649,https://www.zara.com/us/en/woman-dresses-party-l1581.html
zara-us:06895242,category:464699df8a939649,https://www.zara.com/us/en/woman-dresses-party-l1581.html
zara-us:01165156,category:464699df8a939649,https://www.zara.com/us/en/woman-dresses-party-l1581.html
zara-us:01165741,category:464699df8a939649,https://www.zara.com/us/en/woman-dresses-party-l1581.html
zara-us:02646712,category:464699df8a939649,https://www.zara.com/us/en/woman-dresses-party-l1581.html
zara-us:02286177,category:464699df8a939649,https://www.zara.com/us/en/woman-dresses-party-l1581.html
zara-us:07774533,category:464699df8a939649,https://www.zara.com/us/en/woman-dresses-party-l1581.html
zara-us:02276887,category:464699df8a939649,https://www.zara.com/us/en/woman-dresses-party-l1581.html
zara-us:05344138,category:464699df8a939649,https://www.zara.com/us/en/woman-dresses-party-l1581.html
zara-us:06895256,category:464699df8a939649,https://www.zara.com/us/en/woman-dresses-party-l1581.html
zara-us:02229098,category:464699df8a939649,https://www.zara.com/us/en/woman-dresses-party-l1581.html
zara-us:02574714,category:464699df8a939649,https://www.zara.com/us/en/woman-dresses-party-l1581.html
zara-us:03897152,category:464699df8a939649,https://www.zara.com/us/en/woman-dresses-party-l1581.html
zara-us:05770229,category:464699df8a939649,https://www.zara.com/us/en/woman-dresses-party-l1581.html
zara-us:03897163,category:464699df8a939649,https://www.zara.com/us/en/woman-dresses-party-l1581.html
zara-us:02240100,category:464699df8a939649,https://www.zara.com/us/en/woman-dresses-party-l1581.html
zara-us:03210041,category:464699df8a939649,https://www.zara.com/us/en/woman-dresses-party-l1581.html
zara-us:card-9362562945,category:25c9417fba67de39,https://www.zara.com/us/en/man-shirts-l737.html
zara-us:card-9516824868,category:25c9417fba67de39,https://www.zara.com/us/en/man-shirts-l737.html
zara-us:card-9547454454,category:25c9417fba67de39,https://www.zara.com/us/en/man-shirts-l737.html
zara-us:03501826,category:25c9417fba67de39,https://www.zara.com/us/en/man-shirts-l737.html
zara-us:07545312,category:25c9417fba67de39,https://www.zara.com/us/en/man-shirts-l737.html
zara-us:03715840,category:25c9417fba67de39,https://www.zara.com/us/en/man-shirts-l737.html
zara-us:04364653,category:25c9417fba67de39,https://www.zara.com/us/en/man-shirts-l737.html
zara-us:00524300,category:25c9417fba67de39,https://www.zara.com/us/en/man-shirts-l737.html
zara-us:card-9691898493,category:25c9417fba67de39,https://www.zara.com/us/en/man-shirts-l737.html
zara-us:04437507,category:25c9417fba67de39,https://www.zara.com/us/en/man-shirts-l737.html
zara-us:01007778,category:25c9417fba67de39,https://www.zara.com/us/en/man-shirts-l737.html
zara-us:06861561,category:25c9417fba67de39,https://www.zara.com/us/en/man-shirts-l737.html
zara-us:07545505,category:25c9417fba67de39,https://www.zara.com/us/en/man-shirts-l737.html
zara-us:05588409,category:25c9417fba67de39,https://www.zara.com/us/en/man-shirts-l737.html
zara-us:06861563,category:25c9417fba67de39,https://www.zara.com/us/en/man-shirts-l737.html
zara-us:04706214,category:25c9417fba67de39,https://www.zara.com/us/en/man-shirts-l737.html
zara-us:04708310,category:25c9417fba67de39,https://www.zara.com/us/en/man-shirts-l737.html
zara-us:06987345,category:25c9417fba67de39,https://www.zara.com/us/en/man-shirts-l737.html
zara-us:06987325,category:25c9417fba67de39,https://www.zara.com/us/en/man-shirts-l737.html
zara-us:00840335,category:25c9417fba67de39,https://www.zara.com/us/en/man-shirts-l737.html
zara-us:04333310,category:25c9417fba67de39,https://www.zara.com/us/en/man-shirts-l737.html
zara-us:06103352,category:25c9417fba67de39,https://www.zara.com/us/en/man-shirts-l737.html
zara-us:07200308,category:25c9417fba67de39,https://www.zara.com/us/en/man-shirts-l737.html
zara-us:06085308,category:25c9417fba67de39,https://www.zara.com/us/en/man-shirts-l737.html
zara-us:07484893,category:25c9417fba67de39,https://www.zara.com/us/en/man-shirts-l737.html
zara-us:04211040,category:25c9417fba67de39,https://www.zara.com/us/en/man-shirts-l737.html
zara-us:05588210,category:25c9417fba67de39,https://www.zara.com/us/en/man-shirts-l737.html
zara-us:04597148,category:25c9417fba67de39,https://www.zara.com/us/en/man-shirts-l737.html
zara-us:04703881,category:25c9417fba67de39,https://www.zara.com/us/en/man-shirts-l737.html
zara-us:07200340,category:25c9417fba67de39,https://www.zara.com/us/en/man-shirts-l737.html
zara-us:06085330,category:25c9417fba67de39,https://www.zara.com/us/en/man-shirts-l737.html
zara-us:07200307,category:25c9417fba67de39,https://www.zara.com/us/en/man-shirts-l737.html
zara-us:01063411,category:25c9417fba67de39,https://www.zara.com/us/en/man-shirts-l737.html
zara-us:03098115,category:25c9417fba67de39,https://www.zara.com/us/en/man-shirts-l737.html
zara-us:01437336,category:25c9417fba67de39,https://www.zara.com/us/en/man-shirts-l737.html
zara-us:03715390,category:25c9417fba67de39,https://www.zara.com/us/en/man-shirts-l737.html
zara-us:03096306,category:25c9417fba67de39,https://www.zara.com/us/en/man-shirts-l737.html
zara-us:07545335,category:25c9417fba67de39,https://www.zara.com/us/en/man-shirts-l737.html
zara-us:06103407,category:25c9417fba67de39,https://www.zara.com/us/en/man-shirts-l737.html
zara-us:04749427,category:25c9417fba67de39,https://www.zara.com/us/en/man-shirts-l737.html
zara-us:04748426,category:25c9417fba67de39,https://www.zara.com/us/en/man-shirts-l737.html
zara-us:00706666,category:25c9417fba67de39,https://www.zara.com/us/en/man-shirts-l737.html
zara-us:03715101,category:25c9417fba67de39,https://www.zara.com/us/en/man-shirts-l737.html
zara-us:00706150,category:25c9417fba67de39,https://www.zara.com/us/en/man-shirts-l737.html
zara-us:07545355,category:25c9417fba67de39,https://www.zara.com/us/en/man-shirts-l737.html
zara-us:04437307,category:25c9417fba67de39,https://www.zara.com/us/en/man-shirts-l737.html
zara-us:09621101,category:25c9417fba67de39,https://www.zara.com/us/en/man-shirts-l737.html
zara-us:06085340,category:25c9417fba67de39,https://www.zara.com/us/en/man-shirts-l737.html
zara-us:06987390,category:25c9417fba67de39,https://www.zara.com/us/en/man-shirts-l737.html
zara-us:06085345,category:25c9417fba67de39,https://www.zara.com/us/en/man-shirts-l737.html
zara-us:07200335,category:25c9417fba67de39,https://www.zara.com/us/en/man-shirts-l737.html
zara-us:06085302,category:25c9417fba67de39,https://www.zara.com/us/en/man-shirts-l737.html
zara-us:06658270,category:25c9417fba67de39,https://www.zara.com/us/en/man-shirts-l737.html
zara-us:04166166,category:25c9417fba67de39,https://www.zara.com/us/en/man-shirts-l737.html
zara-us:04187352,category:25c9417fba67de39,https://www.zara.com/us/en/man-shirts-l737.html
zara-us:07446310,category:25c9417fba67de39,https://www.zara.com/us/en/man-shirts-l737.html
zara-us:03715222,category:25c9417fba67de39,https://www.zara.com/us/en/man-shirts-l737.html
zara-us:03090012,category:25c9417fba67de39,https://www.zara.com/us/en/man-shirts-l737.html
zara-us:06189485,category:25c9417fba67de39,https://www.zara.com/us/en/man-shirts-l737.html
zara-us:05070171,category:25c9417fba67de39,https://www.zara.com/us/en/man-shirts-l737.html
zara-us:07545140,category:25c9417fba67de39,https://www.zara.com/us/en/man-shirts-l737.html
zara-us:01063430,category:25c9417fba67de39,https://www.zara.com/us/en/man-shirts-l737.html
zara-us:02634324,category:25c9417fba67de39,https://www.zara.com/us/en/man-shirts-l737.html
zara-us:01450400,category:25c9417fba67de39,https://www.zara.com/us/en/man-shirts-l737.html
zara-us:04187353,category:25c9417fba67de39,https://www.zara.com/us/en/man-shirts-l737.html
zara-us:02634374,category:25c9417fba67de39,https://www.zara.com/us/en/man-shirts-l737.html
zara-us:07200324,category:25c9417fba67de39,https://www.zara.com/us/en/man-shirts-l737.html
zara-us:07200325,category:25c9417fba67de39,https://www.zara.com/us/en/man-shirts-l737.html
zara-us:07200323,category:25c9417fba67de39,https://www.zara.com/us/en/man-shirts-l737.html
zara-us:01063412,category:25c9417fba67de39,https://www.zara.com/us/en/man-shirts-l737.html
zara-us:01195360,category:25c9417fba67de39,https://www.zara.com/us/en/man-shirts-l737.html
zara-us:05679185,category:25c9417fba67de39,https://www.zara.com/us/en/man-shirts-l737.html
zara-us:03277300,category:25c9417fba67de39,https://www.zara.com/us/en/man-shirts-l737.html
zara-us:06887402,category:25c9417fba67de39,https://www.zara.com/us/en/man-shirts-l737.html
zara-us:06861692,category:25c9417fba67de39,https://www.zara.com/us/en/man-shirts-l737.html
zara-us:02906306,category:25c9417fba67de39,https://www.zara.com/us/en/man-shirts-l737.html
zara-us:06034313,category:25c9417fba67de39,https://www.zara.com/us/en/man-shirts-l737.html
zara-us:05031303,category:25c9417fba67de39,https://www.zara.com/us/en/man-shirts-l737.html
zara-us:05231037,category:25c9417fba67de39,https://www.zara.com/us/en/man-shirts-l737.html
zara-us:05676062,category:25c9417fba67de39,https://www.zara.com/us/en/man-shirts-l737.html
zara-us:06987301,category:25c9417fba67de39,https://www.zara.com/us/en/man-shirts-l737.html
zara-us:03757138,category:25c9417fba67de39,https://www.zara.com/us/en/man-shirts-l737.html
zara-us:03754130,category:25c9417fba67de39,https://www.zara.com/us/en/man-shirts-l737.html
zara-us:06176860,category:25c9417fba67de39,https://www.zara.com/us/en/man-shirts-l737.html
zara-us:07200310,category:25c9417fba67de39,https://www.zara.com/us/en/man-shirts-l737.html
zara-us:06103355,category:25c9417fba67de39,https://www.zara.com/us/en/man-shirts-l737.html
zara-us:07545465,category:25c9417fba67de39,https://www.zara.com/us/en/man-shirts-l737.html
zara-us:03772305,category:25c9417fba67de39,https://www.zara.com/us/en/man-shirts-l737.html
zara-us:07545356,category:25c9417fba67de39,https://www.zara.com/us/en/man-shirts-l737.html
zara-us:03759141,category:25c9417fba67de39,https://www.zara.com/us/en/man-shirts-l737.html
zara-us:07446801,category:25c9417fba67de39,https://www.zara.com/us/en/man-shirts-l737.html
zara-us:04470362,category:25c9417fba67de39,https://www.zara.com/us/en/man-shirts-l737.html
zara-us:06345650,category:25c9417fba67de39,https://www.zara.com/us/en/man-shirts-l737.html
zara-us:02000304,category:25c9417fba67de39,https://www.zara.com/us/en/man-shirts-l737.html
zara-us:02001304,category:25c9417fba67de39,https://www.zara.com/us/en/man-shirts-l737.html
zara-us:01437110,category:25c9417fba67de39,https://www.zara.com/us/en/man-shirts-l737.html
zara-us:06345651,category:25c9417fba67de39,https://www.zara.com/us/en/man-shirts-l737.html
zara-us:07545451,category:25c9417fba67de39,https://www.zara.com/us/en/man-shirts-l737.html
zara-us:05854304,category:25c9417fba67de39,https://www.zara.com/us/en/man-shirts-l737.html
zara-us:01195365,category:25c9417fba67de39,https://www.zara.com/us/en/man-shirts-l737.html
zara-us:02634310,category:25c9417fba67de39,https://www.zara.com/us/en/man-shirts-l737.html
zara-us:03033053,category:25c9417fba67de39,https://www.zara.com/us/en/man-shirts-l737.html
zara-us:07545445,category:25c9417fba67de39,https://www.zara.com/us/en/man-shirts-l737.html
zara-us:01028446,category:25c9417fba67de39,https://www.zara.com/us/en/man-shirts-l737.html
zara-us:07446470,category:25c9417fba67de39,https://www.zara.com/us/en/man-shirts-l737.html
zara-us:01820320,category:25c9417fba67de39,https://www.zara.com/us/en/man-shirts-l737.html
zara-us:06085300,category:25c9417fba67de39,https://www.zara.com/us/en/man-shirts-l737.html
zara-us:07380360,category:25c9417fba67de39,https://www.zara.com/us/en/man-shirts-l737.html
zara-us:07545307,category:25c9417fba67de39,https://www.zara.com/us/en/man-shirts-l737.html
zara-us:07545309,category:25c9417fba67de39,https://www.zara.com/us/en/man-shirts-l737.html
zara-us:04150557,category:25c9417fba67de39,https://www.zara.com/us/en/man-shirts-l737.html
zara-us:04470325,category:25c9417fba67de39,https://www.zara.com/us/en/man-shirts-l737.html
zara-us:05585372,category:25c9417fba67de39,https://www.zara.com/us/en/man-shirts-l737.html
zara-us:05247304,category:25c9417fba67de39,https://www.zara.com/us/en/man-shirts-l737.html
zara-us:06124353,category:25c9417fba67de39,https://www.zara.com/us/en/man-shirts-l737.html
zara-us:06089465,category:25c9417fba67de39,https://www.zara.com/us/en/man-shirts-l737.html
zara-us:04066466,category:25c9417fba67de39,https://www.zara.com/us/en/man-shirts-l737.html
zara-us:03759149,category:25c9417fba67de39,https://www.zara.com/us/en/man-shirts-l737.html
zara-us:02016319,category:25c9417fba67de39,https://www.zara.com/us/en/man-shirts-l737.html
zara-us:07223382,category:25c9417fba67de39,https://www.zara.com/us/en/man-shirts-l737.html
zara-us:05566150,category:25c9417fba67de39,https://www.zara.com/us/en/man-shirts-l737.html
zara-us:03715349,category:25c9417fba67de39,https://www.zara.com/us/en/man-shirts-l737.html
zara-us:02895035,category:25c9417fba67de39,https://www.zara.com/us/en/man-shirts-l737.html
zara-us:06124331,category:25c9417fba67de39,https://www.zara.com/us/en/man-shirts-l737.html
zara-us:01038443,category:25c9417fba67de39,https://www.zara.com/us/en/man-shirts-l737.html
zara-us:04331681,category:25c9417fba67de39,https://www.zara.com/us/en/man-shirts-l737.html
zara-us:06987391,category:25c9417fba67de39,https://www.zara.com/us/en/man-shirts-l737.html
zara-us:04360223,category:25c9417fba67de39,https://www.zara.com/us/en/man-shirts-l737.html
zara-us:01820345,category:25c9417fba67de39,https://www.zara.com/us/en/man-shirts-l737.html
zara-us:06124352,category:25c9417fba67de39,https://www.zara.com/us/en/man-shirts-l737.html
zara-us:04795418,category:25c9417fba67de39,https://www.zara.com/us/en/man-shirts-l737.html
zara-us:07545472,category:25c9417fba67de39,https://www.zara.com/us/en/man-shirts-l737.html
zara-us:03754103,category:25c9417fba67de39,https://www.zara.com/us/en/man-shirts-l737.html
zara-us:05247405,category:25c9417fba67de39,https://www.zara.com/us/en/man-shirts-l737.html
zara-us:03794100,category:25c9417fba67de39,https://www.zara.com/us/en/man-shirts-l737.html
zara-us:01820366,category:25c9417fba67de39,https://www.zara.com/us/en/man-shirts-l737.html
zara-us:07200262,category:25c9417fba67de39,https://www.zara.com/us/en/man-shirts-l737.html
zara-us:01195325,category:25c9417fba67de39,https://www.zara.com/us/en/man-shirts-l737.html
zara-us:04795130,category:25c9417fba67de39,https://www.zara.com/us/en/man-shirts-l737.html
zara-us:07545102,category:25c9417fba67de39,https://www.zara.com/us/en/man-shirts-l737.html
zara-us:06987419,category:25c9417fba67de39,https://www.zara.com/us/en/man-shirts-l737.html
zara-us:01437354,category:25c9417fba67de39,https://www.zara.com/us/en/man-shirts-l737.html
zara-us:01020907,category:25c9417fba67de39,https://www.zara.com/us/en/man-shirts-l737.html
zara-us:01195306,category:25c9417fba67de39,https://www.zara.com/us/en/man-shirts-l737.html
zara-us:01063410,category:25c9417fba67de39,https://www.zara.com/us/en/man-shirts-l737.html
zara-us:07446430,category:25c9417fba67de39,https://www.zara.com/us/en/man-shirts-l737.html
zara-us:06887304,category:25c9417fba67de39,https://www.zara.com/us/en/man-shirts-l737.html
zara-us:00526363,category:25c9417fba67de39,https://www.zara.com/us/en/man-shirts-l737.html
zara-us:07545330,category:25c9417fba67de39,https://www.zara.com/us/en/man-shirts-l737.html
zara-us:03735158,category:25c9417fba67de39,https://www.zara.com/us/en/man-shirts-l737.html
zara-us:04798589,category:25c9417fba67de39,https://www.zara.com/us/en/man-shirts-l737.html
zara-us:04035535,category:25c9417fba67de39,https://www.zara.com/us/en/man-shirts-l737.html
zara-us:01063330,category:25c9417fba67de39,https://www.zara.com/us/en/man-shirts-l737.html
zara-us:09621886,category:25c9417fba67de39,https://www.zara.com/us/en/man-shirts-l737.html
zara-us:03991323,category:25c9417fba67de39,https://www.zara.com/us/en/man-shirts-l737.html
zara-us:07380102,category:25c9417fba67de39,https://www.zara.com/us/en/man-shirts-l737.html
zara-us:06124323,category:25c9417fba67de39,https://www.zara.com/us/en/man-shirts-l737.html
zara-us:03991310,category:25c9417fba67de39,https://www.zara.com/us/en/man-shirts-l737.html
zara-us:01063431,category:25c9417fba67de39,https://www.zara.com/us/en/man-shirts-l737.html
zara-us:00975400,category:25c9417fba67de39,https://www.zara.com/us/en/man-shirts-l737.html
zara-us:00706610,category:25c9417fba67de39,https://www.zara.com/us/en/man-shirts-l737.html
zara-us:07200306,category:25c9417fba67de39,https://www.zara.com/us/en/man-shirts-l737.html
zara-us:04333325,category:25c9417fba67de39,https://www.zara.com/us/en/man-shirts-l737.html
zara-us:07545466,category:25c9417fba67de39,https://www.zara.com/us/en/man-shirts-l737.html
zara-us:05644404,category:25c9417fba67de39,https://www.zara.com/us/en/man-shirts-l737.html
zara-us:06085303,category:25c9417fba67de39,https://www.zara.com/us/en/man-shirts-l737.html
zara-us:08077620,category:25c9417fba67de39,https://www.zara.com/us/en/man-shirts-l737.html
zara-us:00840350,category:25c9417fba67de39,https://www.zara.com/us/en/man-shirts-l737.html
zara-us:01450300,category:25c9417fba67de39,https://www.zara.com/us/en/man-shirts-l737.html
zara-us:04795417,category:25c9417fba67de39,https://www.zara.com/us/en/man-shirts-l737.html
zara-us:01195487,category:25c9417fba67de39,https://www.zara.com/us/en/man-shirts-l737.html
zara-us:00122302,category:25c9417fba67de39,https://www.zara.com/us/en/man-shirts-l737.html
zara-us:04203223,category:25c9417fba67de39,https://www.zara.com/us/en/man-shirts-l737.html
zara-us:04016302,category:25c9417fba67de39,https://www.zara.com/us/en/man-shirts-l737.html
zara-us:06124339,category:25c9417fba67de39,https://www.zara.com/us/en/man-shirts-l737.html
zara-us:02634321,category:25c9417fba67de39,https://www.zara.com/us/en/man-shirts-l737.html
zara-us:02015330,category:25c9417fba67de39,https://www.zara.com/us/en/man-shirts-l737.html
zara-us:05344343,category:25c9417fba67de39,https://www.zara.com/us/en/man-shirts-l737.html
zara-us:08741341,category:25c9417fba67de39,https://www.zara.com/us/en/man-shirts-l737.html
zara-us:04734060,category:25c9417fba67de39,https://www.zara.com/us/en/man-shirts-l737.html
zara-us:04733919,category:25c9417fba67de39,https://www.zara.com/us/en/man-shirts-l737.html
zara-us:02878348,category:25c9417fba67de39,https://www.zara.com/us/en/man-shirts-l737.html
zara-us:02634326,category:25c9417fba67de39,https://www.zara.com/us/en/man-shirts-l737.html
zara-us:01195330,category:25c9417fba67de39,https://www.zara.com/us/en/man-shirts-l737.html
zara-us:01195312,category:25c9417fba67de39,https://www.zara.com/us/en/man-shirts-l737.html
zara-us:03911111,category:25c9417fba67de39,https://www.zara.com/us/en/man-shirts-l737.html
zara-us:01195315,category:25c9417fba67de39,https://www.zara.com/us/en/man-shirts-l737.html
zara-us:03097306,category:25c9417fba67de39,https://www.zara.com/us/en/man-shirts-l737.html
zara-us:05854370,category:25c9417fba67de39,https://www.zara.com/us/en/man-shirts-l737.html
zara-us:05588300,category:25c9417fba67de39,https://www.zara.com/us/en/man-shirts-l737.html
zara-us:04009509,category:25c9417fba67de39,https://www.zara.com/us/en/man-shirts-l737.html
zara-us:03692308,category:25c9417fba67de39,https://www.zara.com/us/en/man-shirts-l737.html
zara-us:04008509,category:25c9417fba67de39,https://www.zara.com/us/en/man-shirts-l737.html
zara-us:05585351,category:25c9417fba67de39,https://www.zara.com/us/en/man-shirts-l737.html
zara-us:03467310,category:25c9417fba67de39,https://www.zara.com/us/en/man-shirts-l737.html
zara-us:03758230,category:25c9417fba67de39,https://www.zara.com/us/en/man-shirts-l737.html
zara-us:04368368,category:25c9417fba67de39,https://www.zara.com/us/en/man-shirts-l737.html
zara-us:03792759,category:25c9417fba67de39,https://www.zara.com/us/en/man-shirts-l737.html
zara-us:00975401,category:25c9417fba67de39,https://www.zara.com/us/en/man-shirts-l737.html
zara-us:00975785,category:25c9417fba67de39,https://www.zara.com/us/en/man-shirts-l737.html
zara-us:07545450,category:25c9417fba67de39,https://www.zara.com/us/en/man-shirts-l737.html
zara-us:06124395,category:25c9417fba67de39,https://www.zara.com/us/en/man-shirts-l737.html
zara-us:00794866,category:25c9417fba67de39,https://www.zara.com/us/en/man-shirts-l737.html
zara-us:02890301,category:25c9417fba67de39,https://www.zara.com/us/en/man-shirts-l737.html
zara-us:01021065,category:25c9417fba67de39,https://www.zara.com/us/en/man-shirts-l737.html
zara-us:01820340,category:25c9417fba67de39,https://www.zara.com/us/en/man-shirts-l737.html
zara-us:06124354,category:25c9417fba67de39,https://www.zara.com/us/en/man-shirts-l737.html
zara-us:06103340,category:25c9417fba67de39,https://www.zara.com/us/en/man-shirts-l737.html
zara-us:04795304,category:25c9417fba67de39,https://www.zara.com/us/en/man-shirts-l737.html
zara-us:04795301,category:25c9417fba67de39,https://www.zara.com/us/en/man-shirts-l737.html
zara-us:04200810,category:25c9417fba67de39,https://www.zara.com/us/en/man-shirts-l737.html
zara-us:03772402,category:25c9417fba67de39,https://www.zara.com/us/en/man-shirts-l737.html
zara-us:07380101,category:25c9417fba67de39,https://www.zara.com/us/en/man-shirts-l737.html
zara-us:06178809,category:25c9417fba67de39,https://www.zara.com/us/en/man-shirts-l737.html
zara-us:07380103,category:25c9417fba67de39,https://www.zara.com/us/en/man-shirts-l737.html
zara-us:02610303,category:25c9417fba67de39,https://www.zara.com/us/en/man-shirts-l737.html
zara-us:card-590923607,category:1d06358b2b90c030,https://www.zara.com/us/en/woman-beauty-perfumes-l1415.html
zara-us:20120931,category:1d06358b2b90c030,https://www.zara.com/us/en/woman-beauty-perfumes-l1415.html
zara-us:20120935,category:1d06358b2b90c030,https://www.zara.com/us/en/woman-beauty-perfumes-l1415.html
zara-us:20110991,category:1d06358b2b90c030,https://www.zara.com/us/en/woman-beauty-perfumes-l1415.html
zara-us:card-9496583240,category:1d06358b2b90c030,https://www.zara.com/us/en/woman-beauty-perfumes-l1415.html
zara-us:20110929,category:1d06358b2b90c030,https://www.zara.com/us/en/woman-beauty-perfumes-l1415.html
zara-us:20110928,category:1d06358b2b90c030,https://www.zara.com/us/en/woman-beauty-perfumes-l1415.html
zara-us:20110890,category:1d06358b2b90c030,https://www.zara.com/us/en/woman-beauty-perfumes-l1415.html
zara-us:20110964,category:1d06358b2b90c030,https://www.zara.com/us/en/woman-beauty-perfumes-l1415.html
zara-us:20110671,category:1d06358b2b90c030,https://www.zara.com/us/en/woman-beauty-perfumes-l1415.html
zara-us:20110823,category:1d06358b2b90c030,https://www.zara.com/us/en/woman-beauty-perfumes-l1415.html
zara-us:20110943,category:1d06358b2b90c030,https://www.zara.com/us/en/woman-beauty-perfumes-l1415.html
zara-us:20110993,category:1d06358b2b90c030,https://www.zara.com/us/en/woman-beauty-perfumes-l1415.html
zara-us:20110966,category:1d06358b2b90c030,https://www.zara.com/us/en/woman-beauty-perfumes-l1415.html
zara-us:20110944,category:1d06358b2b90c030,https://www.zara.com/us/en/woman-beauty-perfumes-l1415.html
zara-us:20110963,category:1d06358b2b90c030,https://www.zara.com/us/en/woman-beauty-perfumes-l1415.html
zara-us:20110965,category:1d06358b2b90c030,https://www.zara.com/us/en/woman-beauty-perfumes-l1415.html
zara-us:20110544,category:1d06358b2b90c030,https://www.zara.com/us/en/woman-beauty-perfumes-l1415.html
zara-us:card-9009141262,category:1d06358b2b90c030,https://www.zara.com/us/en/woman-beauty-perfumes-l1415.html
zara-us:20110535,category:1d06358b2b90c030,https://www.zara.com/us/en/woman-beauty-perfumes-l1415.html
zara-us:20110933,category:1d06358b2b90c030,https://www.zara.com/us/en/woman-beauty-perfumes-l1415.html
zara-us:20110939,category:1d06358b2b90c030,https://www.zara.com/us/en/woman-beauty-perfumes-l1415.html
zara-us:20110606,category:1d06358b2b90c030,https://www.zara.com/us/en/woman-beauty-perfumes-l1415.html
zara-us:card-9509084528,category:1d06358b2b90c030,https://www.zara.com/us/en/woman-beauty-perfumes-l1415.html
zara-us:20110603,category:1d06358b2b90c030,https://www.zara.com/us/en/woman-beauty-perfumes-l1415.html
zara-us:20110604,category:1d06358b2b90c030,https://www.zara.com/us/en/woman-beauty-perfumes-l1415.html
zara-us:card-571527356,category:1d06358b2b90c030,https://www.zara.com/us/en/woman-beauty-perfumes-l1415.html
zara-us:card-9279568131,category:1d06358b2b90c030,https://www.zara.com/us/en/woman-beauty-perfumes-l1415.html
zara-us:20120918,category:1d06358b2b90c030,https://www.zara.com/us/en/woman-beauty-perfumes-l1415.html
zara-us:20120919,category:1d06358b2b90c030,https://www.zara.com/us/en/woman-beauty-perfumes-l1415.html
zara-us:card-9202944611,category:1d06358b2b90c030,https://www.zara.com/us/en/woman-beauty-perfumes-l1415.html
zara-us:card-9443598376,category:1d06358b2b90c030,https://www.zara.com/us/en/woman-beauty-perfumes-l1415.html
zara-us:20110829,category:1d06358b2b90c030,https://www.zara.com/us/en/woman-beauty-perfumes-l1415.html
zara-us:20110242,category:1d06358b2b90c030,https://www.zara.com/us/en/woman-beauty-perfumes-l1415.html
zara-us:20110705,category:1d06358b2b90c030,https://www.zara.com/us/en/woman-beauty-perfumes-l1415.html
zara-us:20110972,category:1d06358b2b90c030,https://www.zara.com/us/en/woman-beauty-perfumes-l1415.html
zara-us:card-571519910,category:1d06358b2b90c030,https://www.zara.com/us/en/woman-beauty-perfumes-l1415.html
zara-us:card-9432981870,category:1d06358b2b90c030,https://www.zara.com/us/en/woman-beauty-perfumes-l1415.html
zara-us:20120807,category:1d06358b2b90c030,https://www.zara.com/us/en/woman-beauty-perfumes-l1415.html
zara-us:20120804,category:1d06358b2b90c030,https://www.zara.com/us/en/woman-beauty-perfumes-l1415.html
zara-us:20120692,category:1d06358b2b90c030,https://www.zara.com/us/en/woman-beauty-perfumes-l1415.html
zara-us:20120948,category:1d06358b2b90c030,https://www.zara.com/us/en/woman-beauty-perfumes-l1415.html
zara-us:20120947,category:1d06358b2b90c030,https://www.zara.com/us/en/woman-beauty-perfumes-l1415.html
zara-us:card-552935942,category:1d06358b2b90c030,https://www.zara.com/us/en/woman-beauty-perfumes-l1415.html
zara-us:card-9001171066,category:1d06358b2b90c030,https://www.zara.com/us/en/woman-beauty-perfumes-l1415.html
zara-us:20110988,category:1d06358b2b90c030,https://www.zara.com/us/en/woman-beauty-perfumes-l1415.html
zara-us:20110711,category:1d06358b2b90c030,https://www.zara.com/us/en/woman-beauty-perfumes-l1415.html
zara-us:20110820,category:1d06358b2b90c030,https://www.zara.com/us/en/woman-beauty-perfumes-l1415.html
zara-us:20110945,category:1d06358b2b90c030,https://www.zara.com/us/en/woman-beauty-perfumes-l1415.html
zara-us:20110710,category:1d06358b2b90c030,https://www.zara.com/us/en/woman-beauty-perfumes-l1415.html
zara-us:20110822,category:1d06358b2b90c030,https://www.zara.com/us/en/woman-beauty-perfumes-l1415.html
zara-us:20110989,category:1d06358b2b90c030,https://www.zara.com/us/en/woman-beauty-perfumes-l1415.html
zara-us:20110952,category:1d06358b2b90c030,https://www.zara.com/us/en/woman-beauty-perfumes-l1415.html
zara-us:card-9849911614,category:1d06358b2b90c030,https://www.zara.com/us/en/woman-beauty-perfumes-l1415.html
zara-us:card-9759211345,category:1d06358b2b90c030,https://www.zara.com/us/en/woman-beauty-perfumes-l1415.html
zara-us:20110935,category:1d06358b2b90c030,https://www.zara.com/us/en/woman-beauty-perfumes-l1415.html
zara-us:20110641,category:1d06358b2b90c030,https://www.zara.com/us/en/woman-beauty-perfumes-l1415.html
zara-us:20110839,category:1d06358b2b90c030,https://www.zara.com/us/en/woman-beauty-perfumes-l1415.html
zara-us:20110719,category:1d06358b2b90c030,https://www.zara.com/us/en/woman-beauty-perfumes-l1415.html
zara-us:20110553,category:1d06358b2b90c030,https://www.zara.com/us/en/woman-beauty-perfumes-l1415.html
zara-us:20110724,category:1d06358b2b90c030,https://www.zara.com/us/en/woman-beauty-perfumes-l1415.html
zara-us:card-571477845,category:1d06358b2b90c030,https://www.zara.com/us/en/woman-beauty-perfumes-l1415.html
zara-us:card-9541413509,category:1d06358b2b90c030,https://www.zara.com/us/en/woman-beauty-perfumes-l1415.html
zara-us:20110953,category:1d06358b2b90c030,https://www.zara.com/us/en/woman-beauty-perfumes-l1415.html
zara-us:20110954,category:1d06358b2b90c030,https://www.zara.com/us/en/woman-beauty-perfumes-l1415.html
zara-us:card-571529338,category:1d06358b2b90c030,https://www.zara.com/us/en/woman-beauty-perfumes-l1415.html
zara-us:card-9785828886,category:1d06358b2b90c030,https://www.zara.com/us/en/woman-beauty-perfumes-l1415.html
zara-us:20120612,category:1d06358b2b90c030,https://www.zara.com/us/en/woman-beauty-perfumes-l1415.html
zara-us:20120927,category:1d06358b2b90c030,https://www.zara.com/us/en/woman-beauty-perfumes-l1415.html
zara-us:20120840,category:1d06358b2b90c030,https://www.zara.com/us/en/woman-beauty-perfumes-l1415.html
zara-us:20120286,category:1d06358b2b90c030,https://www.zara.com/us/en/woman-beauty-perfumes-l1415.html
zara-us:20120594,category:1d06358b2b90c030,https://www.zara.com/us/en/woman-beauty-perfumes-l1415.html
zara-us:20120438,category:1d06358b2b90c030,https://www.zara.com/us/en/woman-beauty-perfumes-l1415.html
zara-us:20113036,category:1d06358b2b90c030,https://www.zara.com/us/en/woman-beauty-perfumes-l1415.html
zara-us:20113031,category:1d06358b2b90c030,https://www.zara.com/us/en/woman-beauty-perfumes-l1415.html
zara-us:card-587709140,category:1d06358b2b90c030,https://www.zara.com/us/en/woman-beauty-perfumes-l1415.html
zara-us:card-9512931598,category:1d06358b2b90c030,https://www.zara.com/us/en/woman-beauty-perfumes-l1415.html
zara-us:20110153,category:1d06358b2b90c030,https://www.zara.com/us/en/woman-beauty-perfumes-l1415.html
zara-us:20110957,category:1d06358b2b90c030,https://www.zara.com/us/en/woman-beauty-perfumes-l1415.html
zara-us:20110958,category:1d06358b2b90c030,https://www.zara.com/us/en/woman-beauty-perfumes-l1415.html
zara-us:20110959,category:1d06358b2b90c030,https://www.zara.com/us/en/woman-beauty-perfumes-l1415.html
zara-us:20120820,category:1d06358b2b90c030,https://www.zara.com/us/en/woman-beauty-perfumes-l1415.html
zara-us:card-9444709819,category:1d06358b2b90c030,https://www.zara.com/us/en/woman-beauty-perfumes-l1415.html
zara-us:20120824,category:1d06358b2b90c030,https://www.zara.com/us/en/woman-beauty-perfumes-l1415.html
zara-us:20120831,category:1d06358b2b90c030,https://www.zara.com/us/en/woman-beauty-perfumes-l1415.html
zara-us:20120338,category:1d06358b2b90c030,https://www.zara.com/us/en/woman-beauty-perfumes-l1415.html
zara-us:20120209,category:1d06358b2b90c030,https://www.zara.com/us/en/woman-beauty-perfumes-l1415.html
zara-us:20120930,category:1d06358b2b90c030,https://www.zara.com/us/en/woman-beauty-perfumes-l1415.html
zara-us:20120976,category:1d06358b2b90c030,https://www.zara.com/us/en/woman-beauty-perfumes-l1415.html
zara-us:20120830,category:1d06358b2b90c030,https://www.zara.com/us/en/woman-beauty-perfumes-l1415.html
zara-us:20120495,category:1d06358b2b90c030,https://www.zara.com/us/en/woman-beauty-perfumes-l1415.html
zara-us:20120881,category:1d06358b2b90c030,https://www.zara.com/us/en/woman-beauty-perfumes-l1415.html
zara-us:20120652,category:1d06358b2b90c030,https://www.zara.com/us/en/woman-beauty-perfumes-l1415.html
zara-us:20120877,category:1d06358b2b90c030,https://www.zara.com/us/en/woman-beauty-perfumes-l1415.html
zara-us:20120874,category:1d06358b2b90c030,https://www.zara.com/us/en/woman-beauty-perfumes-l1415.html
zara-us:card-571477850,category:1d06358b2b90c030,https://www.zara.com/us/en/woman-beauty-perfumes-l1415.html
zara-us:card-9298351886,category:1d06358b2b90c030,https://www.zara.com/us/en/woman-beauty-perfumes-l1415.html
zara-us:20110882,category:1d06358b2b90c030,https://www.zara.com/us/en/woman-beauty-perfumes-l1415.html
zara-us:20110883,category:1d06358b2b90c030,https://www.zara.com/us/en/woman-beauty-perfumes-l1415.html
zara-us:20110884,category:1d06358b2b90c030,https://www.zara.com/us/en/woman-beauty-perfumes-l1415.html
zara-us:20120954,category:1d06358b2b90c030,https://www.zara.com/us/en/woman-beauty-perfumes-l1415.html
zara-us:card-9881352976,category:1d06358b2b90c030,https://www.zara.com/us/en/woman-beauty-perfumes-l1415.html
zara-us:20120955,category:1d06358b2b90c030,https://www.zara.com/us/en/woman-beauty-perfumes-l1415.html
zara-us:20120956,category:1d06358b2b90c030,https://www.zara.com/us/en/woman-beauty-perfumes-l1415.html
zara-us:card-580456338,category:1d06358b2b90c030,https://www.zara.com/us/en/woman-beauty-perfumes-l1415.html
zara-us:20120216,category:1d06358b2b90c030,https://www.zara.com/us/en/woman-beauty-perfumes-l1415.html
zara-us:20120293,category:1d06358b2b90c030,https://www.zara.com/us/en/woman-beauty-perfumes-l1415.html
zara-us:20120294,category:1d06358b2b90c030,https://www.zara.com/us/en/woman-beauty-perfumes-l1415.html
zara-us:20110941,category:1d06358b2b90c030,https://www.zara.com/us/en/woman-beauty-perfumes-l1415.html
zara-us:card-9665685680,category:1d06358b2b90c030,https://www.zara.com/us/en/woman-beauty-perfumes-l1415.html
zara-us:20110243,category:1d06358b2b90c030,https://www.zara.com/us/en/woman-beauty-perfumes-l1415.html
zara-us:20110975,category:1d06358b2b90c030,https://www.zara.com/us/en/woman-beauty-perfumes-l1415.html
zara-us:20110244,category:1d06358b2b90c030,https://www.zara.com/us/en/woman-beauty-perfumes-l1415.html
zara-us:20110785,category:1d06358b2b90c030,https://www.zara.com/us/en/woman-beauty-perfumes-l1415.html
zara-us:20110983,category:1d06358b2b90c030,https://www.zara.com/us/en/woman-beauty-perfumes-l1415.html
zara-us:20110759,category:1d06358b2b90c030,https://www.zara.com/us/en/woman-beauty-perfumes-l1415.html
zara-us:card-586069582,category:1d06358b2b90c030,https://www.zara.com/us/en/woman-beauty-perfumes-l1415.html
zara-us:card-9501397690,category:1d06358b2b90c030,https://www.zara.com/us/en/woman-beauty-perfumes-l1415.html
zara-us:20110926,category:1d06358b2b90c030,https://www.zara.com/us/en/woman-beauty-perfumes-l1415.html
zara-us:20110925,category:1d06358b2b90c030,https://www.zara.com/us/en/woman-beauty-perfumes-l1415.html
zara-us:20110927,category:1d06358b2b90c030,https://www.zara.com/us/en/woman-beauty-perfumes-l1415.html
zara-us:20110177,category:1d06358b2b90c030,https://www.zara.com/us/en/woman-beauty-perfumes-l1415.html
zara-us:20110923,category:1d06358b2b90c030,https://www.zara.com/us/en/woman-beauty-perfumes-l1415.html
zara-us:20110922,category:1d06358b2b90c030,https://www.zara.com/us/en/woman-beauty-perfumes-l1415.html
zara-us:20110924,category:1d06358b2b90c030,https://www.zara.com/us/en/woman-beauty-perfumes-l1415.html
zara-us:20110178,category:1d06358b2b90c030,https://www.zara.com/us/en/woman-beauty-perfumes-l1415.html
zara-us:20110977,category:1d06358b2b90c030,https://www.zara.com/us/en/woman-beauty-perfumes-l1415.html
zara-us:card-9612826199,category:1d06358b2b90c030,https://www.zara.com/us/en/woman-beauty-perfumes-l1415.html
zara-us:20110518,category:1d06358b2b90c030,https://www.zara.com/us/en/woman-beauty-perfumes-l1415.html
zara-us:20110763,category:1d06358b2b90c030,https://www.zara.com/us/en/woman-beauty-perfumes-l1415.html
zara-us:20110980,category:1d06358b2b90c030,https://www.zara.com/us/en/woman-beauty-perfumes-l1415.html
zara-us:20110707,category:1d06358b2b90c030,https://www.zara.com/us/en/woman-beauty-perfumes-l1415.html
zara-us:20110652,category:1d06358b2b90c030,https://www.zara.com/us/en/woman-beauty-perfumes-l1415.html
zara-us:20110407,category:1d06358b2b90c030,https://www.zara.com/us/en/woman-beauty-perfumes-l1415.html
zara-us:20110376,category:1d06358b2b90c030,https://www.zara.com/us/en/woman-beauty-perfumes-l1415.html
zara-us:20110375,category:1d06358b2b90c030,https://www.zara.com/us/en/woman-beauty-perfumes-l1415.html
zara-us:20110374,category:1d06358b2b90c030,https://www.zara.com/us/en/woman-beauty-perfumes-l1415.html
zara-us:card-586069552,category:1d06358b2b90c030,https://www.zara.com/us/en/woman-beauty-perfumes-l1415.html
zara-us:card-9024544147,category:1d06358b2b90c030,https://www.zara.com/us/en/woman-beauty-perfumes-l1415.html
zara-us:20110508,category:1d06358b2b90c030,https://www.zara.com/us/en/woman-beauty-perfumes-l1415.html
zara-us:20110529,category:1d06358b2b90c030,https://www.zara.com/us/en/woman-beauty-perfumes-l1415.html
zara-us:card-576949646,category:1d06358b2b90c030,https://www.zara.com/us/en/woman-beauty-perfumes-l1415.html
zara-us:card-9588383896,category:1d06358b2b90c030,https://www.zara.com/us/en/woman-beauty-perfumes-l1415.html
zara-us:20110384,category:1d06358b2b90c030,https://www.zara.com/us/en/woman-beauty-perfumes-l1415.html
zara-us:20110387,category:1d06358b2b90c030,https://www.zara.com/us/en/woman-beauty-perfumes-l1415.html
zara-us:20110391,category:1d06358b2b90c030,https://www.zara.com/us/en/woman-beauty-perfumes-l1415.html
zara-us:20110392,category:1d06358b2b90c030,https://www.zara.com/us/en/woman-beauty-perfumes-l1415.html
zara-us:20110393,category:1d06358b2b90c030,https://www.zara.com/us/en/woman-beauty-perfumes-l1415.html
zara-us:20110394,category:1d06358b2b90c030,https://www.zara.com/us/en/woman-beauty-perfumes-l1415.html
zara-us:20110395,category:1d06358b2b90c030,https://www.zara.com/us/en/woman-beauty-perfumes-l1415.html
zara-us:20110386,category:1d06358b2b90c030,https://www.zara.com/us/en/woman-beauty-perfumes-l1415.html
zara-us:20110385,category:1d06358b2b90c030,https://www.zara.com/us/en/woman-beauty-perfumes-l1415.html
zara-us:20120623,category:1d06358b2b90c030,https://www.zara.com/us/en/woman-beauty-perfumes-l1415.html
zara-us:card-9222971000,category:1d06358b2b90c030,https://www.zara.com/us/en/woman-beauty-perfumes-l1415.html
zara-us:20120621,category:1d06358b2b90c030,https://www.zara.com/us/en/woman-beauty-perfumes-l1415.html
zara-us:20120622,category:1d06358b2b90c030,https://www.zara.com/us/en/woman-beauty-perfumes-l1415.html
zara-us:card-9367849595,category:1d06358b2b90c030,https://www.zara.com/us/en/woman-beauty-perfumes-l1415.html
zara-us:card-9484774830,category:1d06358b2b90c030,https://www.zara.com/us/en/woman-beauty-perfumes-l1415.html
zara-us:20120239,category:1d06358b2b90c030,https://www.zara.com/us/en/woman-beauty-perfumes-l1415.html
zara-us:20120366,category:1d06358b2b90c030,https://www.zara.com/us/en/woman-beauty-perfumes-l1415.html
zara-us:20120368,category:1d06358b2b90c030,https://www.zara.com/us/en/woman-beauty-perfumes-l1415.html
zara-us:20120951,category:1d06358b2b90c030,https://www.zara.com/us/en/woman-beauty-perfumes-l1415.html
zara-us:20120952,category:1d06358b2b90c030,https://www.zara.com/us/en/woman-beauty-perfumes-l1415.html
zara-us:card-9525199532,category:1d06358b2b90c030,https://www.zara.com/us/en/woman-beauty-perfumes-l1415.html
zara-us:20120263,category:1d06358b2b90c030,https://www.zara.com/us/en/woman-beauty-perfumes-l1415.html
zara-us:20120264,category:1d06358b2b90c030,https://www.zara.com/us/en/woman-beauty-perfumes-l1415.html
zara-us:20120607,category:1d06358b2b90c030,https://www.zara.com/us/en/woman-beauty-perfumes-l1415.html
zara-us:card-9080945170,category:1d06358b2b90c030,https://www.zara.com/us/en/woman-beauty-perfumes-l1415.html
zara-us:20120605,category:1d06358b2b90c030,https://www.zara.com/us/en/woman-beauty-perfumes-l1415.html
zara-us:20120606,category:1d06358b2b90c030,https://www.zara.com/us/en/woman-beauty-perfumes-l1415.html
zara-us:20120604,category:1d06358b2b90c030,https://www.zara.com/us/en/woman-beauty-perfumes-l1415.html
zara-us:20120608,category:1d06358b2b90c030,https://www.zara.com/us/en/woman-beauty-perfumes-l1415.html
zara-us:card-571477801,category:1d06358b2b90c030,https://www.zara.com/us/en/woman-beauty-perfumes-l1415.html
zara-us:card-9458719028,category:1d06358b2b90c030,https://www.zara.com/us/en/woman-beauty-perfumes-l1415.html
zara-us:20110249,category:1d06358b2b90c030,https://www.zara.com/us/en/woman-beauty-perfumes-l1415.html
zara-us:20110390,category:1d06358b2b90c030,https://www.zara.com/us/en/woman-beauty-perfumes-l1415.html
zara-us:20110382,category:1d06358b2b90c030,https://www.zara.com/us/en/woman-beauty-perfumes-l1415.html
zara-us:card-9484775277,category:1d06358b2b90c030,https://www.zara.com/us/en/woman-beauty-perfumes-l1415.html
zara-us:card-9358588660,category:1d06358b2b90c030,https://www.zara.com/us/en/woman-beauty-perfumes-l1415.html
zara-us:20110474,category:1d06358b2b90c030,https://www.zara.com/us/en/woman-beauty-perfumes-l1415.html
zara-us:20110475,category:1d06358b2b90c030,https://www.zara.com/us/en/woman-beauty-perfumes-l1415.html
zara-us:20110476,category:1d06358b2b90c030,https://www.zara.com/us/en/woman-beauty-perfumes-l1415.html
zara-us:20110477,category:1d06358b2b90c030,https://www.zara.com/us/en/woman-beauty-perfumes-l1415.html
zara-us:card-571477847,category:1d06358b2b90c030,https://www.zara.com/us/en/woman-beauty-perfumes-l1415.html
zara-us:card-9594857639,category:1d06358b2b90c030,https://www.zara.com/us/en/woman-beauty-perfumes-l1415.html
zara-us:21110094,category:1d06358b2b90c030,https://www.zara.com/us/en/woman-beauty-perfumes-l1415.html
zara-us:21110099,category:1d06358b2b90c030,https://www.zara.com/us/en/woman-beauty-perfumes-l1415.html
zara-us:card-584074956,category:1d06358b2b90c030,https://www.zara.com/us/en/woman-beauty-perfumes-l1415.html
zara-us:20120273,category:1d06358b2b90c030,https://www.zara.com/us/en/woman-beauty-perfumes-l1415.html
zara-us:20120311,category:1d06358b2b90c030,https://www.zara.com/us/en/woman-beauty-perfumes-l1415.html
zara-us:card-572137838,category:1d06358b2b90c030,https://www.zara.com/us/en/woman-beauty-perfumes-l1415.html
zara-us:card-9109182528,category:1d06358b2b90c030,https://www.zara.com/us/en/woman-beauty-perfumes-l1415.html
zara-us:20120376,category:1d06358b2b90c030,https://www.zara.com/us/en/woman-beauty-perfumes-l1415.html
zara-us:20120377,category:1d06358b2b90c030,https://www.zara.com/us/en/woman-beauty-perfumes-l1415.html
zara-us:card-571477843,category:1d06358b2b90c030,https://www.zara.com/us/en/woman-beauty-perfumes-l1415.html
zara-us:card-9379004956,category:1d06358b2b90c030,https://www.zara.com/us/en/woman-beauty-perfumes-l1415.html
zara-us:20130307,category:1d06358b2b90c030,https://www.zara.com/us/en/woman-beauty-perfumes-l1415.html
zara-us:20130309,category:1d06358b2b90c030,https://www.zara.com/us/en/woman-beauty-perfumes-l1415.html
zara-us:20130300,category:1d06358b2b90c030,https://www.zara.com/us/en/woman-beauty-perfumes-l1415.html
zara-us:20130192,category:1d06358b2b90c030,https://www.zara.com/us/en/woman-beauty-perfumes-l1415.html
zara-us:20130163,category:1d06358b2b90c030,https://www.zara.com/us/en/woman-beauty-perfumes-l1415.html
zara-us:20130165,category:1d06358b2b90c030,https://www.zara.com/us/en/woman-beauty-perfumes-l1415.html
zara-us:card-571477837,category:1d06358b2b90c030,https://www.zara.com/us/en/woman-beauty-perfumes-l1415.html
zara-us:card-9835857703,category:1d06358b2b90c030,https://www.zara.com/us/en/woman-beauty-perfumes-l1415.html
zara-us:20110914,category:1d06358b2b90c030,https://www.zara.com/us/en/woman-beauty-perfumes-l1415.html
zara-us:20110787,category:1d06358b2b90c030,https://www.zara.com/us/en/woman-beauty-perfumes-l1415.html
zara-us:20110915,category:1d06358b2b90c030,https://www.zara.com/us/en/woman-beauty-perfumes-l1415.html
zara-us:20110409,category:1d06358b2b90c030,https://www.zara.com/us/en/woman-beauty-perfumes-l1415.html
zara-us:20110408,category:1d06358b2b90c030,https://www.zara.com/us/en/woman-beauty-perfumes-l1415.html
zara-us:20110792,category:1d06358b2b90c030,https://www.zara.com/us/en/woman-beauty-perfumes-l1415.html
zara-us:20110777,category:1d06358b2b90c030,https://www.zara.com/us/en/woman-beauty-perfumes-l1415.html
zara-us:20110788,category:1d06358b2b90c030,https://www.zara.com/us/en/woman-beauty-perfumes-l1415.html
zara-us:20110383,category:1d06358b2b90c030,https://www.zara.com/us/en/woman-beauty-perfumes-l1415.html
zara-us:card-590145011,category:1d06358b2b90c030,https://www.zara.com/us/en/woman-beauty-perfumes-l1415.html
zara-us:card-9276409771,category:1d06358b2b90c030,https://www.zara.com/us/en/woman-beauty-perfumes-l1415.html
zara-us:20120317,category:1d06358b2b90c030,https://www.zara.com/us/en/woman-beauty-perfumes-l1415.html
zara-us:20120318,category:1d06358b2b90c030,https://www.zara.com/us/en/woman-beauty-perfumes-l1415.html
zara-us:20113033,category:1d06358b2b90c030,https://www.zara.com/us/en/woman-beauty-perfumes-l1415.html
zara-us:card-9652052486,category:1d06358b2b90c030,https://www.zara.com/us/en/woman-beauty-perfumes-l1415.html
zara-us:card-9650052503,category:1d06358b2b90c030,https://www.zara.com/us/en/woman-beauty-perfumes-l1415.html
zara-us:20110873,category:1d06358b2b90c030,https://www.zara.com/us/en/woman-beauty-perfumes-l1415.html
zara-us:48314728,category:199c414d594fdc90,https://www.zara.com/us/en/home-new-collection-l15856.html
zara-us:card-9627386781,category:199c414d594fdc90,https://www.zara.com/us/en/home-new-collection-l15856.html
zara-us:40404705,category:199c414d594fdc90,https://www.zara.com/us/en/home-new-collection-l15856.html
zara-us:47315054,category:199c414d594fdc90,https://www.zara.com/us/en/home-new-collection-l15856.html
zara-us:48315728,category:199c414d594fdc90,https://www.zara.com/us/en/home-new-collection-l15856.html
zara-us:48301043,category:199c414d594fdc90,https://www.zara.com/us/en/home-new-collection-l15856.html
zara-us:48306728,category:199c414d594fdc90,https://www.zara.com/us/en/home-new-collection-l15856.html
zara-us:card-587781355,category:199c414d594fdc90,https://www.zara.com/us/en/home-new-collection-l15856.html
zara-us:card-587818213,category:199c414d594fdc90,https://www.zara.com/us/en/home-new-collection-l15856.html
zara-us:48313728,category:199c414d594fdc90,https://www.zara.com/us/en/home-new-collection-l15856.html
zara-us:48309043,category:199c414d594fdc90,https://www.zara.com/us/en/home-new-collection-l15856.html
zara-us:48330004,category:199c414d594fdc90,https://www.zara.com/us/en/home-new-collection-l15856.html
zara-us:12802800,category:199c414d594fdc90,https://www.zara.com/us/en/home-new-collection-l15856.html
zara-us:card-9225042550,category:199c414d594fdc90,https://www.zara.com/us/en/home-new-collection-l15856.html
zara-us:48307043,category:199c414d594fdc90,https://www.zara.com/us/en/home-new-collection-l15856.html
zara-us:48308728,category:199c414d594fdc90,https://www.zara.com/us/en/home-new-collection-l15856.html
zara-us:48303043,category:199c414d594fdc90,https://www.zara.com/us/en/home-new-collection-l15856.html
zara-us:48330728,category:199c414d594fdc90,https://www.zara.com/us/en/home-new-collection-l15856.html
zara-us:48312728,category:199c414d594fdc90,https://www.zara.com/us/en/home-new-collection-l15856.html
zara-us:48305728,category:199c414d594fdc90,https://www.zara.com/us/en/home-new-collection-l15856.html
zara-us:48310728,category:199c414d594fdc90,https://www.zara.com/us/en/home-new-collection-l15856.html
zara-us:48311728,category:199c414d594fdc90,https://www.zara.com/us/en/home-new-collection-l15856.html
zara-us:47311054,category:199c414d594fdc90,https://www.zara.com/us/en/home-new-collection-l15856.html
zara-us:47312054,category:199c414d594fdc90,https://www.zara.com/us/en/home-new-collection-l15856.html
zara-us:47313054,category:199c414d594fdc90,https://www.zara.com/us/en/home-new-collection-l15856.html
zara-us:47314054,category:199c414d594fdc90,https://www.zara.com/us/en/home-new-collection-l15856.html
zara-us:45166088,category:199c414d594fdc90,https://www.zara.com/us/en/home-new-collection-l15856.html
zara-us:45166091,category:199c414d594fdc90,https://www.zara.com/us/en/home-new-collection-l15856.html
zara-us:card-9595288582,category:199c414d594fdc90,https://www.zara.com/us/en/home-new-collection-l15856.html
zara-us:45167088,category:199c414d594fdc90,https://www.zara.com/us/en/home-new-collection-l15856.html
zara-us:48317073,category:199c414d594fdc90,https://www.zara.com/us/en/home-new-collection-l15856.html
zara-us:45165565,category:199c414d594fdc90,https://www.zara.com/us/en/home-new-collection-l15856.html
zara-us:45165088,category:199c414d594fdc90,https://www.zara.com/us/en/home-new-collection-l15856.html
zara-us:47191088,category:199c414d594fdc90,https://www.zara.com/us/en/home-new-collection-l15856.html
zara-us:47191091,category:199c414d594fdc90,https://www.zara.com/us/en/home-new-collection-l15856.html
zara-us:45165091,category:199c414d594fdc90,https://www.zara.com/us/en/home-new-collection-l15856.html
zara-us:45193047,category:199c414d594fdc90,https://www.zara.com/us/en/home-new-collection-l15856.html
zara-us:44100005,category:199c414d594fdc90,https://www.zara.com/us/en/home-new-collection-l15856.html
zara-us:46172414,category:199c414d594fdc90,https://www.zara.com/us/en/home-new-collection-l15856.html
zara-us:46179072,category:199c414d594fdc90,https://www.zara.com/us/en/home-new-collection-l15856.html
zara-us:46161091,category:199c414d594fdc90,https://www.zara.com/us/en/home-new-collection-l15856.html
zara-us:46182040,category:199c414d594fdc90,https://www.zara.com/us/en/home-new-collection-l15856.html
zara-us:46161088,category:199c414d594fdc90,https://www.zara.com/us/en/home-new-collection-l15856.html
zara-us:40030088,category:199c414d594fdc90,https://www.zara.com/us/en/home-new-collection-l15856.html
zara-us:42123045,category:199c414d594fdc90,https://www.zara.com/us/en/home-new-collection-l15856.html
zara-us:47117046,category:199c414d594fdc90,https://www.zara.com/us/en/home-new-collection-l15856.html
zara-us:card-9408823386,category:199c414d594fdc90,https://www.zara.com/us/en/home-new-collection-l15856.html
zara-us:43144004,category:199c414d594fdc90,https://www.zara.com/us/en/home-new-collection-l15856.html
zara-us:43176004,category:199c414d594fdc90,https://www.zara.com/us/en/home-new-collection-l15856.html
zara-us:44165008,category:199c414d594fdc90,https://www.zara.com/us/en/home-new-collection-l15856.html
zara-us:46191008,category:199c414d594fdc90,https://www.zara.com/us/en/home-new-collection-l15856.html
zara-us:46192008,category:199c414d594fdc90,https://www.zara.com/us/en/home-new-collection-l15856.html
zara-us:47166047,category:199c414d594fdc90,https://www.zara.com/us/en/home-new-collection-l15856.html
zara-us:card-587652565,category:199c414d594fdc90,https://www.zara.com/us/en/home-new-collection-l15856.html
zara-us:card-9490714715,category:199c414d594fdc90,https://www.zara.com/us/en/home-new-collection-l15856.html
zara-us:card-9378805908,category:199c414d594fdc90,https://www.zara.com/us/en/home-new-collection-l15856.html
zara-us:47815046,category:199c414d594fdc90,https://www.zara.com/us/en/home-new-collection-l15856.html
zara-us:47816046,category:199c414d594fdc90,https://www.zara.com/us/en/home-new-collection-l15856.html
zara-us:47826072,category:199c414d594fdc90,https://www.zara.com/us/en/home-new-collection-l15856.html
zara-us:47809046,category:199c414d594fdc90,https://www.zara.com/us/en/home-new-collection-l15856.html
zara-us:47813046,category:199c414d594fdc90,https://www.zara.com/us/en/home-new-collection-l15856.html
zara-us:47807043,category:199c414d594fdc90,https://www.zara.com/us/en/home-new-collection-l15856.html
zara-us:card-9659658056,category:199c414d594fdc90,https://www.zara.com/us/en/home-new-collection-l15856.html
zara-us:47823043,category:199c414d594fdc90,https://www.zara.com/us/en/home-new-collection-l15856.html
zara-us:47818003,category:199c414d594fdc90,https://www.zara.com/us/en/home-new-collection-l15856.html
zara-us:47806043,category:199c414d594fdc90,https://www.zara.com/us/en/home-new-collection-l15856.html
zara-us:47821043,category:199c414d594fdc90,https://www.zara.com/us/en/home-new-collection-l15856.html
zara-us:47801043,category:199c414d594fdc90,https://www.zara.com/us/en/home-new-collection-l15856.html
zara-us:47812046,category:199c414d594fdc90,https://www.zara.com/us/en/home-new-collection-l15856.html
zara-us:47817046,category:199c414d594fdc90,https://www.zara.com/us/en/home-new-collection-l15856.html
zara-us:47814046,category:199c414d594fdc90,https://www.zara.com/us/en/home-new-collection-l15856.html
zara-us:47819043,category:199c414d594fdc90,https://www.zara.com/us/en/home-new-collection-l15856.html
zara-us:47820043,category:199c414d594fdc90,https://www.zara.com/us/en/home-new-collection-l15856.html
zara-us:47822728,category:199c414d594fdc90,https://www.zara.com/us/en/home-new-collection-l15856.html
zara-us:47824043,category:199c414d594fdc90,https://www.zara.com/us/en/home-new-collection-l15856.html
zara-us:47825072,category:199c414d594fdc90,https://www.zara.com/us/en/home-new-collection-l15856.html
zara-us:card-9080901334,category:199c414d594fdc90,https://www.zara.com/us/en/home-new-collection-l15856.html
zara-us:49384073,category:199c414d594fdc90,https://www.zara.com/us/en/home-new-collection-l15856.html
zara-us:44301047,category:199c414d594fdc90,https://www.zara.com/us/en/home-new-collection-l15856.html
zara-us:card-580430673,category:199c414d594fdc90,https://www.zara.com/us/en/home-new-collection-l15856.html
zara-us:48907077,category:199c414d594fdc90,https://www.zara.com/us/en/home-new-collection-l15856.html
zara-us:48355077,category:199c414d594fdc90,https://www.zara.com/us/en/home-new-collection-l15856.html
zara-us:44321728,category:199c414d594fdc90,https://www.zara.com/us/en/home-new-collection-l15856.html
zara-us:44302047,category:199c414d594fdc90,https://www.zara.com/us/en/home-new-collection-l15856.html
zara-us:48288073,category:199c414d594fdc90,https://www.zara.com/us/en/home-new-collection-l15856.html
zara-us:47395073,category:199c414d594fdc90,https://www.zara.com/us/en/home-new-collection-l15856.html
zara-us:44300047,category:199c414d594fdc90,https://www.zara.com/us/en/home-new-collection-l15856.html
zara-us:44318043,category:199c414d594fdc90,https://www.zara.com/us/en/home-new-collection-l15856.html
zara-us:44300728,category:199c414d594fdc90,https://www.zara.com/us/en/home-new-collection-l15856.html
zara-us:47390073,category:199c414d594fdc90,https://www.zara.com/us/en/home-new-collection-l15856.html
zara-us:card-580430683,category:199c414d594fdc90,https://www.zara.com/us/en/home-new-collection-l15856.html
zara-us:48365043,category:199c414d594fdc90,https://www.zara.com/us/en/home-new-collection-l15856.html
zara-us:card-580430684,category:199c414d594fdc90,https://www.zara.com/us/en/home-new-collection-l15856.html
zara-us:44305112,category:199c414d594fdc90,https://www.zara.com/us/en/home-new-collection-l15856.html
zara-us:card-9692473249,category:199c414d594fdc90,https://www.zara.com/us/en/home-new-collection-l15856.html
zara-us:44373728,category:199c414d594fdc90,https://www.zara.com/us/en/home-new-collection-l15856.html
zara-us:44327043,category:199c414d594fdc90,https://www.zara.com/us/en/home-new-collection-l15856.html
zara-us:44327728,category:199c414d594fdc90,https://www.zara.com/us/en/home-new-collection-l15856.html
zara-us:card-9196707477,category:199c414d594fdc90,https://www.zara.com/us/en/home-new-collection-l15856.html
zara-us:44304112,category:199c414d594fdc90,https://www.zara.com/us/en/home-new-collection-l15856.html
zara-us:44300043,category:199c414d594fdc90,https://www.zara.com/us/en/home-new-collection-l15856.html
zara-us:card-588045622,category:199c414d594fdc90,https://www.zara.com/us/en/home-new-collection-l15856.html
zara-us:40045088,category:199c414d594fdc90,https://www.zara.com/us/en/home-new-collection-l15856.html
zara-us:card-588045471,category:199c414d594fdc90,https://www.zara.com/us/en/home-new-collection-l15856.html
zara-us:47169047,category:199c414d594fdc90,https://www.zara.com/us/en/home-new-collection-l15856.html
zara-us:45161088,category:199c414d594fdc90,https://www.zara.com/us/en/home-new-collection-l15856.html
zara-us:45160088,category:199c414d594fdc90,https://www.zara.com/us/en/home-new-collection-l15856.html
zara-us:41362125,category:199c414d594fdc90,https://www.zara.com/us/en/home-new-collection-l15856.html
zara-us:47386073,category:199c414d594fdc90,https://www.zara.com/us/en/home-new-collection-l15856.html
zara-us:44115121,category:199c414d594fdc90,https://www.zara.com/us/en/home-new-collection-l15856.html
zara-us:49180120,category:199c414d594fdc90,https://www.zara.com/us/en/home-new-collection-l15856.html
zara-us:44124120,category:199c414d594fdc90,https://www.zara.com/us/en/home-new-collection-l15856.html
zara-us:44124122,category:199c414d594fdc90,https://www.zara.com/us/en/home-new-collection-l15856.html
zara-us:45147088,category:199c414d594fdc90,https://www.zara.com/us/en/home-new-collection-l15856.html
zara-us:41362091,category:199c414d594fdc90,https://www.zara.com/us/en/home-new-collection-l15856.html
zara-us:44115579,category:199c414d594fdc90,https://www.zara.com/us/en/home-new-collection-l15856.html
zara-us:44115122,category:199c414d594fdc90,https://www.zara.com/us/en/home-new-collection-l15856.html
zara-us:44119120,category:199c414d594fdc90,https://www.zara.com/us/en/home-new-collection-l15856.html
zara-us:44119123,category:199c414d594fdc90,https://www.zara.com/us/en/home-new-collection-l15856.html
zara-us:44115120,category:199c414d594fdc90,https://www.zara.com/us/en/home-new-collection-l15856.html
zara-us:44115123,category:199c414d594fdc90,https://www.zara.com/us/en/home-new-collection-l15856.html
zara-us:44116121,category:199c414d594fdc90,https://www.zara.com/us/en/home-new-collection-l15856.html
zara-us:49175121,category:199c414d594fdc90,https://www.zara.com/us/en/home-new-collection-l15856.html
zara-us:49176121,category:199c414d594fdc90,https://www.zara.com/us/en/home-new-collection-l15856.html
zara-us:49177720,category:199c414d594fdc90,https://www.zara.com/us/en/home-new-collection-l15856.html
zara-us:49178120,category:199c414d594fdc90,https://www.zara.com/us/en/home-new-collection-l15856.html
zara-us:49181123,category:199c414d594fdc90,https://www.zara.com/us/en/home-new-collection-l15856.html
zara-us:49179120,category:199c414d594fdc90,https://www.zara.com/us/en/home-new-collection-l15856.html
zara-us:49182123,category:199c414d594fdc90,https://www.zara.com/us/en/home-new-collection-l15856.html
zara-us:44118121,category:199c414d594fdc90,https://www.zara.com/us/en/home-new-collection-l15856.html
zara-us:44118434,category:199c414d594fdc90,https://www.zara.com/us/en/home-new-collection-l15856.html
zara-us:44121434,category:199c414d594fdc90,https://www.zara.com/us/en/home-new-collection-l15856.html
zara-us:44121121,category:199c414d594fdc90,https://www.zara.com/us/en/home-new-collection-l15856.html
zara-us:44125120,category:199c414d594fdc90,https://www.zara.com/us/en/home-new-collection-l15856.html
zara-us:44125121,category:199c414d594fdc90,https://www.zara.com/us/en/home-new-collection-l15856.html
zara-us:44125123,category:199c414d594fdc90,https://www.zara.com/us/en/home-new-collection-l15856.html
zara-us:44128121,category:199c414d594fdc90,https://www.zara.com/us/en/home-new-collection-l15856.html
zara-us:44148123,category:199c414d594fdc90,https://www.zara.com/us/en/home-new-collection-l15856.html
zara-us:47110046,category:199c414d594fdc90,https://www.zara.com/us/en/home-new-collection-l15856.html
zara-us:45266042,category:199c414d594fdc90,https://www.zara.com/us/en/home-new-collection-l15856.html
zara-us:card-571922639,category:199c414d594fdc90,https://www.zara.com/us/en/home-new-collection-l15856.html
zara-us:card-571922655,category:199c414d594fdc90,https://www.zara.com/us/en/home-new-collection-l15856.html
zara-us:card-571922661,category:199c414d594fdc90,https://www.zara.com/us/en/home-new-collection-l15856.html
zara-us:46180106,category:199c414d594fdc90,https://www.zara.com/us/en/home-new-collection-l15856.html
zara-us:card-571922669,category:199c414d594fdc90,https://www.zara.com/us/en/home-new-collection-l15856.html
zara-us:42238763,category:199c414d594fdc90,https://www.zara.com/us/en/home-new-collection-l15856.html
zara-us:card-571922691,category:199c414d594fdc90,https://www.zara.com/us/en/home-new-collection-l15856.html
zara-us:46166414,category:199c414d594fdc90,https://www.zara.com/us/en/home-new-collection-l15856.html
zara-us:43131106,category:199c414d594fdc90,https://www.zara.com/us/en/home-new-collection-l15856.html
zara-us:41712072,category:199c414d594fdc90,https://www.zara.com/us/en/home-new-collection-l15856.html
zara-us:46194046,category:199c414d594fdc90,https://www.zara.com/us/en/home-new-collection-l15856.html
zara-us:40398043,category:199c414d594fdc90,https://www.zara.com/us/en/home-new-collection-l15856.html
zara-us:41308047,category:199c414d594fdc90,https://www.zara.com/us/en/home-new-collection-l15856.html
zara-us:48312049,category:199c414d594fdc90,https://www.zara.com/us/en/home-new-collection-l15856.html
zara-us:47113047,category:199c414d594fdc90,https://www.zara.com/us/en/home-new-collection-l15856.html
zara-us:47394073,category:199c414d594fdc90,https://www.zara.com/us/en/home-new-collection-l15856.html
zara-us:43309748,category:199c414d594fdc90,https://www.zara.com/us/en/home-new-collection-l15856.html
zara-us:card-9525288189,category:199c414d594fdc90,https://www.zara.com/us/en/home-new-collection-l15856.html
zara-us:card-9723726591,category:199c414d594fdc90,https://www.zara.com/us/en/home-new-collection-l15856.html
zara-us:49384099,category:199c414d594fdc90,https://www.zara.com/us/en/home-new-collection-l15856.html
zara-us:48390073,category:199c414d594fdc90,https://www.zara.com/us/en/home-new-collection-l15856.html
zara-us:47397073,category:199c414d594fdc90,https://www.zara.com/us/en/home-new-collection-l15856.html
zara-us:46181106,category:199c414d594fdc90,https://www.zara.com/us/en/home-new-collection-l15856.html
zara-us:44766042,category:199c414d594fdc90,https://www.zara.com/us/en/home-new-collection-l15856.html
zara-us:card-9408624613,category:199c414d594fdc90,https://www.zara.com/us/en/home-new-collection-l15856.html
zara-us:card-568095824,category:199c414d594fdc90,https://www.zara.com/us/en/home-new-collection-l15856.html
zara-us:49300019,category:199c414d594fdc90,https://www.zara.com/us/en/home-new-collection-l15856.html
zara-us:49300047,category:199c414d594fdc90,https://www.zara.com/us/en/home-new-collection-l15856.html
zara-us:49300311,category:199c414d594fdc90,https://www.zara.com/us/en/home-new-collection-l15856.html
zara-us:card-568095836,category:199c414d594fdc90,https://www.zara.com/us/en/home-new-collection-l15856.html
zara-us:46256042,category:199c414d594fdc90,https://www.zara.com/us/en/home-new-collection-l15856.html
zara-us:46256439,category:199c414d594fdc90,https://www.zara.com/us/en/home-new-collection-l15856.html
zara-us:card-568095829,category:199c414d594fdc90,https://www.zara.com/us/en/home-new-collection-l15856.html
zara-us:49300202,category:199c414d594fdc90,https://www.zara.com/us/en/home-new-collection-l15856.html
zara-us:48360077,category:199c414d594fdc90,https://www.zara.com/us/en/home-new-collection-l15856.html
zara-us:48352043,category:199c414d594fdc90,https://www.zara.com/us/en/home-new-collection-l15856.html
zara-us:49301111,category:199c414d594fdc90,https://www.zara.com/us/en/home-new-collection-l15856.html
zara-us:49303043,category:199c414d594fdc90,https://www.zara.com/us/en/home-new-collection-l15856.html
zara-us:49306149,category:199c414d594fdc90,https://www.zara.com/us/en/home-new-collection-l15856.html
zara-us:42316149,category:199c414d594fdc90,https://www.zara.com/us/en/home-new-collection-l15856.html
zara-us:42318149,category:199c414d594fdc90,https://www.zara.com/us/en/home-new-collection-l15856.html
zara-us:46256041,category:199c414d594fdc90,https://www.zara.com/us/en/home-new-collection-l15856.html
zara-us:12800800,category:199c414d594fdc90,https://www.zara.com/us/en/home-new-collection-l15856.html
zara-us:46382008,category:199c414d594fdc90,https://www.zara.com/us/en/home-new-collection-l15856.html
zara-us:48388054,category:199c414d594fdc90,https://www.zara.com/us/en/home-new-collection-l15856.html
zara-us:42820049,category:199c414d594fdc90,https://www.zara.com/us/en/home-new-collection-l15856.html
zara-us:46309045,category:199c414d594fdc90,https://www.zara.com/us/en/home-new-collection-l15856.html
zara-us:43367046,category:199c414d594fdc90,https://www.zara.com/us/en/home-new-collection-l15856.html
zara-us:card-573325825,category:199c414d594fdc90,https://www.zara.com/us/en/home-new-collection-l15856.html
zara-us:48384073,category:199c414d594fdc90,https://www.zara.com/us/en/home-new-collection-l15856.html
zara-us:11316700,category:199c414d594fdc90,https://www.zara.com/us/en/home-new-collection-l15856.html
zara-us:card-573333297,category:199c414d594fdc90,https://www.zara.com/us/en/home-new-collection-l15856.html
zara-us:01095888,category:651987f04e3dd3b9,https://www.zara.com/us/en/kids-boy-l173.html
zara-us:06224881,category:651987f04e3dd3b9,https://www.zara.com/us/en/kids-boy-l173.html
zara-us:06224853,category:651987f04e3dd3b9,https://www.zara.com/us/en/kids-boy-l173.html
zara-us:06224787,category:651987f04e3dd3b9,https://www.zara.com/us/en/kids-boy-l173.html
zara-us:03854827,category:651987f04e3dd3b9,https://www.zara.com/us/en/kids-boy-l173.html
zara-us:04302704,category:651987f04e3dd3b9,https://www.zara.com/us/en/kids-boy-l173.html
zara-us:01390600,category:651987f04e3dd3b9,https://www.zara.com/us/en/kids-boy-l173.html
zara-us:03854768,category:651987f04e3dd3b9,https://www.zara.com/us/en/kids-boy-l173.html
zara-us:00039725,category:651987f04e3dd3b9,https://www.zara.com/us/en/kids-boy-l173.html
zara-us:04410760,category:651987f04e3dd3b9,https://www.zara.com/us/en/kids-boy-l173.html
zara-us:00039678,category:651987f04e3dd3b9,https://www.zara.com/us/en/kids-boy-l173.html
zara-us:05059650,category:651987f04e3dd3b9,https://www.zara.com/us/en/kids-boy-l173.html
zara-us:03854736,category:651987f04e3dd3b9,https://www.zara.com/us/en/kids-boy-l173.html
zara-us:01879705,category:651987f04e3dd3b9,https://www.zara.com/us/en/kids-boy-l173.html
zara-us:01880672,category:651987f04e3dd3b9,https://www.zara.com/us/en/kids-boy-l173.html
zara-us:03854766,category:651987f04e3dd3b9,https://www.zara.com/us/en/kids-boy-l173.html
zara-us:01608750,category:651987f04e3dd3b9,https://www.zara.com/us/en/kids-boy-l173.html
zara-us:03854870,category:651987f04e3dd3b9,https://www.zara.com/us/en/kids-boy-l173.html
zara-us:00039676,category:651987f04e3dd3b9,https://www.zara.com/us/en/kids-boy-l173.html
zara-us:03183765,category:651987f04e3dd3b9,https://www.zara.com/us/en/kids-boy-l173.html
zara-us:01880763,category:651987f04e3dd3b9,https://www.zara.com/us/en/kids-boy-l173.html
zara-us:01887772,category:651987f04e3dd3b9,https://www.zara.com/us/en/kids-boy-l173.html
zara-us:05992761,category:651987f04e3dd3b9,https://www.zara.com/us/en/kids-boy-l173.html
zara-us:04410761,category:651987f04e3dd3b9,https://www.zara.com/us/en/kids-boy-l173.html
zara-us:04805705,category:651987f04e3dd3b9,https://www.zara.com/us/en/kids-boy-l173.html
zara-us:09959734,category:651987f04e3dd3b9,https://www.zara.com/us/en/kids-boy-l173.html
zara-us:03443702,category:651987f04e3dd3b9,https://www.zara.com/us/en/kids-boy-l173.html
zara-us:01608751,category:651987f04e3dd3b9,https://www.zara.com/us/en/kids-boy-l173.html
zara-us:05247638,category:651987f04e3dd3b9,https://www.zara.com/us/en/kids-boy-l173.html
zara-us:01630999,category:651987f04e3dd3b9,https://www.zara.com/us/en/kids-boy-l173.html
zara-us:01887773,category:651987f04e3dd3b9,https://www.zara.com/us/en/kids-boy-l173.html
zara-us:09959760,category:651987f04e3dd3b9,https://www.zara.com/us/en/kids-boy-l173.html
zara-us:05536717,category:651987f04e3dd3b9,https://www.zara.com/us/en/kids-boy-l173.html
zara-us:05644550,category:651987f04e3dd3b9,https://www.zara.com/us/en/kids-boy-l173.html
zara-us:01095702,category:651987f04e3dd3b9,https://www.zara.com/us/en/kids-boy-l173.html
zara-us:05644439,category:651987f04e3dd3b9,https://www.zara.com/us/en/kids-boy-l173.html
zara-us:08054693,category:651987f04e3dd3b9,https://www.zara.com/us/en/kids-boy-l173.html
zara-us:03854615,category:651987f04e3dd3b9,https://www.zara.com/us/en/kids-boy-l173.html
zara-us:04110700,category:651987f04e3dd3b9,https://www.zara.com/us/en/kids-boy-l173.html
zara-us:06917754,category:651987f04e3dd3b9,https://www.zara.com/us/en/kids-boy-l173.html
zara-us:01879703,category:651987f04e3dd3b9,https://www.zara.com/us/en/kids-boy-l173.html
zara-us:01887702,category:651987f04e3dd3b9,https://www.zara.com/us/en/kids-boy-l173.html
zara-us:05644754,category:651987f04e3dd3b9,https://www.zara.com/us/en/kids-boy-l173.html
zara-us:01880678,category:651987f04e3dd3b9,https://www.zara.com/us/en/kids-boy-l173.html
zara-us:01887783,category:651987f04e3dd3b9,https://www.zara.com/us/en/kids-boy-l173.html
zara-us:04110701,category:651987f04e3dd3b9,https://www.zara.com/us/en/kids-boy-l173.html
zara-us:07446922,category:651987f04e3dd3b9,https://www.zara.com/us/en/kids-boy-l173.html
zara-us:00722605,category:651987f04e3dd3b9,https://www.zara.com/us/en/kids-boy-l173.html
zara-us:03183601,category:651987f04e3dd3b9,https://www.zara.com/us/en/kids-boy-l173.html
zara-us:06855700,category:651987f04e3dd3b9,https://www.zara.com/us/en/kids-boy-l173.html
zara-us:01887707,category:651987f04e3dd3b9,https://www.zara.com/us/en/kids-boy-l173.html
zara-us:01887704,category:651987f04e3dd3b9,https://www.zara.com/us/en/kids-boy-l173.html
zara-us:03777608,category:651987f04e3dd3b9,https://www.zara.com/us/en/kids-boy-l173.html
zara-us:04110710,category:651987f04e3dd3b9,https://www.zara.com/us/en/kids-boy-l173.html
zara-us:03918761,category:651987f04e3dd3b9,https://www.zara.com/us/en/kids-boy-l173.html
zara-us:03854742,category:651987f04e3dd3b9,https://www.zara.com/us/en/kids-boy-l173.html
zara-us:09959740,category:651987f04e3dd3b9,https://www.zara.com/us/en/kids-boy-l173.html
zara-us:09959761,category:651987f04e3dd3b9,https://www.zara.com/us/en/kids-boy-l173.html
zara-us:03854677,category:651987f04e3dd3b9,https://www.zara.com/us/en/kids-boy-l173.html
zara-us:06786600,category:651987f04e3dd3b9,https://www.zara.com/us/en/kids-boy-l173.html
zara-us:03183405,category:651987f04e3dd3b9,https://www.zara.com/us/en/kids-boy-l173.html
zara-us:04729740,category:651987f04e3dd3b9,https://www.zara.com/us/en/kids-boy-l173.html
zara-us:04805667,category:651987f04e3dd3b9,https://www.zara.com/us/en/kids-boy-l173.html
zara-us:03854686,category:651987f04e3dd3b9,https://www.zara.com/us/en/kids-boy-l173.html
zara-us:03854728,category:651987f04e3dd3b9,https://www.zara.com/us/en/kids-boy-l173.html
zara-us:06216700,category:651987f04e3dd3b9,https://www.zara.com/us/en/kids-boy-l173.html
zara-us:05536726,category:651987f04e3dd3b9,https://www.zara.com/us/en/kids-boy-l173.html
zara-us:01390602,category:651987f04e3dd3b9,https://www.zara.com/us/en/kids-boy-l173.html
zara-us:05431782,category:651987f04e3dd3b9,https://www.zara.com/us/en/kids-boy-l173.html
zara-us:03183600,category:651987f04e3dd3b9,https://www.zara.com/us/en/kids-boy-l173.html
zara-us:04174773,category:651987f04e3dd3b9,https://www.zara.com/us/en/kids-boy-l173.html
zara-us:05644766,category:651987f04e3dd3b9,https://www.zara.com/us/en/kids-boy-l173.html
zara-us:05247639,category:651987f04e3dd3b9,https://www.zara.com/us/en/kids-boy-l173.html
zara-us:05992676,category:651987f04e3dd3b9,https://www.zara.com/us/en/kids-boy-l173.html
zara-us:06186702,category:651987f04e3dd3b9,https://www.zara.com/us/en/kids-boy-l173.html
zara-us:04441709,category:651987f04e3dd3b9,https://www.zara.com/us/en/kids-boy-l173.html
zara-us:04745672,category:651987f04e3dd3b9,https://www.zara.com/us/en/kids-boy-l173.html
zara-us:04110709,category:651987f04e3dd3b9,https://www.zara.com/us/en/kids-boy-l173.html
zara-us:01887705,category:651987f04e3dd3b9,https://www.zara.com/us/en/kids-boy-l173.html
zara-us:03471644,category:651987f04e3dd3b9,https://www.zara.com/us/en/kids-boy-l173.html
zara-us:00935771,category:651987f04e3dd3b9,https://www.zara.com/us/en/kids-boy-l173.html
zara-us:06216618,category:651987f04e3dd3b9,https://www.zara.com/us/en/kids-boy-l173.html
zara-us:01879708,category:651987f04e3dd3b9,https://www.zara.com/us/en/kids-boy-l173.html
zara-us:04174772,category:651987f04e3dd3b9,https://www.zara.com/us/en/kids-boy-l173.html
zara-us:04410783,category:651987f04e3dd3b9,https://www.zara.com/us/en/kids-boy-l173.html
zara-us:03854662,category:651987f04e3dd3b9,https://www.zara.com/us/en/kids-boy-l173.html
zara-us:04410782,category:651987f04e3dd3b9,https://www.zara.com/us/en/kids-boy-l173.html
zara-us:01733677,category:651987f04e3dd3b9,https://www.zara.com/us/en/kids-boy-l173.html
zara-us:04805783,category:651987f04e3dd3b9,https://www.zara.com/us/en/kids-boy-l173.html
zara-us:04456662,category:651987f04e3dd3b9,https://www.zara.com/us/en/kids-boy-l173.html
zara-us:03183745,category:651987f04e3dd3b9,https://www.zara.com/us/en/kids-boy-l173.html
zara-us:00039762,category:651987f04e3dd3b9,https://www.zara.com/us/en/kids-boy-l173.html
zara-us:03854678,category:651987f04e3dd3b9,https://www.zara.com/us/en/kids-boy-l173.html
zara-us:04729764,category:651987f04e3dd3b9,https://www.zara.com/us/en/kids-boy-l173.html
zara-us:03854792,category:651987f04e3dd3b9,https://www.zara.com/us/en/kids-boy-l173.html
zara-us:05644761,category:651987f04e3dd3b9,https://www.zara.com/us/en/kids-boy-l173.html
zara-us:04433700,category:651987f04e3dd3b9,https://www.zara.com/us/en/kids-boy-l173.html
zara-us:03854759,category:651987f04e3dd3b9,https://www.zara.com/us/en/kids-boy-l173.html
zara-us:01063851,category:651987f04e3dd3b9,https://www.zara.com/us/en/kids-boy-l173.html
zara-us:04323760,category:651987f04e3dd3b9,https://www.zara.com/us/en/kids-boy-l173.html
zara-us:05854761,category:651987f04e3dd3b9,https://www.zara.com/us/en/kids-boy-l173.html
zara-us:06224799,category:651987f04e3dd3b9,https://www.zara.com/us/en/kids-boy-l173.html
zara-us:06224795,category:651987f04e3dd3b9,https://www.zara.com/us/en/kids-boy-l173.html
zara-us:04456718,category:651987f04e3dd3b9,https://www.zara.com/us/en/kids-boy-l173.html
zara-us:06917608,category:651987f04e3dd3b9,https://www.zara.com/us/en/kids-boy-l173.html
zara-us:00088771,category:651987f04e3dd3b9,https://www.zara.com/us/en/kids-boy-l173.html
zara-us:04441700,category:651987f04e3dd3b9,https://www.zara.com/us/en/kids-boy-l173.html
zara-us:00653594,category:651987f04e3dd3b9,https://www.zara.com/us/en/kids-boy-l173.html
zara-us:14502830,category:651987f04e3dd3b9,https://www.zara.com/us/en/kids-boy-l173.html
zara-us:14102830,category:651987f04e3dd3b9,https://www.zara.com/us/en/kids-boy-l173.html
zara-us:14506730,category:651987f04e3dd3b9,https://www.zara.com/us/en/kids-boy-l173.html
zara-us:05059748,category:651987f04e3dd3b9,https://www.zara.com/us/en/kids-boy-l173.html
zara-us:14506830,category:651987f04e3dd3b9,https://www.zara.com/us/en/kids-boy-l173.html
zara-us:06068566,category:651987f04e3dd3b9,https://www.zara.com/us/en/kids-boy-l173.html
zara-us:14508830,category:651987f04e3dd3b9,https://www.zara.com/us/en/kids-boy-l173.html
zara-us:04934549,category:651987f04e3dd3b9,https://www.zara.com/us/en/kids-boy-l173.html
zara-us:04934796,category:651987f04e3dd3b9,https://www.zara.com/us/en/kids-boy-l173.html
zara-us:11480830,category:651987f04e3dd3b9,https://www.zara.com/us/en/kids-boy-l173.html
zara-us:11481830,category:651987f04e3dd3b9,https://www.zara.com/us/en/kids-boy-l173.html
zara-us:07099794,category:651987f04e3dd3b9,https://www.zara.com/us/en/kids-boy-l173.html
zara-us:14106830,category:651987f04e3dd3b9,https://www.zara.com/us/en/kids-boy-l173.html
zara-us:04934599,category:651987f04e3dd3b9,https://www.zara.com/us/en/kids-boy-l173.html
zara-us:12343830,category:651987f04e3dd3b9,https://www.zara.com/us/en/kids-boy-l173.html
zara-us:04547745,category:651987f04e3dd3b9,https://www.zara.com/us/en/kids-boy-l173.html
zara-us:04934797,category:651987f04e3dd3b9,https://www.zara.com/us/en/kids-boy-l173.html
zara-us:14212830,category:651987f04e3dd3b9,https://www.zara.com/us/en/kids-boy-l173.html
zara-us:01296650,category:651987f04e3dd3b9,https://www.zara.com/us/en/kids-boy-l173.html
zara-us:14100830,category:651987f04e3dd3b9,https://www.zara.com/us/en/kids-boy-l173.html
zara-us:00653748,category:651987f04e3dd3b9,https://www.zara.com/us/en/kids-boy-l173.html
zara-us:14446830,category:651987f04e3dd3b9,https://www.zara.com/us/en/kids-boy-l173.html
zara-us:14330830,category:651987f04e3dd3b9,https://www.zara.com/us/en/kids-boy-l173.html
zara-us:04745671,category:651987f04e3dd3b9,https://www.zara.com/us/en/kids-boy-l173.html
zara-us:06786950,category:651987f04e3dd3b9,https://www.zara.com/us/en/kids-boy-l173.html
zara-us:06224622,category:651987f04e3dd3b9,https://www.zara.com/us/en/kids-boy-l173.html
zara-us:01880665,category:651987f04e3dd3b9,https://www.zara.com/us/en/kids-boy-l173.html
zara-us:14442830,category:651987f04e3dd3b9,https://www.zara.com/us/en/kids-boy-l173.html
zara-us:06318763,category:651987f04e3dd3b9,https://www.zara.com/us/en/kids-boy-l173.html
zara-us:05048703,category:651987f04e3dd3b9,https://www.zara.com/us/en/kids-boy-l173.html
zara-us:06208533,category:651987f04e3dd3b9,https://www.zara.com/us/en/kids-boy-l173.html
zara-us:03471650,category:651987f04e3dd3b9,https://www.zara.com/us/en/kids-boy-l173.html
zara-us:00935720,category:651987f04e3dd3b9,https://www.zara.com/us/en/kids-boy-l173.html
zara-us:00039589,category:651987f04e3dd3b9,https://www.zara.com/us/en/kids-boy-l173.html
zara-us:03992660,category:651987f04e3dd3b9,https://www.zara.com/us/en/kids-boy-l173.html
zara-us:01630600,category:651987f04e3dd3b9,https://www.zara.com/us/en/kids-boy-l173.html
zara-us:05431761,category:651987f04e3dd3b9,https://www.zara.com/us/en/kids-boy-l173.html
zara-us:05431760,category:651987f04e3dd3b9,https://www.zara.com/us/en/kids-boy-l173.html
zara-us:03854622,category:651987f04e3dd3b9,https://www.zara.com/us/en/kids-boy-l173.html
zara-us:14400830,category:651987f04e3dd3b9,https://www.zara.com/us/en/kids-boy-l173.html
zara-us:04770767,category:651987f04e3dd3b9,https://www.zara.com/us/en/kids-boy-l173.html
zara-us:06224806,category:651987f04e3dd3b9,https://www.zara.com/us/en/kids-boy-l173.html
zara-us:03183680,category:651987f04e3dd3b9,https://www.zara.com/us/en/kids-boy-l173.html
zara-us:03992762,category:651987f04e3dd3b9,https://www.zara.com/us/en/kids-boy-l173.html
zara-us:20310482,category:651987f04e3dd3b9,https://www.zara.com/us/en/kids-boy-l173.html
zara-us:02496562,category:651987f04e3dd3b9,https://www.zara.com/us/en/kids-boy-l173.html
zara-us:06224662,category:651987f04e3dd3b9,https://www.zara.com/us/en/kids-boy-l173.html
zara-us:00362776,category:651987f04e3dd3b9,https://www.zara.com/us/en/kids-boy-l173.html
zara-us:14316830,category:651987f04e3dd3b9,https://www.zara.com/us/en/kids-boy-l173.html
zara-us:06224746,category:651987f04e3dd3b9,https://www.zara.com/us/en/kids-boy-l173.html
zara-us:08054694,category:651987f04e3dd3b9,https://www.zara.com/us/en/kids-boy-l173.html
zara-us:04729673,category:651987f04e3dd3b9,https://www.zara.com/us/en/kids-boy-l173.html
zara-us:07878724,category:651987f04e3dd3b9,https://www.zara.com/us/en/kids-boy-l173.html
zara-us:04456794,category:651987f04e3dd3b9,https://www.zara.com/us/en/kids-boy-l173.html
zara-us:03854675,category:651987f04e3dd3b9,https://www.zara.com/us/en/kids-boy-l173.html
zara-us:01879700,category:651987f04e3dd3b9,https://www.zara.com/us/en/kids-boy-l173.html
zara-us:06917988,category:651987f04e3dd3b9,https://www.zara.com/us/en/kids-boy-l173.html
zara-us:05536724,category:651987f04e3dd3b9,https://www.zara.com/us/en/kids-boy-l173.html
zara-us:00653593,category:651987f04e3dd3b9,https://www.zara.com/us/en/kids-boy-l173.html
zara-us:04805664,category:651987f04e3dd3b9,https://www.zara.com/us/en/kids-boy-l173.html
zara-us:06887490,category:651987f04e3dd3b9,https://www.zara.com/us/en/kids-boy-l173.html
zara-us:04110704,category:651987f04e3dd3b9,https://www.zara.com/us/en/kids-boy-l173.html
zara-us:01887715,category:651987f04e3dd3b9,https://www.zara.com/us/en/kids-boy-l173.html
zara-us:06068569,category:651987f04e3dd3b9,https://www.zara.com/us/en/kids-boy-l173.html
zara-us:06186712,category:651987f04e3dd3b9,https://www.zara.com/us/en/kids-boy-l173.html
zara-us:03443701,category:651987f04e3dd3b9,https://www.zara.com/us/en/kids-boy-l173.html
zara-us:06917766,category:651987f04e3dd3b9,https://www.zara.com/us/en/kids-boy-l173.html
zara-us:05854767,category:651987f04e3dd3b9,https://www.zara.com/us/en/kids-boy-l173.html
zara-us:00248796,category:651987f04e3dd3b9,https://www.zara.com/us/en/kids-boy-l173.html
zara-us:05665701,category:651987f04e3dd3b9,https://www.zara.com/us/en/kids-boy-l173.html
zara-us:04060701,category:651987f04e3dd3b9,https://www.zara.com/us/en/kids-boy-l173.html
zara-us:06224968,category:651987f04e3dd3b9,https://www.zara.com/us/en/kids-boy-l173.html
zara-us:01063600,category:651987f04e3dd3b9,https://www.zara.com/us/en/kids-boy-l173.html
zara-us:08073765,category:651987f04e3dd3b9,https://www.zara.com/us/en/kids-boy-l173.html
zara-us:04441705,category:651987f04e3dd3b9,https://www.zara.com/us/en/kids-boy-l173.html
zara-us:04770762,category:651987f04e3dd3b9,https://www.zara.com/us/en/kids-boy-l173.html
zara-us:08054695,category:651987f04e3dd3b9,https://www.zara.com/us/en/kids-boy-l173.html
zara-us:05431726,category:651987f04e3dd3b9,https://www.zara.com/us/en/kids-boy-l173.html
zara-us:05213795,category:651987f04e3dd3b9,https://www.zara.com/us/en/kids-boy-l173.html
zara-us:06224790,category:651987f04e3dd3b9,https://www.zara.com/us/en/kids-boy-l173.html
zara-us:07878691,category:651987f04e3dd3b9,https://www.zara.com/us/en/kids-boy-l173.html
zara-us:14472830,category:651987f04e3dd3b9,https://www.zara.com/us/en/kids-boy-l173.html
zara-us:06917767,category:651987f04e3dd3b9,https://www.zara.com/us/en/kids-boy-l173.html
zara-us:04302707,category:651987f04e3dd3b9,https://www.zara.com/us/en/kids-boy-l173.html
zara-us:05372702,category:651987f04e3dd3b9,https://www.zara.com/us/en/kids-boy-l173.html
zara-us:04729773,category:651987f04e3dd3b9,https://www.zara.com/us/en/kids-boy-l173.html
zara-us:00039771,category:651987f04e3dd3b9,https://www.zara.com/us/en/kids-boy-l173.html
zara-us:01880715,category:651987f04e3dd3b9,https://www.zara.com/us/en/kids-boy-l173.html
zara-us:20310397,category:651987f04e3dd3b9,https://www.zara.com/us/en/kids-boy-l173.html
zara-us:03854775,category:651987f04e3dd3b9,https://www.zara.com/us/en/kids-boy-l173.html
zara-us:05665749,category:651987f04e3dd3b9,https://www.zara.com/us/en/kids-boy-l173.html
zara-us:01880669,category:651987f04e3dd3b9,https://www.zara.com/us/en/kids-boy-l173.html
zara-us:14300830,category:651987f04e3dd3b9,https://www.zara.com/us/en/kids-boy-l173.html
zara-us:11442730,category:651987f04e3dd3b9,https://www.zara.com/us/en/kids-boy-l173.html
zara-us:06085775,category:651987f04e3dd3b9,https://www.zara.com/us/en/kids-boy-l173.html
zara-us:05536720,category:651987f04e3dd3b9,https://www.zara.com/us/en/kids-boy-l173.html
zara-us:03284703,category:651987f04e3dd3b9,https://www.zara.com/us/en/kids-boy-l173.html
zara-us:04333752,category:651987f04e3dd3b9,https://www.zara.com/us/en/kids-boy-l173.html
zara-us:07099790,category:651987f04e3dd3b9,https://www.zara.com/us/en/kids-boy-l173.html
zara-us:01630601,category:651987f04e3dd3b9,https://www.zara.com/us/en/kids-boy-l173.html
zara-us:01095704,category:651987f04e3dd3b9,https://www.zara.com/us/en/kids-boy-l173.html
zara-us:01879608,category:651987f04e3dd3b9,https://www.zara.com/us/en/kids-boy-l173.html
zara-us:03854679,category:651987f04e3dd3b9,https://www.zara.com/us/en/kids-boy-l173.html
zara-us:02005706,category:651987f04e3dd3b9,https://www.zara.com/us/en/kids-boy-l173.html
zara-us:06068790,category:651987f04e3dd3b9,https://www.zara.com/us/en/kids-boy-l173.html
zara-us:04701699,category:651987f04e3dd3b9,https://www.zara.com/us/en/kids-boy-l173.html
zara-us:04805810,category:651987f04e3dd3b9,https://www.zara.com/us/en/kids-boy-l173.html
zara-us:04805762,category:651987f04e3dd3b9,https://www.zara.com/us/en/kids-boy-l173.html
zara-us:08501674,category:651987f04e3dd3b9,https://www.zara.com/us/en/kids-boy-l173.html
zara-us:05213794,category:651987f04e3dd3b9,https://www.zara.com/us/en/kids-boy-l173.html
zara-us:08501675,category:651987f04e3dd3b9,https://www.zara.com/us/en/kids-boy-l173.html
zara-us:20310428,category:651987f04e3dd3b9,https://www.zara.com/us/en/kids-boy-l173.html
zara-us:01698763,category:651987f04e3dd3b9,https://www.zara.com/us/en/kids-boy-l173.html
zara-us:04365601,category:651987f04e3dd3b9,https://www.zara.com/us/en/kids-boy-l173.html
zara-us:08614700,category:651987f04e3dd3b9,https://www.zara.com/us/en/kids-boy-l173.html
zara-us:01879706,category:651987f04e3dd3b9,https://www.zara.com/us/en/kids-boy-l173.html
zara-us:02005700,category:651987f04e3dd3b9,https://www.zara.com/us/en/kids-boy-l173.html
zara-us:04110722,category:651987f04e3dd3b9,https://www.zara.com/us/en/kids-boy-l173.html
zara-us:08054692,category:651987f04e3dd3b9,https://www.zara.com/us/en/kids-boy-l173.html
zara-us:04333501,category:651987f04e3dd3b9,https://www.zara.com/us/en/kids-boy-l173.html
zara-us:06208772,category:651987f04e3dd3b9,https://www.zara.com/us/en/kids-boy-l173.html
zara-us:01554574,category:651987f04e3dd3b9,https://www.zara.com/us/en/kids-boy-l173.html
zara-us:01554596,category:651987f04e3dd3b9,https://www.zara.com/us/en/kids-boy-l173.html
zara-us:06208601,category:651987f04e3dd3b9,https://www.zara.com/us/en/kids-boy-l173.html
zara-us:01887782,category:651987f04e3dd3b9,https://www.zara.com/us/en/kids-boy-l173.html
zara-us:14318830,category:651987f04e3dd3b9,https://www.zara.com/us/en/kids-boy-l173.html
zara-us:12303830,category:651987f04e3dd3b9,https://www.zara.com/us/en/kids-boy-l173.html
zara-us:04456671,category:651987f04e3dd3b9,https://www.zara.com/us/en/kids-boy-l173.html
zara-us:06208697,category:651987f04e3dd3b9,https://www.zara.com/us/en/kids-boy-l173.html
zara-us:06208610,category:651987f04e3dd3b9,https://www.zara.com/us/en/kids-boy-l173.html
zara-us:03854786,category:651987f04e3dd3b9,https://www.zara.com/us/en/kids-boy-l173.html
zara-us:01733762,category:651987f04e3dd3b9,https://www.zara.com/us/en/kids-boy-l173.html
zara-us:09959706,category:651987f04e3dd3b9,https://www.zara.com/us/en/kids-boy-l173.html
zara-us:05643703,category:651987f04e3dd3b9,https://www.zara.com/us/en/kids-boy-l173.html
zara-us:14456830,category:651987f04e3dd3b9,https://www.zara.com/us/en/kids-boy-l173.html
zara-us:04333800,category:651987f04e3dd3b9,https://www.zara.com/us/en/kids-boy-l173.html
zara-us:03854758,category:651987f04e3dd3b9,https://www.zara.com/us/en/kids-boy-l173.html
zara-us:04302705,category:651987f04e3dd3b9,https://www.zara.com/us/en/kids-boy-l173.html
zara-us:04302701,category:651987f04e3dd3b9,https://www.zara.com/us/en/kids-boy-l173.html
zara-us:03854791,category:651987f04e3dd3b9,https://www.zara.com/us/en/kids-boy-l173.html
zara-us:20310458,category:651987f04e3dd3b9,https://www.zara.com/us/en/kids-boy-l173.html
zara-us:06208716,category:651987f04e3dd3b9,https://www.zara.com/us/en/kids-boy-l173.html
zara-us:01296652,category:651987f04e3dd3b9,https://www.zara.com/us/en/kids-boy-l173.html
zara-us:00653583,category:651987f04e3dd3b9,https://www.zara.com/us/en/kids-boy-l173.html
zara-us:00653653,category:651987f04e3dd3b9,https://www.zara.com/us/en/kids-boy-l173.html
zara-us:04729770,category:651987f04e3dd3b9,https://www.zara.com/us/en/kids-boy-l173.html
zara-us:02335786,category:651987f04e3dd3b9,https://www.zara.com/us/en/kids-boy-l173.html
zara-us:05431773,category:651987f04e3dd3b9,https://www.zara.com/us/en/kids-boy-l173.html
zara-us:04110603,category:651987f04e3dd3b9,https://www.zara.com/us/en/kids-boy-l173.html
zara-us:00036782,category:651987f04e3dd3b9,https://www.zara.com/us/en/kids-boy-l173.html
zara-us:07099684,category:651987f04e3dd3b9,https://www.zara.com/us/en/kids-boy-l173.html
zara-us:09959775,category:651987f04e3dd3b9,https://www.zara.com/us/en/kids-boy-l173.html
zara-us:01879702,category:651987f04e3dd3b9,https://www.zara.com/us/en/kids-boy-l173.html
zara-us:06208769,category:651987f04e3dd3b9,https://www.zara.com/us/en/kids-boy-l173.html
zara-us:06186707,category:651987f04e3dd3b9,https://www.zara.com/us/en/kids-boy-l173.html
zara-us:08614703,category:651987f04e3dd3b9,https://www.zara.com/us/en/kids-boy-l173.html
zara-us:05992763,category:651987f04e3dd3b9,https://www.zara.com/us/en/kids-boy-l173.html
zara-us:12445830,category:651987f04e3dd3b9,https://www.zara.com/us/en/kids-boy-l173.html
zara-us:05431696,category:651987f04e3dd3b9,https://www.zara.com/us/en/kids-boy-l173.html
zara-us:06224770,category:651987f04e3dd3b9,https://www.zara.com/us/en/kids-boy-l173.html
zara-us:06917760,category:651987f04e3dd3b9,https://www.zara.com/us/en/kids-boy-l173.html
zara-us:04110708,category:651987f04e3dd3b9,https://www.zara.com/us/en/kids-boy-l173.html
zara-us:05644799,category:651987f04e3dd3b9,https://www.zara.com/us/en/kids-boy-l173.html
zara-us:04805660,category:651987f04e3dd3b9,https://www.zara.com/us/en/kids-boy-l173.html
zara-us:05302761,category:651987f04e3dd3b9,https://www.zara.com/us/en/kids-boy-l173.html
zara-us:07446611,category:651987f04e3dd3b9,https://www.zara.com/us/en/kids-boy-l173.html
zara-us:07878812,category:651987f04e3dd3b9,https://www.zara.com/us/en/kids-boy-l173.html
zara-us:06208780,category:651987f04e3dd3b9,https://www.zara.com/us/en/kids-boy-l173.html
zara-us:00531658,category:651987f04e3dd3b9,https://www.zara.com/us/en/kids-boy-l173.html
zara-us:00039719,category:651987f04e3dd3b9,https://www.zara.com/us/en/kids-boy-l173.html
zara-us:05059749,category:651987f04e3dd3b9,https://www.zara.com/us/en/kids-boy-l173.html
zara-us:04302712,category:651987f04e3dd3b9,https://www.zara.com/us/en/kids-boy-l173.html
zara-us:06186709,category:651987f04e3dd3b9,https://www.zara.com/us/en/kids-boy-l173.html
zara-us:14504830,category:651987f04e3dd3b9,https://www.zara.com/us/en/kids-boy-l173.html
zara-us:02621600,category:651987f04e3dd3b9,https://www.zara.com/us/en/kids-boy-l173.html
zara-us:06216672,category:651987f04e3dd3b9,https://www.zara.com/us/en/kids-boy-l173.html
zara-us:01473764,category:651987f04e3dd3b9,https://www.zara.com/us/en/kids-boy-l173.html
zara-us:04676703,category:651987f04e3dd3b9,https://www.zara.com/us/en/kids-boy-l173.html
zara-us:00653584,category:651987f04e3dd3b9,https://www.zara.com/us/en/kids-boy-l173.html
zara-us:01821986,category:651987f04e3dd3b9,https://www.zara.com/us/en/kids-boy-l173.html
zara-us:00722668,category:651987f04e3dd3b9,https://www.zara.com/us/en/kids-boy-l173.html
zara-us:02335666,category:651987f04e3dd3b9,https://www.zara.com/us/en/kids-boy-l173.html
zara-us:06068567,category:651987f04e3dd3b9,https://www.zara.com/us/en/kids-boy-l173.html
zara-us:14402830,category:651987f04e3dd3b9,https://www.zara.com/us/en/kids-boy-l173.html
zara-us:04729774,category:651987f04e3dd3b9,https://www.zara.com/us/en/kids-boy-l173.html
zara-us:20310478,category:651987f04e3dd3b9,https://www.zara.com/us/en/kids-boy-l173.html
zara-us:00722708,category:651987f04e3dd3b9,https://www.zara.com/us/en/kids-boy-l173.html
zara-us:04456659,category:651987f04e3dd3b9,https://www.zara.com/us/en/kids-boy-l173.html
zara-us:05048762,category:651987f04e3dd3b9,https://www.zara.com/us/en/kids-boy-l173.html
zara-us:04934799,category:651987f04e3dd3b9,https://www.zara.com/us/en/kids-boy-l173.html
zara-us:07878755,category:651987f04e3dd3b9,https://www.zara.com/us/en/kids-boy-l173.html
zara-us:00935700,category:651987f04e3dd3b9,https://www.zara.com/us/en/kids-boy-l173.html
zara-us:11409830,category:651987f04e3dd3b9,https://www.zara.com/us/en/kids-boy-l173.html
zara-us:14524830,category:651987f04e3dd3b9,https://www.zara.com/us/en/kids-boy-l173.html
zara-us:09805681,category:651987f04e3dd3b9,https://www.zara.com/us/en/kids-boy-l173.html
zara-us:04729772,category:651987f04e3dd3b9,https://www.zara.com/us/en/kids-boy-l173.html
zara-us:14454830,category:651987f04e3dd3b9,https://www.zara.com/us/en/kids-boy-l173.html
zara-us:03183760,category:651987f04e3dd3b9,https://www.zara.com/us/en/kids-boy-l173.html
zara-us:06917860,category:651987f04e3dd3b9,https://www.zara.com/us/en/kids-boy-l173.html
zara-us:12410830,category:651987f04e3dd3b9,https://www.zara.com/us/en/kids-boy-l173.html
zara-us:05854712,category:651987f04e3dd3b9,https://www.zara.com/us/en/kids-boy-l173.html
zara-us:01957700,category:651987f04e3dd3b9,https://www.zara.com/us/en/kids-boy-l173.html
zara-us:05644727,category:651987f04e3dd3b9,https://www.zara.com/us/en/kids-boy-l173.html
zara-us:14434630,category:651987f04e3dd3b9,https://www.zara.com/us/en/kids-boy-l173.html
zara-us:07446735,category:651987f04e3dd3b9,https://www.zara.com/us/en/kids-boy-l173.html
zara-us:03918750,category:651987f04e3dd3b9,https://www.zara.com/us/en/kids-boy-l173.html
zara-us:06208659,category:651987f04e3dd3b9,https://www.zara.com/us/en/kids-boy-l173.html
zara-us:04805665,category:651987f04e3dd3b9,https://www.zara.com/us/en/kids-boy-l173.html
zara-us:06224738,category:651987f04e3dd3b9,https://www.zara.com/us/en/kids-boy-l173.html
zara-us:00722772,category:651987f04e3dd3b9,https://www.zara.com/us/en/kids-boy-l173.html
zara-us:05431635,category:651987f04e3dd3b9,https://www.zara.com/us/en/kids-boy-l173.html
zara-us:06208737,category:651987f04e3dd3b9,https://www.zara.com/us/en/kids-boy-l173.html
zara-us:09144660,category:651987f04e3dd3b9,https://www.zara.com/us/en/kids-boy-l173.html
zara-us:00362660,category:651987f04e3dd3b9,https://www.zara.com/us/en/kids-boy-l173.html
zara-us:03854831,category:651987f04e3dd3b9,https://www.zara.com/us/en/kids-boy-l173.html
zara-us:01733720,category:651987f04e3dd3b9,https://www.zara.com/us/en/kids-boy-l173.html
zara-us:01887724,category:651987f04e3dd3b9,https://www.zara.com/us/en/kids-boy-l173.html
zara-us:00039601,category:651987f04e3dd3b9,https://www.zara.com/us/en/kids-boy-l173.html
zara-us:01887706,category:651987f04e3dd3b9,https://www.zara.com/us/en/kids-boy-l173.html
zara-us:01887708,category:651987f04e3dd3b9,https://www.zara.com/us/en/kids-boy-l173.html
zara-us:08574799,category:651987f04e3dd3b9,https://www.zara.com/us/en/kids-boy-l173.html
zara-us:05767701,category:651987f04e3dd3b9,https://www.zara.com/us/en/kids-boy-l173.html
zara-us:07099797,category:651987f04e3dd3b9,https://www.zara.com/us/en/kids-boy-l173.html
zara-us:00036798,category:651987f04e3dd3b9,https://www.zara.com/us/en/kids-boy-l173.html
zara-us:04729778,category:651987f04e3dd3b9,https://www.zara.com/us/en/kids-boy-l173.html
zara-us:01390604,category:651987f04e3dd3b9,https://www.zara.com/us/en/kids-boy-l173.html
zara-us:05048682,category:651987f04e3dd3b9,https://www.zara.com/us/en/kids-boy-l173.html
zara-us:04456701,category:651987f04e3dd3b9,https://www.zara.com/us/en/kids-boy-l173.html
zara-us:11417830,category:651987f04e3dd3b9,https://www.zara.com/us/en/kids-boy-l173.html
zara-us:06917960,category:651987f04e3dd3b9,https://www.zara.com/us/en/kids-boy-l173.html
zara-us:card-545404789,category:651987f04e3dd3b9,https://www.zara.com/us/en/kids-boy-l173.html
zara-us:14458830,category:651987f04e3dd3b9,https://www.zara.com/us/en/kids-boy-l173.html
zara-us:11488830,category:651987f04e3dd3b9,https://www.zara.com/us/en/kids-boy-l173.html
zara-us:06169098,category:651987f04e3dd3b9,https://www.zara.com/us/en/kids-boy-l173.html
zara-us:06172106,category:651987f04e3dd3b9,https://www.zara.com/us/en/kids-boy-l173.html
zara-us:04441708,category:651987f04e3dd3b9,https://www.zara.com/us/en/kids-boy-l173.html
zara-us:08614702,category:651987f04e3dd3b9,https://www.zara.com/us/en/kids-boy-l173.html
zara-us:06325702,category:651987f04e3dd3b9,https://www.zara.com/us/en/kids-boy-l173.html
zara-us:00971870,category:651987f04e3dd3b9,https://www.zara.com/us/en/kids-boy-l173.html
zara-us:06085640,category:651987f04e3dd3b9,https://www.zara.com/us/en/kids-boy-l173.html
zara-us:01879799,category:651987f04e3dd3b9,https://www.zara.com/us/en/kids-boy-l173.html
zara-us:00722706,category:651987f04e3dd3b9,https://www.zara.com/us/en/kids-boy-l173.html
zara-us:03920746,category:651987f04e3dd3b9,https://www.zara.com/us/en/kids-boy-l173.html
zara-us:20310385,category:651987f04e3dd3b9,https://www.zara.com/us/en/kids-boy-l173.html
zara-us:14512830,category:651987f04e3dd3b9,https://www.zara.com/us/en/kids-boy-l173.html
zara-us:14340830,category:651987f04e3dd3b9,https://www.zara.com/us/en/kids-boy-l173.html
zara-us:07878623,category:651987f04e3dd3b9,https://www.zara.com/us/en/kids-boy-l173.html
zara-us:00039590,category:651987f04e3dd3b9,https://www.zara.com/us/en/kids-boy-l173.html
zara-us:card-562871189,category:651987f04e3dd3b9,https://www.zara.com/us/en/kids-boy-l173.html
zara-us:03854784,category:651987f04e3dd3b9,https://www.zara.com/us/en/kids-boy-l173.html
zara-us:03854741,category:651987f04e3dd3b9,https://www.zara.com/us/en/kids-boy-l173.html
zara-us:06224737,category:651987f04e3dd3b9,https://www.zara.com/us/en/kids-boy-l173.html
zara-us:14334830,category:651987f04e3dd3b9,https://www.zara.com/us/en/kids-boy-l173.html
zara-us:14104830,category:651987f04e3dd3b9,https://www.zara.com/us/en/kids-boy-l173.html
zara-us:14000830,category:651987f04e3dd3b9,https://www.zara.com/us/en/kids-boy-l173.html
zara-us:14324830,category:651987f04e3dd3b9,https://www.zara.com/us/en/kids-boy-l173.html
zara-us:14328830,category:651987f04e3dd3b9,https://www.zara.com/us/en/kids-boy-l173.html
zara-us:14444830,category:651987f04e3dd3b9,https://www.zara.com/us/en/kids-boy-l173.html
zara-us:14208830,category:651987f04e3dd3b9,https://www.zara.com/us/en/kids-boy-l173.html
zara-us:12331830,category:651987f04e3dd3b9,https://www.zara.com/us/en/kids-boy-l173.html
zara-us:07147607,category:651987f04e3dd3b9,https://www.zara.com/us/en/kids-boy-l173.html
zara-us:09805680,category:651987f04e3dd3b9,https://www.zara.com/us/en/kids-boy-l173.html
zara-us:07147701,category:651987f04e3dd3b9,https://www.zara.com/us/en/kids-boy-l173.html
zara-us:06224733,category:651987f04e3dd3b9,https://www.zara.com/us/en/kids-boy-l173.html
zara-us:06855704,category:651987f04e3dd3b9,https://www.zara.com/us/en/kids-boy-l173.html
zara-us:04302700,category:651987f04e3dd3b9,https://www.zara.com/us/en/kids-boy-l173.html
zara-us:06068556,category:651987f04e3dd3b9,https://www.zara.com/us/en/kids-boy-l173.html
zara-us:04547588,category:651987f04e3dd3b9,https://www.zara.com/us/en/kids-boy-l173.html
zara-us:01716715,category:651987f04e3dd3b9,https://www.zara.com/us/en/kids-boy-l173.html
zara-us:04456700,category:651987f04e3dd3b9,https://www.zara.com/us/en/kids-boy-l173.html
zara-us:06224966,category:651987f04e3dd3b9,https://www.zara.com/us/en/kids-boy-l173.html
zara-us:04805784,category:651987f04e3dd3b9,https://www.zara.com/us/en/kids-boy-l173.html
zara-us:00722711,category:651987f04e3dd3b9,https://www.zara.com/us/en/kids-boy-l173.html
zara-us:00653735,category:651987f04e3dd3b9,https://www.zara.com/us/en/kids-boy-l173.html
zara-us:14332830,category:651987f04e3dd3b9,https://www.zara.com/us/en/kids-boy-l173.html
zara-us:12202830,category:651987f04e3dd3b9,https://www.zara.com/us/en/kids-boy-l173.html
zara-us:14516830,category:651987f04e3dd3b9,https://www.zara.com/us/en/kids-boy-l173.html
zara-us:14468830,category:651987f04e3dd3b9,https://www.zara.com/us/en/kids-boy-l173.html
zara-us:11451830,category:651987f04e3dd3b9,https://www.zara.com/us/en/kids-boy-l173.html
zara-us:00653642,category:651987f04e3dd3b9,https://www.zara.com/us/en/kids-boy-l173.html
zara-us:04456561,category:651987f04e3dd3b9,https://www.zara.com/us/en/kids-boy-l173.html
zara-us:00653631,category:651987f04e3dd3b9,https://www.zara.com/us/en/kids-boy-l173.html
zara-us:04934548,category:651987f04e3dd3b9,https://www.zara.com/us/en/kids-boy-l173.html
zara-us:14310830,category:651987f04e3dd3b9,https://www.zara.com/us/en/kids-boy-l173.html
zara-us:14664830,category:651987f04e3dd3b9,https://www.zara.com/us/en/kids-boy-l173.html
zara-us:03920792,category:651987f04e3dd3b9,https://www.zara.com/us/en/kids-boy-l173.html
zara-us:06224682,category:651987f04e3dd3b9,https://www.zara.com/us/en/kids-boy-l173.html
zara-us:20310480,category:651987f04e3dd3b9,https://www.zara.com/us/en/kids-boy-l173.html
zara-us:20310383,category:651987f04e3dd3b9,https://www.zara.com/us/en/kids-boy-l173.html
zara-us:05584771,category:651987f04e3dd3b9,https://www.zara.com/us/en/kids-boy-l173.html
zara-us:05213792,category:651987f04e3dd3b9,https://www.zara.com/us/en/kids-boy-l173.html
zara-us:20310504,category:651987f04e3dd3b9,https://www.zara.com/us/en/kids-boy-l173.html
zara-us:05059798,category:651987f04e3dd3b9,https://www.zara.com/us/en/kids-boy-l173.html
zara-us:08501799,category:651987f04e3dd3b9,https://www.zara.com/us/en/kids-boy-l173.html
zara-us:08501797,category:651987f04e3dd3b9,https://www.zara.com/us/en/kids-boy-l173.html
zara-us:06224978,category:651987f04e3dd3b9,https://www.zara.com/us/en/kids-boy-l173.html
zara-us:01880675,category:651987f04e3dd3b9,https://www.zara.com/us/en/kids-boy-l173.html
zara-us:03443820,category:651987f04e3dd3b9,https://www.zara.com/us/en/kids-boy-l173.html
zara-us:08054766,category:651987f04e3dd3b9,https://www.zara.com/us/en/kids-boy-l173.html
zara-us:08054765,category:651987f04e3dd3b9,https://www.zara.com/us/en/kids-boy-l173.html
zara-us:01934601,category:651987f04e3dd3b9,https://www.zara.com/us/en/kids-boy-l173.html
zara-us:00036791,category:651987f04e3dd3b9,https://www.zara.com/us/en/kids-boy-l173.html
zara-us:07878672,category:651987f04e3dd3b9,https://www.zara.com/us/en/kids-boy-l173.html
zara-us:06224703,category:651987f04e3dd3b9,https://www.zara.com/us/en/kids-boy-l173.html
zara-us:04805630,category:651987f04e3dd3b9,https://www.zara.com/us/en/kids-boy-l173.html
zara-us:09959602,category:651987f04e3dd3b9,https://www.zara.com/us/en/kids-boy-l173.html
zara-us:07878671,category:651987f04e3dd3b9,https://www.zara.com/us/en/kids-boy-l173.html
zara-us:01473676,category:651987f04e3dd3b9,https://www.zara.com/us/en/kids-boy-l173.html
zara-us:04729741,category:651987f04e3dd3b9,https://www.zara.com/us/en/kids-boy-l173.html
zara-us:06224631,category:651987f04e3dd3b9,https://www.zara.com/us/en/kids-boy-l173.html
zara-us:06148099,category:651987f04e3dd3b9,https://www.zara.com/us/en/kids-boy-l173.html
zara-us:03443703,category:651987f04e3dd3b9,https://www.zara.com/us/en/kids-boy-l173.html
zara-us:14206830,category:651987f04e3dd3b9,https://www.zara.com/us/en/kids-boy-l173.html
zara-us:03854740,category:651987f04e3dd3b9,https://www.zara.com/us/en/kids-boy-l173.html
zara-us:06224646,category:651987f04e3dd3b9,https://www.zara.com/us/en/kids-boy-l173.html
zara-us:00294618,category:651987f04e3dd3b9,https://www.zara.com/us/en/kids-boy-l173.html
zara-us:00722770,category:651987f04e3dd3b9,https://www.zara.com/us/en/kids-boy-l173.html
zara-us:04805680,category:651987f04e3dd3b9,https://www.zara.com/us/en/kids-boy-l173.html
zara-us:05431661,category:651987f04e3dd3b9,https://www.zara.com/us/en/kids-boy-l173.html
zara-us:06224963,category:651987f04e3dd3b9,https://www.zara.com/us/en/kids-boy-l173.html
zara-us:06208620,category:651987f04e3dd3b9,https://www.zara.com/us/en/kids-boy-l173.html
zara-us:07878669,category:651987f04e3dd3b9,https://www.zara.com/us/en/kids-boy-l173.html
zara-us:00531649,category:651987f04e3dd3b9,https://www.zara.com/us/en/kids-boy-l173.html
zara-us:20310505,category:651987f04e3dd3b9,https://www.zara.com/us/en/kids-boy-l173.html
zara-us:14606830,category:651987f04e3dd3b9,https://www.zara.com/us/en/kids-boy-l173.html
zara-us:14602830,category:651987f04e3dd3b9,https://www.zara.com/us/en/kids-boy-l173.html
zara-us:03443700,category:651987f04e3dd3b9,https://www.zara.com/us/en/kids-boy-l173.html
zara-us:01698762,category:651987f04e3dd3b9,https://www.zara.com/us/en/kids-boy-l173.html
zara-us:05755607,category:651987f04e3dd3b9,https://www.zara.com/us/en/kids-boy-l173.html
zara-us:06114408,category:651987f04e3dd3b9,https://www.zara.com/us/en/kids-boy-l173.html
zara-us:06107409,category:651987f04e3dd3b9,https://www.zara.com/us/en/kids-boy-l173.html
zara-us:12441830,category:651987f04e3dd3b9,https://www.zara.com/us/en/kids-boy-l173.html
zara-us:06186717,category:651987f04e3dd3b9,https://www.zara.com/us/en/kids-boy-l173.html
zara-us:04302706,category:651987f04e3dd3b9,https://www.zara.com/us/en/kids-boy-l173.html
zara-us:06186705,category:651987f04e3dd3b9,https://www.zara.com/us/en/kids-boy-l173.html
zara-us:03854789,category:651987f04e3dd3b9,https://www.zara.com/us/en/kids-boy-l173.html
zara-us:03854620,category:651987f04e3dd3b9,https://www.zara.com/us/en/kids-boy-l173.html
zara-us:06224734,category:651987f04e3dd3b9,https://www.zara.com/us/en/kids-boy-l173.html
zara-us:06224709,category:651987f04e3dd3b9,https://www.zara.com/us/en/kids-boy-l173.html
zara-us:04729771,category:651987f04e3dd3b9,https://www.zara.com/us/en/kids-boy-l173.html
zara-us:06208735,category:651987f04e3dd3b9,https://www.zara.com/us/en/kids-boy-l173.html
zara-us:05431893,category:651987f04e3dd3b9,https://www.zara.com/us/en/kids-boy-l173.html
zara-us:05767708,category:651987f04e3dd3b9,https://www.zara.com/us/en/kids-boy-l173.html
zara-us:03854314,category:651987f04e3dd3b9,https://www.zara.com/us/en/kids-boy-l173.html
zara-us:03854771,category:651987f04e3dd3b9,https://www.zara.com/us/en/kids-boy-l173.html
zara-us:05048761,category:651987f04e3dd3b9,https://www.zara.com/us/en/kids-boy-l173.html
zara-us:05536606,category:651987f04e3dd3b9,https://www.zara.com/us/en/kids-boy-l173.html
zara-us:12321630,category:651987f04e3dd3b9,https://www.zara.com/us/en/kids-boy-l173.html
zara-us:06855702,category:651987f04e3dd3b9,https://www.zara.com/us/en/kids-boy-l173.html
zara-us:09007001,category:651987f04e3dd3b9,https://www.zara.com/us/en/kids-boy-l173.html
zara-us:06186700,category:651987f04e3dd3b9,https://www.zara.com/us/en/kids-boy-l173.html
zara-us:06186704,category:651987f04e3dd3b9,https://www.zara.com/us/en/kids-boy-l173.html
zara-us:06067802,category:651987f04e3dd3b9,https://www.zara.com/us/en/kids-boy-l173.html
zara-us:01659802,category:651987f04e3dd3b9,https://www.zara.com/us/en/kids-boy-l173.html
zara-us:14452830,category:651987f04e3dd3b9,https://www.zara.com/us/en/kids-boy-l173.html
zara-us:14448830,category:651987f04e3dd3b9,https://www.zara.com/us/en/kids-boy-l173.html
zara-us:06917921,category:651987f04e3dd3b9,https://www.zara.com/us/en/kids-boy-l173.html
zara-us:04302709,category:651987f04e3dd3b9,https://www.zara.com/us/en/kids-boy-l173.html
zara-us:card-582828061,category:651987f04e3dd3b9,https://www.zara.com/us/en/kids-boy-l173.html
zara-us:07446600,category:651987f04e3dd3b9,https://www.zara.com/us/en/kids-boy-l173.html
zara-us:12411830,category:651987f04e3dd3b9,https://www.zara.com/us/en/kids-boy-l173.html
zara-us:08501679,category:651987f04e3dd3b9,https://www.zara.com/us/en/kids-boy-l173.html
zara-us:07878838,category:651987f04e3dd3b9,https://www.zara.com/us/en/kids-boy-l173.html
zara-us:05767704,category:651987f04e3dd3b9,https://www.zara.com/us/en/kids-boy-l173.html
zara-us:00653656,category:651987f04e3dd3b9,https://www.zara.com/us/en/kids-boy-l173.html
zara-us:05048680,category:651987f04e3dd3b9,https://www.zara.com/us/en/kids-boy-l173.html
zara-us:01880682,category:651987f04e3dd3b9,https://www.zara.com/us/en/kids-boy-l173.html
zara-us:06186703,category:651987f04e3dd3b9,https://www.zara.com/us/en/kids-boy-l173.html
zara-us:06858703,category:651987f04e3dd3b9,https://www.zara.com/us/en/kids-boy-l173.html
zara-us:11400830,category:651987f04e3dd3b9,https://www.zara.com/us/en/kids-boy-l173.html
zara-us:03854919,category:651987f04e3dd3b9,https://www.zara.com/us/en/kids-boy-l173.html
zara-us:01165745,category:651987f04e3dd3b9,https://www.zara.com/us/en/kids-boy-l173.html
zara-us:06208688,category:651987f04e3dd3b9,https://www.zara.com/us/en/kids-boy-l173.html
zara-us:04110717,category:651987f04e3dd3b9,https://www.zara.com/us/en/kids-boy-l173.html
zara-us:01880700,category:651987f04e3dd3b9,https://www.zara.com/us/en/kids-boy-l173.html
zara-us:05665748,category:651987f04e3dd3b9,https://www.zara.com/us/en/kids-boy-l173.html
zara-us:01880667,category:651987f04e3dd3b9,https://www.zara.com/us/en/kids-boy-l173.html
zara-us:03920639,category:651987f04e3dd3b9,https://www.zara.com/us/en/kids-boy-l173.html
zara-us:20310443,category:651987f04e3dd3b9,https://www.zara.com/us/en/kids-boy-l173.html
zara-us:04479749,category:651987f04e3dd3b9,https://www.zara.com/us/en/kids-boy-l173.html
zara-us:20310506,category:651987f04e3dd3b9,https://www.zara.com/us/en/kids-boy-l173.html
zara-us:11420830,category:651987f04e3dd3b9,https://www.zara.com/us/en/kids-boy-l173.html
zara-us:00039661,category:651987f04e3dd3b9,https://www.zara.com/us/en/kids-boy-l173.html
zara-us:05536729,category:651987f04e3dd3b9,https://www.zara.com/us/en/kids-boy-l173.html
zara-us:06658550,category:651987f04e3dd3b9,https://www.zara.com/us/en/kids-boy-l173.html
zara-us:11443730,category:651987f04e3dd3b9,https://www.zara.com/us/en/kids-boy-l173.html
zara-us:04676621,category:651987f04e3dd3b9,https://www.zara.com/us/en/kids-boy-l173.html
zara-us:00039660,category:651987f04e3dd3b9,https://www.zara.com/us/en/kids-boy-l173.html
zara-us:05302760,category:651987f04e3dd3b9,https://www.zara.com/us/en/kids-boy-l173.html
zara-us:07878670,category:651987f04e3dd3b9,https://www.zara.com/us/en/kids-boy-l173.html
zara-us:03284702,category:651987f04e3dd3b9,https://www.zara.com/us/en/kids-boy-l173.html
zara-us:09959777,category:651987f04e3dd3b9,https://www.zara.com/us/en/kids-boy-l173.html
zara-us:03739742,category:651987f04e3dd3b9,https://www.zara.com/us/en/kids-boy-l173.html
zara-us:05643651,category:651987f04e3dd3b9,https://www.zara.com/us/en/kids-boy-l173.html
zara-us:05431678,category:651987f04e3dd3b9,https://www.zara.com/us/en/kids-boy-l173.html
zara-us:04805782,category:651987f04e3dd3b9,https://www.zara.com/us/en/kids-boy-l173.html
zara-us:00962615,category:651987f04e3dd3b9,https://www.zara.com/us/en/kids-boy-l173.html
zara-us:07950634,category:651987f04e3dd3b9,https://www.zara.com/us/en/kids-boy-l173.html
zara-us:06224633,category:651987f04e3dd3b9,https://www.zara.com/us/en/kids-boy-l173.html
zara-us:09144682,category:651987f04e3dd3b9,https://www.zara.com/us/en/kids-boy-l173.html
zara-us:06224692,category:651987f04e3dd3b9,https://www.zara.com/us/en/kids-boy-l173.html
zara-us:01296651,category:651987f04e3dd3b9,https://www.zara.com/us/en/kids-boy-l173.html
zara-us:01887810,category:651987f04e3dd3b9,https://www.zara.com/us/en/kids-boy-l173.html
zara-us:20310503,category:651987f04e3dd3b9,https://www.zara.com/us/en/kids-boy-l173.html
zara-us:06224659,category:651987f04e3dd3b9,https://www.zara.com/us/en/kids-boy-l173.html
zara-us:07878745,category:651987f04e3dd3b9,https://www.zara.com/us/en/kids-boy-l173.html
zara-us:06224681,category:651987f04e3dd3b9,https://www.zara.com/us/en/kids-boy-l173.html
zara-us:00653629,category:651987f04e3dd3b9,https://www.zara.com/us/en/kids-boy-l173.html
zara-us:09959675,category:651987f04e3dd3b9,https://www.zara.com/us/en/kids-boy-l173.html
zara-us:04729613,category:651987f04e3dd3b9,https://www.zara.com/us/en/kids-boy-l173.html
zara-us:08574797,category:651987f04e3dd3b9,https://www.zara.com/us/en/kids-boy-l173.html
zara-us:05644746,category:651987f04e3dd3b9,https://www.zara.com/us/en/kids-boy-l173.html
zara-us:06395554,category:651987f04e3dd3b9,https://www.zara.com/us/en/kids-boy-l173.html
zara-us:07878730,category:651987f04e3dd3b9,https://www.zara.com/us/en/kids-boy-l173.html
zara-us:06208781,category:651987f04e3dd3b9,https://www.zara.com/us/en/kids-boy-l173.html
zara-us:08054762,category:651987f04e3dd3b9,https://www.zara.com/us/en/kids-boy-l173.html
zara-us:06224820,category:651987f04e3dd3b9,https://www.zara.com/us/en/kids-boy-l173.html
zara-us:03854313,category:651987f04e3dd3b9,https://www.zara.com/us/en/kids-boy-l173.html
zara-us:01473634,category:651987f04e3dd3b9,https://www.zara.com/us/en/kids-boy-l173.html
zara-us:05431772,category:651987f04e3dd3b9,https://www.zara.com/us/en/kids-boy-l173.html
zara-us:03854787,category:651987f04e3dd3b9,https://www.zara.com/us/en/kids-boy-l173.html
zara-us:04547798,category:651987f04e3dd3b9,https://www.zara.com/us/en/kids-boy-l173.html
zara-us:05048763,category:651987f04e3dd3b9,https://www.zara.com/us/en/kids-boy-l173.html
zara-us:11440830,category:651987f04e3dd3b9,https://www.zara.com/us/en/kids-boy-l173.html
zara-us:11408830,category:651987f04e3dd3b9,https://www.zara.com/us/en/kids-boy-l173.html
zara-us:04729780,category:651987f04e3dd3b9,https://www.zara.com/us/en/kids-boy-l173.html
zara-us:02335590,category:651987f04e3dd3b9,https://www.zara.com/us/en/kids-boy-l173.html
zara-us:06224779,category:651987f04e3dd3b9,https://www.zara.com/us/en/kids-boy-l173.html
zara-us:08054703,category:651987f04e3dd3b9,https://www.zara.com/us/en/kids-boy-l173.html
zara-us:01821942,category:651987f04e3dd3b9,https://www.zara.com/us/en/kids-boy-l173.html
zara-us:06208630,category:651987f04e3dd3b9,https://www.zara.com/us/en/kids-boy-l173.html
zara-us:02235702,category:651987f04e3dd3b9,https://www.zara.com/us/en/kids-boy-l173.html
zara-us:07878425,category:651987f04e3dd3b9,https://www.zara.com/us/en/kids-boy-l173.html
zara-us:01165924,category:651987f04e3dd3b9,https://www.zara.com/us/en/kids-boy-l173.html
zara-us:05644699,category:651987f04e3dd3b9,https://www.zara.com/us/en/kids-boy-l173.html
zara-us:08054764,category:651987f04e3dd3b9,https://www.zara.com/us/en/kids-boy-l173.html
zara-us:02326711,category:651987f04e3dd3b9,https://www.zara.com/us/en/kids-boy-l173.html
zara-us:01554575,category:651987f04e3dd3b9,https://www.zara.com/us/en/kids-boy-l173.html
zara-us:05048765,category:651987f04e3dd3b9,https://www.zara.com/us/en/kids-boy-l173.html
zara-us:00722724,category:651987f04e3dd3b9,https://www.zara.com/us/en/kids-boy-l173.html
zara-us:04805681,category:651987f04e3dd3b9,https://www.zara.com/us/en/kids-boy-l173.html
zara-us:06208613,category:651987f04e3dd3b9,https://www.zara.com/us/en/kids-boy-l173.html
zara-us:06208607,category:651987f04e3dd3b9,https://www.zara.com/us/en/kids-boy-l173.html
zara-us:05431896,category:651987f04e3dd3b9,https://www.zara.com/us/en/kids-boy-l173.html
zara-us:00722692,category:651987f04e3dd3b9,https://www.zara.com/us/en/kids-boy-l173.html
zara-us:05767675,category:651987f04e3dd3b9,https://www.zara.com/us/en/kids-boy-l173.html
zara-us:04805697,category:651987f04e3dd3b9,https://www.zara.com/us/en/kids-boy-l173.html
zara-us:03854684,category:651987f04e3dd3b9,https://www.zara.com/us/en/kids-boy-l173.html
zara-us:00039761,category:651987f04e3dd3b9,https://www.zara.com/us/en/kids-boy-l173.html
zara-us:04456702,category:651987f04e3dd3b9,https://www.zara.com/us/en/kids-boy-l173.html
zara-us:00653703,category:651987f04e3dd3b9,https://www.zara.com/us/en/kids-boy-l173.html
zara-us:05213543,category:651987f04e3dd3b9,https://www.zara.com/us/en/kids-boy-l173.html
zara-us:00547799,category:651987f04e3dd3b9,https://www.zara.com/us/en/kids-boy-l173.html
zara-us:05213741,category:651987f04e3dd3b9,https://www.zara.com/us/en/kids-boy-l173.html
zara-us:20310427,category:651987f04e3dd3b9,https://www.zara.com/us/en/kids-boy-l173.html
zara-us:20310430,category:651987f04e3dd3b9,https://www.zara.com/us/en/kids-boy-l173.html
zara-us:06224680,category:651987f04e3dd3b9,https://www.zara.com/us/en/kids-boy-l173.html
zara-us:04770766,category:651987f04e3dd3b9,https://www.zara.com/us/en/kids-boy-l173.html
zara-us:06208778,category:651987f04e3dd3b9,https://www.zara.com/us/en/kids-boy-l173.html
zara-us:06068692,category:651987f04e3dd3b9,https://www.zara.com/us/en/kids-boy-l173.html
zara-us:07950502,category:651987f04e3dd3b9,https://www.zara.com/us/en/kids-boy-l173.html
zara-us:00722712,category:651987f04e3dd3b9,https://www.zara.com/us/en/kids-boy-l173.html
zara-us:05431662,category:651987f04e3dd3b9,https://www.zara.com/us/en/kids-boy-l173.html
zara-us:00722713,category:651987f04e3dd3b9,https://www.zara.com/us/en/kids-boy-l173.html
zara-us:00653648,category:651987f04e3dd3b9,https://www.zara.com/us/en/kids-boy-l173.html
zara-us:06224644,category:651987f04e3dd3b9,https://www.zara.com/us/en/kids-boy-l173.html
zara-us:05767603,category:651987f04e3dd3b9,https://www.zara.com/us/en/kids-boy-l173.html
zara-us:07878689,category:651987f04e3dd3b9,https://www.zara.com/us/en/kids-boy-l173.html
zara-us:00653700,category:651987f04e3dd3b9,https://www.zara.com/us/en/kids-boy-l173.html
zara-us:06068744,category:651987f04e3dd3b9,https://www.zara.com/us/en/kids-boy-l173.html
zara-us:01554746,category:651987f04e3dd3b9,https://www.zara.com/us/en/kids-boy-l173.html
zara-us:01554581,category:651987f04e3dd3b9,https://www.zara.com/us/en/kids-boy-l173.html
zara-us:05048764,category:651987f04e3dd3b9,https://www.zara.com/us/en/kids-boy-l173.html
zara-us:00935763,category:651987f04e3dd3b9,https://www.zara.com/us/en/kids-boy-l173.html
zara-us:12337830,category:651987f04e3dd3b9,https://www.zara.com/us/en/kids-boy-l173.html
zara-us:11418830,category:651987f04e3dd3b9,https://www.zara.com/us/en/kids-boy-l173.html
zara-us:07878703,category:651987f04e3dd3b9,https://www.zara.com/us/en/kids-boy-l173.html
zara-us:00009549,category:651987f04e3dd3b9,https://www.zara.com/us/en/kids-boy-l173.html
zara-us:11456830,category:651987f04e3dd3b9,https://www.zara.com/us/en/kids-boy-l173.html
zara-us:11467730,category:651987f04e3dd3b9,https://www.zara.com/us/en/kids-boy-l173.html
zara-us:06345961,category:651987f04e3dd3b9,https://www.zara.com/us/en/kids-boy-l173.html
zara-us:02496787,category:651987f04e3dd3b9,https://www.zara.com/us/en/kids-boy-l173.html
zara-us:14670730,category:651987f04e3dd3b9,https://www.zara.com/us/en/kids-boy-l173.html
zara-us:11410830,category:651987f04e3dd3b9,https://www.zara.com/us/en/kids-boy-l173.html
zara-us:14700830,category:651987f04e3dd3b9,https://www.zara.com/us/en/kids-boy-l173.html
zara-us:14604830,category:651987f04e3dd3b9,https://www.zara.com/us/en/kids-boy-l173.html
zara-us:20310376,category:651987f04e3dd3b9,https://www.zara.com/us/en/kids-boy-l173.html
zara-us:11416830,category:651987f04e3dd3b9,https://www.zara.com/us/en/kids-boy-l173.html
zara-us:07446610,category:651987f04e3dd3b9,https://www.zara.com/us/en/kids-boy-l173.html
zara-us:14526830,category:651987f04e3dd3b9,https://www.zara.com/us/en/kids-boy-l173.html
zara-us:00248760,category:651987f04e3dd3b9,https://www.zara.com/us/en/kids-boy-l173.html
zara-us:05854762,category:651987f04e3dd3b9,https://www.zara.com/us/en/kids-boy-l173.html
zara-us:05536764,category:651987f04e3dd3b9,https://www.zara.com/us/en/kids-boy-l173.html
zara-us:06224971,category:651987f04e3dd3b9,https://www.zara.com/us/en/kids-boy-l173.html
zara-us:01630700,category:651987f04e3dd3b9,https://www.zara.com/us/en/kids-boy-l173.html
zara-us:04323764,category:651987f04e3dd3b9,https://www.zara.com/us/en/kids-boy-l173.html
zara-us:09959875,category:651987f04e3dd3b9,https://www.zara.com/us/en/kids-boy-l173.html
zara-us:14460830,category:651987f04e3dd3b9,https://www.zara.com/us/en/kids-boy-l173.html
zara-us:20310371,category:651987f04e3dd3b9,https://www.zara.com/us/en/kids-boy-l173.html
zara-us:06208807,category:651987f04e3dd3b9,https://www.zara.com/us/en/kids-boy-l173.html
zara-us:06186701,category:651987f04e3dd3b9,https://www.zara.com/us/en/kids-boy-l173.html
zara-us:11446830,category:651987f04e3dd3b9,https://www.zara.com/us/en/kids-boy-l173.html
zara-us:06186708,category:651987f04e3dd3b9,https://www.zara.com/us/en/kids-boy-l173.html
zara-us:06208703,category:651987f04e3dd3b9,https://www.zara.com/us/en/kids-boy-l173.html
zara-us:14440830,category:651987f04e3dd3b9,https://www.zara.com/us/en/kids-boy-l173.html
zara-us:04729776,category:651987f04e3dd3b9,https://www.zara.com/us/en/kids-boy-l173.html
zara-us:05213745,category:651987f04e3dd3b9,https://www.zara.com/us/en/kids-boy-l173.html
zara-us:06208702,category:651987f04e3dd3b9,https://www.zara.com/us/en/kids-boy-l173.html
zara-us:06068792,category:651987f04e3dd3b9,https://www.zara.com/us/en/kids-boy-l173.html
zara-us:11474730,category:651987f04e3dd3b9,https://www.zara.com/us/en/kids-boy-l173.html
zara-us:00009550,category:651987f04e3dd3b9,https://www.zara.com/us/en/kids-boy-l173.html
zara-us:01473633,category:651987f04e3dd3b9,https://www.zara.com/us/en/kids-boy-l173.html
zara-us:06208727,category:651987f04e3dd3b9,https://www.zara.com/us/en/kids-boy-l173.html
zara-us:11467830,category:651987f04e3dd3b9,https://www.zara.com/us/en/kids-boy-l173.html
zara-us:06208810,category:651987f04e3dd3b9,https://www.zara.com/us/en/kids-boy-l173.html
zara-us:00653723,category:651987f04e3dd3b9,https://www.zara.com/us/en/kids-boy-l173.html
zara-us:04805825,category:651987f04e3dd3b9,https://www.zara.com/us/en/kids-boy-l173.html
zara-us:12341830,category:651987f04e3dd3b9,https://www.zara.com/us/en/kids-boy-l173.html
zara-us:05213746,category:651987f04e3dd3b9,https://www.zara.com/us/en/kids-boy-l173.html
zara-us:14322830,category:651987f04e3dd3b9,https://www.zara.com/us/en/kids-boy-l173.html
zara-us:02005709,category:651987f04e3dd3b9,https://www.zara.com/us/en/kids-boy-l173.html
zara-us:13342530,category:651987f04e3dd3b9,https://www.zara.com/us/en/kids-boy-l173.html
zara-us:01821927,category:651987f04e3dd3b9,https://www.zara.com/us/en/kids-boy-l173.html
zara-us:07099788,category:651987f04e3dd3b9,https://www.zara.com/us/en/kids-boy-l173.html
zara-us:00036792,category:651987f04e3dd3b9,https://www.zara.com/us/en/kids-boy-l173.html
zara-us:11409430,category:651987f04e3dd3b9,https://www.zara.com/us/en/kids-boy-l173.html
zara-us:11419830,category:651987f04e3dd3b9,https://www.zara.com/us/en/kids-boy-l173.html
zara-us:11404830,category:651987f04e3dd3b9,https://www.zara.com/us/en/kids-boy-l173.html
zara-us:14210830,category:651987f04e3dd3b9,https://www.zara.com/us/en/kids-boy-l173.html
zara-us:14520830,category:651987f04e3dd3b9,https://www.zara.com/us/en/kids-boy-l173.html
zara-us:14514830,category:651987f04e3dd3b9,https://www.zara.com/us/en/kids-boy-l173.html
zara-us:11466830,category:651987f04e3dd3b9,https://www.zara.com/us/en/kids-boy-l173.html
zara-us:14466830,category:651987f04e3dd3b9,https://www.zara.com/us/en/kids-boy-l173.html
zara-us:06722785,category:651987f04e3dd3b9,https://www.zara.com/us/en/kids-boy-l173.html
zara-us:04729676,category:651987f04e3dd3b9,https://www.zara.com/us/en/kids-boy-l173.html
zara-us:02496790,category:651987f04e3dd3b9,https://www.zara.com/us/en/kids-boy-l173.html
zara-us:08054767,category:651987f04e3dd3b9,https://www.zara.com/us/en/kids-boy-l173.html
zara-us:06224777,category:651987f04e3dd3b9,https://www.zara.com/us/en/kids-boy-l173.html
zara-us:05431664,category:651987f04e3dd3b9,https://www.zara.com/us/en/kids-boy-l173.html
zara-us:11455730,category:651987f04e3dd3b9,https://www.zara.com/us/en/kids-boy-l173.html
zara-us:04676700,category:651987f04e3dd3b9,https://www.zara.com/us/en/kids-boy-l173.html
zara-us:03920738,category:651987f04e3dd3b9,https://www.zara.com/us/en/kids-boy-l173.html
zara-us:11401830,category:651987f04e3dd3b9,https://www.zara.com/us/en/kids-boy-l173.html
zara-us:02496789,category:651987f04e3dd3b9,https://www.zara.com/us/en/kids-boy-l173.html
zara-us:11455830,category:651987f04e3dd3b9,https://www.zara.com/us/en/kids-boy-l173.html
zara-us:04729775,category:651987f04e3dd3b9,https://www.zara.com/us/en/kids-boy-l173.html
zara-us:07878664,category:651987f04e3dd3b9,https://www.zara.com/us/en/kids-boy-l173.html
zara-us:05431658,category:651987f04e3dd3b9,https://www.zara.com/us/en/kids-boy-l173.html
zara-us:20310421,category:651987f04e3dd3b9,https://www.zara.com/us/en/kids-boy-l173.html
zara-us:04770764,category:651987f04e3dd3b9,https://www.zara.com/us/en/kids-boy-l173.html
zara-us:14406830,category:651987f04e3dd3b9,https://www.zara.com/us/en/kids-boy-l173.html
zara-us:03284704,category:651987f04e3dd3b9,https://www.zara.com/us/en/kids-boy-l173.html
zara-us:08054768,category:651987f04e3dd3b9,https://www.zara.com/us/en/kids-boy-l173.html
zara-us:14510830,category:651987f04e3dd3b9,https://www.zara.com/us/en/kids-boy-l173.html
zara-us:06186710,category:651987f04e3dd3b9,https://www.zara.com/us/en/kids-boy-l173.html
zara-us:14600830,category:651987f04e3dd3b9,https://www.zara.com/us/en/kids-boy-l173.html
zara-us:14314830,category:651987f04e3dd3b9,https://www.zara.com/us/en/kids-boy-l173.html
zara-us:01880683,category:651987f04e3dd3b9,https://www.zara.com/us/en/kids-boy-l173.html
zara-us:05431890,category:651987f04e3dd3b9,https://www.zara.com/us/en/kids-boy-l173.html
zara-us:05767680,category:651987f04e3dd3b9,https://www.zara.com/us/en/kids-boy-l173.html
zara-us:04110705,category:651987f04e3dd3b9,https://www.zara.com/us/en/kids-boy-l173.html
zara-us:06068747,category:651987f04e3dd3b9,https://www.zara.com/us/en/kids-boy-l173.html
zara-us:11412830,category:651987f04e3dd3b9,https://www.zara.com/us/en/kids-boy-l173.html
zara-us:09007701,category:651987f04e3dd3b9,https://www.zara.com/us/en/kids-boy-l173.html
zara-us:11457730,category:651987f04e3dd3b9,https://www.zara.com/us/en/kids-boy-l173.html
zara-us:11454830,category:651987f04e3dd3b9,https://www.zara.com/us/en/kids-boy-l173.html
zara-us:11447830,category:651987f04e3dd3b9,https://www.zara.com/us/en/kids-boy-l173.html
zara-us:12443830,category:651987f04e3dd3b9,https://www.zara.com/us/en/kids-boy-l173.html
zara-us:11445830,category:651987f04e3dd3b9,https://www.zara.com/us/en/kids-boy-l173.html
zara-us:06224751,category:651987f04e3dd3b9,https://www.zara.com/us/en/kids-boy-l173.html
zara-us:07243550,category:651987f04e3dd3b9,https://www.zara.com/us/en/kids-boy-l173.html
zara-us:02496553,category:651987f04e3dd3b9,https://www.zara.com/us/en/kids-boy-l173.html
zara-us:14518830,category:651987f04e3dd3b9,https://www.zara.com/us/en/kids-boy-l173.html
zara-us:06085600,category:651987f04e3dd3b9,https://www.zara.com/us/en/kids-boy-l173.html
zara-us:05213799,category:651987f04e3dd3b9,https://www.zara.com/us/en/kids-boy-l173.html
zara-us:11406830,category:651987f04e3dd3b9,https://www.zara.com/us/en/kids-boy-l173.html
zara-us:11414830,category:651987f04e3dd3b9,https://www.zara.com/us/en/kids-boy-l173.html
zara-us:06224695,category:651987f04e3dd3b9,https://www.zara.com/us/en/kids-boy-l173.html
zara-us:06224976,category:651987f04e3dd3b9,https://www.zara.com/us/en/kids-boy-l173.html
zara-us:11405830,category:651987f04e3dd3b9,https://www.zara.com/us/en/kids-boy-l173.html
zara-us:06345880,category:651987f04e3dd3b9,https://www.zara.com/us/en/kids-boy-l173.html
zara-us:01879640,category:651987f04e3dd3b9,https://www.zara.com/us/en/kids-boy-l173.html
zara-us:11411830,category:651987f04e3dd3b9,https://www.zara.com/us/en/kids-boy-l173.html
zara-us:11431830,category:651987f04e3dd3b9,https://www.zara.com/us/en/kids-boy-l173.html
zara-us:06208718,category:651987f04e3dd3b9,https://www.zara.com/us/en/kids-boy-l173.html
zara-us:01492798,category:651987f04e3dd3b9,https://www.zara.com/us/en/kids-boy-l173.html
zara-us:06917989,category:651987f04e3dd3b9,https://www.zara.com/us/en/kids-boy-l173.html
zara-us:11450830,category:651987f04e3dd3b9,https://www.zara.com/us/en/kids-boy-l173.html
zara-us:14706830,category:651987f04e3dd3b9,https://www.zara.com/us/en/kids-boy-l173.html
zara-us:00653798,category:651987f04e3dd3b9,https://www.zara.com/us/en/kids-boy-l173.html
zara-us:06085660,category:651987f04e3dd3b9,https://www.zara.com/us/en/kids-boy-l173.html
zara-us:03854932,category:651987f04e3dd3b9,https://www.zara.com/us/en/kids-boy-l173.html
zara-us:20310509,category:651987f04e3dd3b9,https://www.zara.com/us/en/kids-boy-l173.html
zara-us:11453830,category:651987f04e3dd3b9,https://www.zara.com/us/en/kids-boy-l173.html
zara-us:06068652,category:651987f04e3dd3b9,https://www.zara.com/us/en/kids-boy-l173.html
zara-us:11430830,category:651987f04e3dd3b9,https://www.zara.com/us/en/kids-boy-l173.html
zara-us:05536736,category:651987f04e3dd3b9,https://www.zara.com/us/en/kids-boy-l173.html
zara-us:05213564,category:651987f04e3dd3b9,https://www.zara.com/us/en/kids-boy-l173.html
zara-us:06224764,category:651987f04e3dd3b9,https://www.zara.com/us/en/kids-boy-l173.html
zara-us:11468830,category:651987f04e3dd3b9,https://www.zara.com/us/en/kids-boy-l173.html
zara-us:12201830,category:651987f04e3dd3b9,https://www.zara.com/us/en/kids-boy-l173.html
zara-us:06917996,category:651987f04e3dd3b9,https://www.zara.com/us/en/kids-boy-l173.html
zara-us:11481730,category:651987f04e3dd3b9,https://www.zara.com/us/en/kids-boy-l173.html
zara-us:06224816,category:651987f04e3dd3b9,https://www.zara.com/us/en/kids-boy-l173.html
zara-us:14470830,category:651987f04e3dd3b9,https://www.zara.com/us/en/kids-boy-l173.html
zara-us:14710830,category:651987f04e3dd3b9,https://www.zara.com/us/en/kids-boy-l173.html
zara-us:06224967,category:651987f04e3dd3b9,https://www.zara.com/us/en/kids-boy-l173.html
zara-us:01630702,category:651987f04e3dd3b9,https://www.zara.com/us/en/kids-boy-l173.html
zara-us:06917810,category:651987f04e3dd3b9,https://www.zara.com/us/en/kids-boy-l173.html
zara-us:06917991,category:651987f04e3dd3b9,https://www.zara.com/us/en/kids-boy-l173.html
zara-us:11493830,category:651987f04e3dd3b9,https://www.zara.com/us/en/kids-boy-l173.html
zara-us:14326830,category:651987f04e3dd3b9,https://www.zara.com/us/en/kids-boy-l173.html
zara-us:04805661,category:651987f04e3dd3b9,https://www.zara.com/us/en/kids-boy-l173.html
zara-us:06917990,category:651987f04e3dd3b9,https://www.zara.com/us/en/kids-boy-l173.html
zara-us:06208777,category:651987f04e3dd3b9,https://www.zara.com/us/en/kids-boy-l173.html
zara-us:06917995,category:651987f04e3dd3b9,https://www.zara.com/us/en/kids-boy-l173.html
zara-us:06208618,category:651987f04e3dd3b9,https://www.zara.com/us/en/kids-boy-l173.html
zara-us:00039763,category:651987f04e3dd3b9,https://www.zara.com/us/en/kids-boy-l173.html
zara-us:02326727,category:651987f04e3dd3b9,https://www.zara.com/us/en/kids-boy-l173.html
zara-us:07878742,category:651987f04e3dd3b9,https://www.zara.com/us/en/kids-boy-l173.html
zara-us:14312830,category:651987f04e3dd3b9,https://www.zara.com/us/en/kids-boy-l173.html
zara-us:11492830,category:651987f04e3dd3b9,https://www.zara.com/us/en/kids-boy-l173.html
zara-us:01880781,category:651987f04e3dd3b9,https://www.zara.com/us/en/kids-boy-l173.html
zara-us:03992767,category:651987f04e3dd3b9,https://www.zara.com/us/en/kids-boy-l173.html
zara-us:00562760,category:651987f04e3dd3b9,https://www.zara.com/us/en/kids-boy-l173.html
zara-us:00009548,category:651987f04e3dd3b9,https://www.zara.com/us/en/kids-boy-l173.html
zara-us:08614701,category:651987f04e3dd3b9,https://www.zara.com/us/en/kids-boy-l173.html
zara-us:00962761,category:651987f04e3dd3b9,https://www.zara.com/us/en/kids-boy-l173.html
zara-us:14308830,category:651987f04e3dd3b9,https://www.zara.com/us/en/kids-boy-l173.html
zara-us:04701799,category:651987f04e3dd3b9,https://www.zara.com/us/en/kids-boy-l173.html
zara-us:12446830,category:651987f04e3dd3b9,https://www.zara.com/us/en/kids-boy-l173.html
zara-us:06085760,category:651987f04e3dd3b9,https://www.zara.com/us/en/kids-boy-l173.html
zara-us:11233830,category:651987f04e3dd3b9,https://www.zara.com/us/en/kids-boy-l173.html
zara-us:11491830,category:651987f04e3dd3b9,https://www.zara.com/us/en/kids-boy-l173.html
zara-us:00039667,category:651987f04e3dd3b9,https://www.zara.com/us/en/kids-boy-l173.html
zara-us:11415830,category:651987f04e3dd3b9,https://www.zara.com/us/en/kids-boy-l173.html
zara-us:06208813,category:651987f04e3dd3b9,https://www.zara.com/us/en/kids-boy-l173.html
zara-us:06224696,category:651987f04e3dd3b9,https://www.zara.com/us/en/kids-boy-l173.html
zara-us:06048825,category:651987f04e3dd3b9,https://www.zara.com/us/en/kids-boy-l173.html
zara-us:01880780,category:651987f04e3dd3b9,https://www.zara.com/us/en/kids-boy-l173.html
zara-us:11435830,category:651987f04e3dd3b9,https://www.zara.com/us/en/kids-boy-l173.html
zara-us:14666830,category:651987f04e3dd3b9,https://www.zara.com/us/en/kids-boy-l173.html
zara-us:06917853,category:651987f04e3dd3b9,https://www.zara.com/us/en/kids-boy-l173.html
zara-us:06858702,category:651987f04e3dd3b9,https://www.zara.com/us/en/kids-boy-l173.html
zara-us:05643624,category:651987f04e3dd3b9,https://www.zara.com/us/en/kids-boy-l173.html
zara-us:06208800,category:651987f04e3dd3b9,https://www.zara.com/us/en/kids-boy-l173.html
zara-us:01887703,category:651987f04e3dd3b9,https://www.zara.com/us/en/kids-boy-l173.html
zara-us:00935762,category:651987f04e3dd3b9,https://www.zara.com/us/en/kids-boy-l173.html
zara-us:01879798,category:651987f04e3dd3b9,https://www.zara.com/us/en/kids-boy-l173.html
zara-us:05854769,category:651987f04e3dd3b9,https://www.zara.com/us/en/kids-boy-l173.html
zara-us:03854935,category:651987f04e3dd3b9,https://www.zara.com/us/en/kids-boy-l173.html
zara-us:06917881,category:651987f04e3dd3b9,https://www.zara.com/us/en/kids-boy-l173.html
zara-us:03854913,category:651987f04e3dd3b9,https://www.zara.com/us/en/kids-boy-l173.html
zara-us:03121762,category:651987f04e3dd3b9,https://www.zara.com/us/en/kids-boy-l173.html
zara-us:03854909,category:651987f04e3dd3b9,https://www.zara.com/us/en/kids-boy-l173.html
zara-us:03854905,category:651987f04e3dd3b9,https://www.zara.com/us/en/kids-boy-l173.html
zara-us:05644753,category:651987f04e3dd3b9,https://www.zara.com/us/en/kids-boy-l173.html
zara-us:06208722,category:651987f04e3dd3b9,https://www.zara.com/us/en/kids-boy-l173.html
zara-us:02621700,category:651987f04e3dd3b9,https://www.zara.com/us/en/kids-boy-l173.html
zara-us:14712830,category:651987f04e3dd3b9,https://www.zara.com/us/en/kids-boy-l173.html
zara-us:11457830,category:651987f04e3dd3b9,https://www.zara.com/us/en/kids-boy-l173.html
zara-us:06917993,category:651987f04e3dd3b9,https://www.zara.com/us/en/kids-boy-l173.html
zara-us:05431582,category:651987f04e3dd3b9,https://www.zara.com/us/en/kids-boy-l173.html
zara-us:card-582828062,category:651987f04e3dd3b9,https://www.zara.com/us/en/kids-boy-l173.html
zara-us:11443830,category:651987f04e3dd3b9,https://www.zara.com/us/en/kids-boy-l173.html
zara-us:09967700,category:651987f04e3dd3b9,https://www.zara.com/us/en/kids-boy-l173.html
zara-us:06858701,category:651987f04e3dd3b9,https://www.zara.com/us/en/kids-boy-l173.html
